time_step,molecules_inside
0,800
1,800
2,800
3,800
4,800
5,800
6,800
7,800
8,800
9,800
10,800
11,800
12,800
13,800
14,800
15,800
16,800
17,800
18,800
19,800
20,800
21,800
22,800
23,800
24,800
25,800
26,800
27,800
28,800
29,800
30,800
31,800
32,800
33,800
34,800
35,800
36,800
37,800
38,800
39,800
40,800
41,800
42,800
43,800
44,800
45,800
46,800
47,800
48,800
49,800
50,800
51,800
52,800
53,800
54,800
55,800
56,800
57,800
58,800
59,800
60,800
61,800
62,800
63,800
64,800
65,800
66,800
67,800
68,800
69,800
70,800
71,800
72,800
73,800
74,800
75,800
76,800
77,800
78,800
79,800
80,800
81,800
82,800
83,800
84,800
85,800
86,800
87,800
88,800
89,800
90,800
91,800
92,800
93,800
94,800
95,800
96,800
97,800
98,800
99,800
100,800
101,800
102,800
103,800
104,800
105,800
106,800
107,800
108,800
109,800
110,800
111,800
112,800
113,800
114,800
115,800
116,800
117,800
118,800
119,800
120,800
121,800
122,800
123,800
124,800
125,800
126,800
127,800
128,800
129,800
130,800
131,800
132,800
133,800
134,800
135,800
136,799
137,799
138,799
139,799
140,799
141,799
142,799
143,799
144,799
145,799
146,799
147,799
148,799
149,799
150,799
151,799
152,799
153,799
154,799
155,799
156,799
157,799
158,799
159,798
160,798
161,798
162,798
163,798
164,798
165,798
166,798
167,798
168,798
169,798
170,798
171,798
172,797
173,797
174,797
175,797
176,797
177,797
178,797
179,797
180,797
181,797
182,797
183,797
184,796
185,796
186,796
187,796
188,796
189,796
190,796
191,796
192,796
193,796
194,796
195,795
196,795
197,795
198,795
199,795
200,795
201,795
202,795
203,795
204,795
205,795
206,795
207,795
208,795
209,794
210,794
211,794
212,794
213,794
214,794
215,794
216,794
217,794
218,794
219,794
220,794
221,794
222,794
223,794
224,794
225,794
226,793
227,793
228,793
229,793
230,793
231,793
232,793
233,793
234,793
235,793
236,793
237,793
238,793
239,793
240,793
241,793
242,793
243,792
244,792
245,792
246,790
247,790
248,790
249,790
250,790
251,789
252,789
253,789
254,789
255,789
256,789
257,789
258,788
259,788
260,788
261,787
262,787
263,786
264,785
265,785
266,785
267,785
268,785
269,785
270,785
271,785
272,785
273,785
274,783
275,783
276,783
277,783
278,783
279,783
280,782
281,782
282,782
283,782
284,782
285,782
286,782
287,781
288,781
289,781
290,781
291,781
292,781
293,781
294,781
295,781
296,781
297,781
298,781
299,780
300,780
301,780
302,780
303,780
304,779
305,779
306,779
307,779
308,779
309,779
310,779
311,779
312,779
313,779
314,779
315,779
316,778
317,778
318,778
319,778
320,778
321,778
322,778
323,778
324,778
325,778
326,778
327,778
328,778
329,778
330,778
331,778
332,778
333,778
334,778
335,778
336,778
337,778
338,778
339,778
340,778
341,778
342,778
343,778
344,777
345,777
346,777
347,777
348,777
349,777
350,777
351,777
352,777
353,777
354,777
355,777
356,775
357,775
358,775
359,775
360,775
361,775
362,775
363,775
364,775
365,775
366,775
367,775
368,775
369,775
370,775
371,775
372,775
373,774
374,774
375,774
376,774
377,774
378,774
379,774
380,774
381,773
382,772
383,771
384,771
385,770
386,770
387,770
388,770
389,770
390,770
391,770
392,770
393,770
394,770
395,769
396,769
397,769
398,769
399,769
400,768
401,768
402,768
403,768
404,768
405,768
406,768
407,768
408,768
409,768
410,768
411,768
412,768
413,768
414,768
415,768
416,767
417,767
418,766
419,766
420,766
421,766
422,766
423,766
424,766
425,766
426,766
427,766
428,766
429,766
430,765
431,765
432,765
433,765
434,765
435,765
436,765
437,765
438,765
439,765
440,765
441,765
442,765
443,764
444,764
445,764
446,764
447,764
448,764
449,764
450,764
451,764
452,764
453,764
454,764
455,764
456,763
457,763
458,763
459,763
460,763
461,763
462,763
463,763
464,763
465,763
466,763
467,763
468,763
469,763
470,762
471,761
472,760
473,760
474,760
475,760
476,760
477,760
478,760
479,760
480,760
481,760
482,760
483,760
484,760
485,759
486,759
487,759
488,759
489,759
490,759
491,759
492,759
493,759
494,759
495,758
496,758
497,757
498,757
499,757
500,757
501,757
502,757
503,757
504,757
505,756
506,756
507,756
508,755
509,755
510,755
511,755
512,755
513,755
514,755
515,754
516,754
517,753
518,753
519,753
520,753
521,753
522,753
523,752
524,752
525,752
526,752
527,752
528,752
529,752
530,752
531,752
532,752
533,752
534,752
535,752
536,751
537,751
538,750
539,750
540,750
541,750
542,750
543,749
544,749
545,748
546,748
547,748
548,748
549,748
550,747
551,747
552,747
553,747
554,747
555,747
556,747
557,747
558,747
559,746
560,746
561,746
562,746
563,745
564,745
565,745
566,745
567,745
568,745
569,745
570,745
571,745
572,744
573,744
574,744
575,744
576,744
577,744
578,744
579,744
580,744
581,744
582,744
583,744
584,744
585,744
586,744
587,744
588,744
589,744
590,744
591,744
592,744
593,743
594,743
595,743
596,743
597,743
598,743
599,743
600,743
601,742
602,742
603,742
604,742
605,741
606,741
607,741
608,741
609,741
610,741
611,741
612,741
613,741
614,741
615,741
616,741
617,741
618,741
619,741
620,741
621,741
622,741
623,741
624,741
625,741
626,741
627,741
628,741
629,740
630,740
631,740
632,740
633,740
634,740
635,740
636,740
637,740
638,740
639,740
640,740
641,740
642,740
643,740
644,740
645,739
646,739
647,739
648,739
649,739
650,739
651,739
652,739
653,739
654,739
655,739
656,739
657,739
658,739
659,739
660,739
661,739
662,739
663,739
664,739
665,739
666,739
667,739
668,739
669,739
670,739
671,739
672,738
673,738
674,738
675,738
676,738
677,738
678,738
679,738
680,738
681,738
682,738
683,738
684,738
685,738
686,738
687,738
688,738
689,738
690,738
691,738
692,738
693,738
694,738
695,738
696,738
697,738
698,738
699,738
700,738
701,738
702,738
703,738
704,738
705,738
706,738
707,738
708,738
709,738
710,737
711,737
712,737
713,737
714,737
715,737
716,737
717,737
718,737
719,737
720,737
721,737
722,737
723,737
724,737
725,737
726,737
727,736
728,736
729,736
730,736
731,734
732,734
733,734
734,732
735,732
736,732
737,732
738,731
739,731
740,731
741,731
742,730
743,730
744,730
745,730
746,730
747,729
748,729
749,729
750,729
751,729
752,729
753,729
754,729
755,729
756,729
757,729
758,729
759,729
760,729
761,729
762,729
763,729
764,729
765,729
766,729
767,729
768,729
769,729
770,729
771,729
772,729
773,729
774,729
775,729
776,729
777,728
778,728
779,728
780,728
781,728
782,728
783,728
784,728
785,728
786,727
787,727
788,727
789,727
790,727
791,727
792,727
793,727
794,727
795,727
796,727
797,727
798,726
799,726
800,726
801,726
802,726
803,726
804,726
805,726
806,726
807,726
808,725
809,725
810,725
811,725
812,724
813,724
814,724
815,723
816,723
817,723
818,723
819,723
820,723
821,723
822,723
823,723
824,723
825,723
826,723
827,723
828,723
829,723
830,723
831,723
832,723
833,723
834,723
835,723
836,723
837,723
838,723
839,723
840,723
841,723
842,723
843,723
844,723
845,723
846,722
847,722
848,722
849,722
850,722
851,722
852,722
853,721
854,721
855,721
856,721
857,721
858,720
859,720
860,720
861,720
862,720
863,720
864,720
865,720
866,719
867,718
868,718
869,717
870,717
871,717
872,717
873,717
874,717
875,716
876,715
877,715
878,715
879,715
880,715
881,715
882,715
883,715
884,715
885,715
886,715
887,715
888,715
889,715
890,715
891,715
892,715
893,715
894,715
895,715
896,714
897,714
898,714
899,714
900,714
901,714
902,714
903,714
904,714
905,714
906,714
907,714
908,714
909,714
910,714
911,714
912,714
913,714
914,714
915,714
916,714
917,713
918,713
919,713
920,713
921,713
922,713
923,713
924,713
925,713
926,713
927,713
928,713
929,713
930,713
931,713
932,713
933,713
934,713
935,713
936,713
937,713
938,713
939,713
940,713
941,713
942,713
943,713
944,713
945,713
946,713
947,713
948,713
949,713
950,713
951,713
952,713
953,713
954,713
955,713
956,713
957,713
958,713
959,713
960,713
961,713
962,713
963,713
964,713
965,713
966,713
967,713
968,713
969,713
970,713
971,713
972,713
973,713
974,713
975,712
976,712
977,712
978,712
979,712
980,712
981,712
982,712
983,712
984,712
985,712
986,712
987,711
988,711
989,711
990,711
991,711
992,711
993,711
994,711
995,711
996,711
997,711
998,711
999,711
1000,710
1001,710
1002,710
1003,709
1004,709
1005,709
1006,709
1007,709
1008,709
1009,709
1010,709
1011,709
1012,709
1013,709
1014,709
1015,709
1016,709
1017,709
1018,709
1019,709
1020,709
1021,709
1022,709
1023,709
1024,709
1025,709
1026,708
1027,708
1028,708
1029,708
1030,708
1031,708
1032,708
1033,708
1034,708
1035,708
1036,708
1037,707
1038,707
1039,707
1040,707
1041,707
1042,707
1043,707
1044,707
1045,707
1046,706
1047,706
1048,706
1049,706
1050,706
1051,706
1052,706
1053,706
1054,706
1055,706
1056,706
1057,706
1058,706
1059,706
1060,706
1061,706
1062,706
1063,705
1064,705
1065,705
1066,705
1067,705
1068,705
1069,705
1070,705
1071,705
1072,705
1073,705
1074,705
1075,705
1076,705
1077,705
1078,705
1079,705
1080,705
1081,704
1082,704
1083,703
1084,703
1085,703
1086,703
1087,702
1088,702
1089,702
1090,702
1091,702
1092,702
1093,701
1094,701
1095,701
1096,701
1097,699
1098,699
1099,699
1100,699
1101,699
1102,699
1103,699
1104,699
1105,699
1106,699
1107,698
1108,698
1109,698
1110,698
1111,698
1112,697
1113,697
1114,696
1115,696
1116,696
1117,695
1118,695
1119,695
1120,695
1121,694
1122,694
1123,694
1124,694
1125,694
1126,694
1127,694
1128,694
1129,694
1130,692
1131,692
1132,692
1133,692
1134,692
1135,692
1136,692
1137,692
1138,692
1139,692
1140,692
1141,692
1142,692
1143,692
1144,692
1145,692
1146,692
1147,692
1148,692
1149,692
1150,692
1151,692
1152,692
1153,692
1154,691
1155,691
1156,691
1157,691
1158,691
1159,691
1160,691
1161,691
1162,690
1163,690
1164,690
1165,690
1166,690
1167,690
1168,690
1169,690
1170,690
1171,689
1172,689
1173,689
1174,689
1175,689
1176,689
1177,688
1178,688
1179,688
1180,688
1181,688
1182,688
1183,688
1184,688
1185,688
1186,688
1187,688
1188,688
1189,688
1190,688
1191,688
1192,688
1193,688
1194,688
1195,688
1196,688
1197,688
1198,688
1199,688
1200,688
1201,688
1202,687
1203,687
1204,687
1205,687
1206,687
1207,687
1208,687
1209,687
1210,687
1211,687
1212,686
1213,686
1214,686
1215,686
1216,686
1217,686
1218,686
1219,686
1220,686
1221,686
1222,686
1223,686
1224,686
1225,686
1226,686
1227,686
1228,686
1229,686
1230,686
1231,686
1232,686
1233,686
1234,686
1235,686
1236,686
1237,686
1238,686
1239,686
1240,686
1241,685
1242,685
1243,685
1244,685
1245,685
1246,685
1247,685
1248,685
1249,685
1250,685
1251,685
1252,685
1253,685
1254,685
1255,685
1256,685
1257,685
1258,685
1259,685
1260,685
1261,685
1262,685
1263,685
1264,685
1265,685
1266,685
1267,685
1268,685
1269,685
1270,685
1271,685
1272,685
1273,685
1274,685
1275,685
1276,685
1277,685
1278,684
1279,684
1280,684
1281,683
1282,683
1283,683
1284,683
1285,683
1286,683
1287,683
1288,683
1289,683
1290,683
1291,683
1292,683
1293,683
1294,683
1295,683
1296,682
1297,682
1298,682
1299,682
1300,681
1301,681
1302,680
1303,680
1304,680
1305,680
1306,680
1307,680
1308,680
1309,680
1310,680
1311,680
1312,680
1313,680
1314,680
1315,680
1316,680
1317,680
1318,680
1319,680
1320,680
1321,680
1322,680
1323,679
1324,679
1325,679
1326,679
1327,679
1328,678
1329,678
1330,678
1331,678
1332,677
1333,677
1334,677
1335,677
1336,677
1337,676
1338,676
1339,676
1340,676
1341,676
1342,676
1343,676
1344,676
1345,676
1346,676
1347,676
1348,676
1349,676
1350,676
1351,676
1352,676
1353,676
1354,676
1355,675
1356,675
1357,675
1358,674
1359,673
1360,673
1361,673
1362,673
1363,673
1364,673
1365,673
1366,673
1367,673
1368,673
1369,673
1370,673
1371,673
1372,673
1373,673
1374,673
1375,673
1376,673
1377,673
1378,672
1379,672
1380,672
1381,672
1382,672
1383,672
1384,672
1385,671
1386,671
1387,671
1388,671
1389,671
1390,670
1391,670
1392,670
1393,670
1394,669
1395,669
1396,669
1397,669
1398,669
1399,669
1400,669
1401,669
1402,669
1403,669
1404,669
1405,669
1406,669
1407,669
1408,669
1409,669
1410,669
1411,669
1412,669
1413,669
1414,669
1415,669
1416,669
1417,669
1418,669
1419,669
1420,669
1421,669
1422,669
1423,669
1424,669
1425,668
1426,667
1427,667
1428,667
1429,667
1430,667
1431,667
1432,667
1433,667
1434,667
1435,667
1436,667
1437,667
1438,667
1439,667
1440,667
1441,667
1442,667
1443,667
1444,667
1445,667
1446,667
1447,667
1448,666
1449,666
1450,666
1451,666
1452,666
1453,666
1454,665
1455,665
1456,665
1457,665
1458,665
1459,665
1460,664
1461,663
1462,663
1463,663
1464,662
1465,662
1466,662
1467,662
1468,662
1469,662
1470,662
1471,662
1472,662
1473,662
1474,662
1475,662
1476,662
1477,662
1478,662
1479,662
1480,662
1481,662
1482,662
1483,662
1484,662
1485,662
1486,662
1487,662
1488,661
1489,661
1490,661
1491,661
1492,660
1493,660
1494,660
1495,660
1496,660
1497,660
1498,660
1499,660
1500,660
1501,660
1502,660
1503,660
1504,660
1505,660
1506,660
1507,660
1508,659
1509,659
1510,659
1511,659
1512,659
1513,659
1514,659
1515,658
1516,658
1517,658
1518,658
1519,658
1520,658
1521,658
1522,658
1523,658
1524,658
1525,658
1526,658
1527,658
1528,658
1529,658
1530,658
1531,657
1532,657
1533,657
1534,657
1535,657
1536,657
1537,657
1538,657
1539,657
1540,657
1541,657
1542,657
1543,657
1544,657
1545,657
1546,657
1547,657
1548,657
1549,657
1550,657
1551,657
1552,657
1553,657
1554,657
1555,657
1556,657
1557,657
1558,657
1559,657
1560,657
1561,657
1562,657
1563,657
1564,657
1565,657
1566,657
1567,657
1568,657
1569,657
1570,657
1571,657
1572,657
1573,657
1574,657
1575,657
1576,656
1577,656
1578,656
1579,656
1580,656
1581,656
1582,656
1583,656
1584,655
1585,655
1586,655
1587,655
1588,655
1589,655
1590,655
1591,655
1592,655
1593,655
1594,655
1595,655
1596,654
1597,654
1598,654
1599,654
1600,653
1601,653
1602,653
1603,653
1604,653
1605,653
1606,653
1607,653
1608,653
1609,653
1610,653
1611,653
1612,653
1613,653
1614,653
1615,653
1616,653
1617,653
1618,653
1619,653
1620,653
1621,653
1622,653
1623,653
1624,653
1625,652
1626,652
1627,652
1628,652
1629,652
1630,652
1631,652
1632,652
1633,652
1634,652
1635,652
1636,652
1637,652
1638,652
1639,652
1640,651
1641,650
1642,650
1643,650
1644,650
1645,650
1646,650
1647,650
1648,650
1649,650
1650,650
1651,650
1652,650
1653,650
1654,650
1655,650
1656,650
1657,650
1658,650
1659,650
1660,650
1661,650
1662,650
1663,650
1664,650
1665,650
1666,650
1667,650
1668,650
1669,650
1670,650
1671,650
1672,650
1673,650
1674,650
1675,650
1676,650
1677,650
1678,650
1679,650
1680,650
1681,650
1682,650
1683,650
1684,650
1685,650
1686,650
1687,650
1688,649
1689,649
1690,649
1691,649
1692,649
1693,649
1694,649
1695,648
1696,648
1697,648
1698,648
1699,648
1700,648
1701,648
1702,648
1703,648
1704,648
1705,648
1706,648
1707,648
1708,648
1709,648
1710,648
1711,648
1712,648
1713,648
1714,648
1715,648
1716,648
1717,648
1718,648
1719,648
1720,648
1721,648
1722,648
1723,648
1724,648
1725,648
1726,648
1727,648
1728,648
1729,648
1730,648
1731,648
1732,648
1733,648
1734,648
1735,648
1736,648
1737,648
1738,647
1739,647
1740,646
1741,646
1742,646
1743,646
1744,646
1745,646
1746,646
1747,646
1748,646
1749,646
1750,646
1751,646
1752,646
1753,646
1754,646
1755,646
1756,646
1757,646
1758,646
1759,646
1760,646
1761,646
1762,646
1763,646
1764,646
1765,645
1766,645
1767,645
1768,645
1769,645
1770,644
1771,644
1772,644
1773,644
1774,644
1775,643
1776,643
1777,643
1778,643
1779,643
1780,643
1781,643
1782,643
1783,643
1784,643
1785,643
1786,643
1787,643
1788,643
1789,643
1790,643
1791,643
1792,643
1793,643
1794,643
1795,643
1796,643
1797,643
1798,643
1799,643
1800,643
1801,643
1802,643
1803,643
1804,643
1805,643
1806,643
1807,643
1808,643
1809,643
1810,643
1811,643
1812,643
1813,643
1814,643
1815,643
1816,643
1817,643
1818,643
1819,643
1820,643
1821,643
1822,643
1823,643
1824,643
1825,643
1826,643
1827,643
1828,643
1829,643
1830,643
1831,643
1832,643
1833,643
1834,643
1835,643
1836,643
1837,643
1838,643
1839,643
1840,642
1841,642
1842,642
1843,642
1844,642
1845,642
1846,642
1847,642
1848,642
1849,642
1850,641
1851,641
1852,641
1853,641
1854,641
1855,641
1856,641
1857,641
1858,640
1859,640
1860,640
1861,640
1862,640
1863,640
1864,640
1865,639
1866,638
1867,638
1868,638
1869,638
1870,638
1871,638
1872,638
1873,638
1874,638
1875,638
1876,638
1877,638
1878,638
1879,638
1880,638
1881,637
1882,637
1883,637
1884,637
1885,637
1886,637
1887,637
1888,637
1889,637
1890,637
1891,637
1892,637
1893,637
1894,637
1895,637
1896,637
1897,637
1898,637
1899,637
1900,637
1901,637
1902,637
1903,637
1904,637
1905,637
1906,637
1907,637
1908,637
1909,637
1910,637
1911,637
1912,637
1913,637
1914,637
1915,637
1916,637
1917,637
1918,637
1919,637
1920,637
1921,637
1922,637
1923,637
1924,637
1925,637
1926,637
1927,637
1928,637
1929,637
1930,637
1931,637
1932,637
1933,637
1934,637
1935,637
1936,637
1937,637
1938,637
1939,637
1940,637
1941,637
1942,637
1943,637
1944,637
1945,637
1946,637
1947,637
1948,637
1949,637
1950,637
1951,637
1952,637
1953,637
1954,637
1955,637
1956,637
1957,637
1958,637
1959,637
1960,636
1961,636
1962,635
1963,634
1964,634
1965,634
1966,634
1967,634
1968,634
1969,634
1970,634
1971,634
1972,634
1973,634
1974,634
1975,634
1976,634
1977,634
1978,634
1979,634
1980,634
1981,634
1982,634
1983,634
1984,634
1985,634
1986,634
1987,634
1988,634
1989,633
1990,633
1991,633
1992,633
1993,633
1994,633
1995,633
1996,633
1997,633
1998,633
1999,633
2000,633
2001,633
2002,633
2003,633
2004,633
2005,633
2006,633
2007,633
2008,633
2009,633
2010,633
2011,633
2012,633
2013,633
2014,633
2015,633
2016,633
2017,633
2018,633
2019,633
2020,633
2021,633
2022,632
2023,632
2024,632
2025,632
2026,632
2027,631
2028,630
2029,630
2030,630
2031,630
2032,630
2033,630
2034,630
2035,630
2036,630
2037,630
2038,630
2039,630
2040,630
2041,630
2042,630
2043,630
2044,630
2045,630
2046,630
2047,630
2048,630
2049,630
2050,630
2051,630
2052,630
2053,630
2054,630
2055,630
2056,630
2057,630
2058,630
2059,630
2060,630
2061,630
2062,630
2063,630
2064,630
2065,630
2066,629
2067,629
2068,629
2069,629
2070,629
2071,629
2072,629
2073,629
2074,629
2075,628
2076,628
2077,628
2078,628
2079,628
2080,628
2081,628
2082,628
2083,627
2084,627
2085,627
2086,627
2087,627
2088,627
2089,627
2090,627
2091,627
2092,627
2093,627
2094,627
2095,627
2096,627
2097,626
2098,626
2099,626
2100,626
2101,626
2102,626
2103,625
2104,625
2105,625
2106,625
2107,625
2108,625
2109,625
2110,625
2111,625
2112,624
2113,624
2114,624
2115,624
2116,624
2117,624
2118,624
2119,624
2120,624
2121,624
2122,624
2123,624
2124,624
2125,624
2126,624
2127,624
2128,624
2129,624
2130,624
2131,624
2132,624
2133,624
2134,624
2135,624
2136,624
2137,624
2138,624
2139,624
2140,624
2141,624
2142,624
2143,624
2144,624
2145,624
2146,624
2147,624
2148,624
2149,624
2150,624
2151,624
2152,624
2153,624
2154,624
2155,624
2156,624
2157,624
2158,624
2159,623
2160,623
2161,623
2162,623
2163,623
2164,623
2165,623
2166,623
2167,623
2168,622
2169,622
2170,622
2171,622
2172,622
2173,622
2174,622
2175,622
2176,622
2177,622
2178,622
2179,622
2180,622
2181,622
2182,622
2183,622
2184,622
2185,622
2186,622
2187,622
2188,622
2189,622
2190,622
2191,622
2192,622
2193,622
2194,621
2195,621
2196,621
2197,621
2198,621
2199,621
2200,621
2201,621
2202,621
2203,621
2204,621
2205,621
2206,621
2207,621
2208,621
2209,621
2210,621
2211,621
2212,621
2213,621
2214,621
2215,621
2216,621
2217,620
2218,620
2219,620
2220,620
2221,620
2222,620
2223,620
2224,620
2225,620
2226,620
2227,620
2228,620
2229,620
2230,620
2231,620
2232,620
2233,619
2234,619
2235,619
2236,619
2237,619
2238,619
2239,619
2240,619
2241,619
2242,618
2243,618
2244,618
2245,618
2246,618
2247,618
2248,618
2249,618
2250,618
2251,618
2252,618
2253,617
2254,617
2255,617
2256,617
2257,617
2258,617
2259,617
2260,617
2261,617
2262,617
2263,617
2264,617
2265,617
2266,617
2267,617
2268,617
2269,617
2270,617
2271,617
2272,617
2273,617
2274,617
2275,617
2276,617
2277,617
2278,617
2279,617
2280,617
2281,617
2282,617
2283,617
2284,617
2285,617
2286,617
2287,617
2288,617
2289,617
2290,617
2291,617
2292,617
2293,617
2294,617
2295,617
2296,617
2297,617
2298,617
2299,617
2300,617
2301,617
2302,617
2303,617
2304,616
2305,616
2306,616
2307,616
2308,615
2309,615
2310,615
2311,615
2312,614
2313,614
2314,614
2315,613
2316,613
2317,613
2318,613
2319,613
2320,613
2321,613
2322,613
2323,613
2324,613
2325,613
2326,613
2327,613
2328,613
2329,613
2330,613
2331,613
2332,613
2333,613
2334,613
2335,613
2336,613
2337,613
2338,613
2339,613
2340,612
2341,612
2342,612
2343,612
2344,612
2345,612
2346,612
2347,612
2348,612
2349,612
2350,612
2351,612
2352,612
2353,612
2354,612
2355,612
2356,612
2357,612
2358,612
2359,612
2360,612
2361,612
2362,612
2363,612
2364,612
2365,612
2366,612
2367,612
2368,612
2369,612
2370,612
2371,611
2372,611
2373,611
2374,611
2375,611
2376,611
2377,611
2378,611
2379,611
2380,611
2381,611
2382,611
2383,611
2384,611
2385,611
2386,611
2387,611
2388,611
2389,611
2390,611
2391,611
2392,611
2393,610
2394,610
2395,610
2396,609
2397,609
2398,609
2399,609
2400,609
2401,609
2402,609
2403,609
2404,609
2405,609
2406,609
2407,609
2408,609
2409,609
2410,609
2411,609
2412,609
2413,609
2414,609
2415,609
2416,609
2417,609
2418,609
2419,609
2420,609
2421,609
2422,609
2423,609
2424,609
2425,609
2426,609
2427,609
2428,609
2429,609
2430,609
2431,609
2432,609
2433,609
2434,609
2435,609
2436,609
2437,609
2438,609
2439,609
2440,609
2441,609
2442,609
2443,609
2444,609
2445,609
2446,609
2447,609
2448,608
2449,608
2450,608
2451,608
2452,608
2453,608
2454,608
2455,608
2456,608
2457,608
2458,608
2459,608
2460,608
2461,608
2462,608
2463,608
2464,608
2465,608
2466,608
2467,608
2468,608
2469,608
2470,608
2471,608
2472,608
2473,608
2474,608
2475,608
2476,608
2477,607
2478,607
2479,607
2480,607
2481,607
2482,607
2483,607
2484,607
2485,606
2486,606
2487,606
2488,606
2489,606
2490,606
2491,606
2492,606
2493,606
2494,606
2495,606
2496,606
2497,606
2498,606
2499,606
2500,606
2501,606
2502,606
2503,606
2504,606
2505,606
2506,606
2507,606
2508,606
2509,606
2510,606
2511,606
2512,606
2513,606
2514,606
2515,606
2516,606
2517,606
2518,606
2519,604
2520,604
2521,604
2522,604
2523,604
2524,604
2525,604
2526,604
2527,604
2528,604
2529,604
2530,604
2531,604
2532,604
2533,604
2534,604
2535,604
2536,604
2537,603
2538,603
2539,603
2540,603
2541,603
2542,603
2543,602
2544,602
2545,602
2546,602
2547,602
2548,602
2549,601
2550,601
2551,600
2552,600
2553,600
2554,600
2555,600
2556,600
2557,600
2558,600
2559,599
2560,599
2561,598
2562,598
2563,598
2564,598
2565,598
2566,598
2567,598
2568,598
2569,598
2570,598
2571,598
2572,598
2573,598
2574,598
2575,598
2576,598
2577,598
2578,598
2579,598
2580,597
2581,597
2582,597
2583,597
2584,596
2585,596
2586,596
2587,596
2588,596
2589,596
2590,595
2591,595
2592,595
2593,595
2594,595
2595,595
2596,595
2597,595
2598,595
2599,595
2600,595
2601,595
2602,595
2603,595
2604,595
2605,595
2606,595
2607,595
2608,595
2609,595
2610,595
2611,595
2612,595
2613,595
2614,595
2615,595
2616,595
2617,595
2618,595
2619,595
2620,595
2621,595
2622,595
2623,595
2624,595
2625,595
2626,595
2627,595
2628,595
2629,595
2630,595
2631,595
2632,595
2633,593
2634,593
2635,593
2636,593
2637,593
2638,593
2639,593
2640,593
2641,593
2642,593
2643,593
2644,593
2645,593
2646,593
2647,593
2648,593
2649,593
2650,593
2651,593
2652,593
2653,593
2654,593
2655,593
2656,593
2657,593
2658,593
2659,593
2660,592
2661,592
2662,592
2663,592
2664,592
2665,592
2666,592
2667,592
2668,592
2669,591
2670,591
2671,591
2672,591
2673,591
2674,591
2675,591
2676,591
2677,591
2678,591
2679,591
2680,591
2681,591
2682,591
2683,591
2684,591
2685,591
2686,591
2687,591
2688,591
2689,590
2690,590
2691,589
2692,589
2693,589
2694,588
2695,588
2696,588
2697,588
2698,588
2699,588
2700,588
2701,588
2702,588
2703,588
2704,588
2705,588
2706,588
2707,588
2708,588
2709,588
2710,588
2711,588
2712,588
2713,586
2714,586
2715,586
2716,585
2717,585
2718,585
2719,585
2720,585
2721,585
2722,585
2723,585
2724,585
2725,585
2726,585
2727,585
2728,585
2729,585
2730,585
2731,585
2732,585
2733,585
2734,585
2735,585
2736,585
2737,584
2738,584
2739,584
2740,584
2741,584
2742,584
2743,584
2744,584
2745,584
2746,584
2747,584
2748,584
2749,584
2750,584
2751,583
2752,583
2753,583
2754,583
2755,583
2756,583
2757,582
2758,582
2759,582
2760,582
2761,582
2762,582
2763,582
2764,582
2765,582
2766,582
2767,582
2768,582
2769,582
2770,582
2771,582
2772,582
2773,582
2774,582
2775,581
2776,581
2777,581
2778,581
2779,581
2780,581
2781,581
2782,581
2783,581
2784,581
2785,581
2786,581
2787,581
2788,581
2789,581
2790,581
2791,581
2792,581
2793,580
2794,580
2795,580
2796,580
2797,580
2798,580
2799,580
2800,580
2801,580
2802,580
2803,580
2804,580
2805,580
2806,580
2807,580
2808,580
2809,580
2810,580
2811,580
2812,580
2813,580
2814,580
2815,579
2816,578
2817,578
2818,578
2819,578
2820,578
2821,578
2822,578
2823,578
2824,578
2825,578
2826,578
2827,578
2828,577
2829,577
2830,577
2831,576
2832,576
2833,576
2834,576
2835,576
2836,576
2837,576
2838,576
2839,576
2840,576
2841,576
2842,576
2843,576
2844,576
2845,576
2846,576
2847,576
2848,576
2849,576
2850,576
2851,576
2852,576
2853,576
2854,576
2855,576
2856,576
2857,576
2858,576
2859,576
2860,576
2861,576
2862,576
2863,576
2864,576
2865,576
2866,576
2867,576
2868,576
2869,576
2870,576
2871,576
2872,576
2873,576
2874,576
2875,576
2876,576
2877,576
2878,576
2879,576
2880,576
2881,576
2882,576
2883,576
2884,576
2885,576
2886,576
2887,576
2888,576
2889,576
2890,576
2891,576
2892,576
2893,576
2894,576
2895,576
2896,576
2897,576
2898,576
2899,576
2900,576
2901,576
2902,576
2903,576
2904,576
2905,576
2906,576
2907,576
2908,576
2909,576
2910,576
2911,576
2912,576
2913,576
2914,576
2915,576
2916,576
2917,576
2918,575
2919,575
2920,575
2921,575
2922,575
2923,575
2924,575
2925,575
2926,575
2927,575
2928,575
2929,575
2930,575
2931,575
2932,575
2933,575
2934,575
2935,575
2936,575
2937,575
2938,574
2939,574
2940,574
2941,573
2942,573
2943,573
2944,573
2945,573
2946,572
2947,572
2948,572
2949,572
2950,572
2951,572
2952,572
2953,572
2954,572
2955,572
2956,572
2957,572
2958,572
2959,571
2960,571
2961,571
2962,571
2963,571
2964,571
2965,571
2966,571
2967,571
2968,571
2969,571
2970,571
2971,571
2972,571
2973,571
2974,571
2975,571
2976,571
2977,570
2978,570
2979,570
2980,570
2981,570
2982,570
2983,570
2984,570
2985,570
2986,570
2987,570
2988,570
2989,570
2990,570
2991,570
2992,570
2993,570
2994,570
2995,570
2996,570
2997,570
2998,570
2999,570
3000,570
3001,570
3002,570
3003,570
3004,570
3005,570
3006,570
3007,570
3008,570
3009,570
3010,569
3011,569
3012,569
3013,569
3014,569
3015,569
3016,568
3017,567
3018,567
3019,567
3020,567
3021,567
3022,567
3023,567
3024,566
3025,566
3026,566
3027,566
3028,566
3029,566
3030,566
3031,566
3032,566
3033,566
3034,566
3035,566
3036,566
3037,566
3038,566
3039,566
3040,566
3041,566
3042,566
3043,566
3044,566
3045,566
3046,566
3047,566
3048,566
3049,566
3050,566
3051,566
3052,566
3053,566
3054,566
3055,565
3056,565
3057,565
3058,565
3059,565
3060,565
3061,564
3062,564
3063,564
3064,564
3065,564
3066,564
3067,564
3068,564
3069,563
3070,563
3071,563
3072,563
3073,563
3074,563
3075,563
3076,563
3077,563
3078,563
3079,563
3080,563
3081,563
3082,563
3083,563
3084,563
3085,563
3086,562
3087,562
3088,562
3089,562
3090,562
3091,562
3092,561
3093,561
3094,561
3095,561
3096,561
3097,561
3098,561
3099,561
3100,561
3101,561
3102,561
3103,561
3104,561
3105,559
3106,559
3107,558
3108,558
3109,558
3110,558
3111,558
3112,558
3113,558
3114,558
3115,558
3116,558
3117,558
3118,558
3119,558
3120,558
3121,558
3122,558
3123,558
3124,558
3125,557
3126,557
3127,557
3128,557
3129,556
3130,556
3131,556
3132,556
3133,556
3134,556
3135,556
3136,555
3137,555
3138,555
3139,555
3140,555
3141,555
3142,555
3143,555
3144,555
3145,555
3146,555
3147,555
3148,555
3149,555
3150,555
3151,555
3152,555
3153,555
3154,555
3155,555
3156,555
3157,555
3158,555
3159,555
3160,555
3161,555
3162,555
3163,554
3164,554
3165,554
3166,554
3167,554
3168,554
3169,554
3170,554
3171,554
3172,554
3173,554
3174,554
3175,554
3176,554
3177,554
3178,554
3179,554
3180,554
3181,554
3182,554
3183,554
3184,554
3185,554
3186,554
3187,554
3188,554
3189,554
3190,554
3191,554
3192,554
3193,554
3194,554
3195,554
3196,553
3197,553
3198,553
3199,553
3200,553
3201,553
3202,553
3203,553
3204,553
3205,553
3206,553
3207,553
3208,553
3209,553
3210,553
3211,553
3212,553
3213,553
3214,553
3215,553
3216,553
3217,553
3218,553
3219,553
3220,553
3221,553
3222,553
3223,553
3224,553
3225,553
3226,553
3227,553
3228,553
3229,553
3230,553
3231,553
3232,553
3233,553
3234,553
3235,553
3236,553
3237,553
3238,553
3239,553
3240,553
3241,553
3242,553
3243,552
3244,552
3245,552
3246,551
3247,551
3248,551
3249,551
3250,551
3251,551
3252,551
3253,551
3254,551
3255,551
3256,551
3257,551
3258,551
3259,551
3260,551
3261,550
3262,550
3263,550
3264,550
3265,550
3266,550
3267,550
3268,550
3269,550
3270,550
3271,550
3272,550
3273,550
3274,550
3275,550
3276,550
3277,550
3278,550
3279,550
3280,550
3281,550
3282,550
3283,550
3284,550
3285,550
3286,550
3287,550
3288,550
3289,550
3290,550
3291,550
3292,550
3293,550
3294,550
3295,550
3296,550
3297,550
3298,550
3299,550
3300,550
3301,549
3302,549
3303,549
3304,549
3305,549
3306,549
3307,549
3308,549
3309,549
3310,549
3311,549
3312,549
3313,549
3314,549
3315,549
3316,549
3317,549
3318,549
3319,549
3320,548
3321,548
3322,548
3323,548
3324,548
3325,548
3326,548
3327,548
3328,548
3329,548
3330,548
3331,548
3332,548
3333,548
3334,548
3335,548
3336,548
3337,548
3338,548
3339,548
3340,548
3341,548
3342,548
3343,548
3344,548
3345,548
3346,548
3347,548
3348,548
3349,548
3350,548
3351,548
3352,548
3353,548
3354,548
3355,548
3356,546
3357,546
3358,546
3359,546
3360,546
3361,546
3362,546
3363,546
3364,546
3365,546
3366,545
3367,545
3368,545
3369,545
3370,545
3371,545
3372,545
3373,544
3374,543
3375,543
3376,543
3377,543
3378,543
3379,543
3380,543
3381,543
3382,543
3383,543
3384,543
3385,543
3386,542
3387,542
3388,542
3389,542
3390,541
3391,539
3392,539
3393,539
3394,539
3395,539
3396,538
3397,538
3398,538
3399,538
3400,538
3401,538
3402,538
3403,538
3404,538
3405,538
3406,537
3407,537
3408,537
3409,537
3410,537
3411,537
3412,537
3413,537
3414,536
3415,536
3416,536
3417,536
3418,535
3419,535
3420,535
3421,534
3422,534
3423,534
3424,534
3425,534
3426,534
3427,534
3428,534
3429,534
3430,534
3431,534
3432,534
3433,534
3434,534
3435,534
3436,534
3437,534
3438,534
3439,534
3440,534
3441,534
3442,534
3443,534
3444,534
3445,534
3446,534
3447,534
3448,534
3449,534
3450,534
3451,534
3452,534
3453,534
3454,534
3455,534
3456,534
3457,534
3458,534
3459,534
3460,534
3461,534
3462,534
3463,534
3464,534
3465,534
3466,534
3467,534
3468,534
3469,534
3470,534
3471,534
3472,534
3473,534
3474,534
3475,534
3476,534
3477,534
3478,534
3479,534
3480,534
3481,534
3482,534
3483,534
3484,534
3485,534
3486,534
3487,534
3488,534
3489,534
3490,534
3491,534
3492,534
3493,534
3494,534
3495,534
3496,534
3497,534
3498,534
3499,534
3500,534
3501,534
3502,534
3503,534
3504,534
3505,534
3506,534
3507,534
3508,534
3509,534
3510,533
3511,532
3512,532
3513,532
3514,532
3515,532
3516,532
3517,532
3518,532
3519,532
3520,532
3521,532
3522,532
3523,532
3524,532
3525,532
3526,532
3527,532
3528,532
3529,531
3530,531
3531,531
3532,531
3533,531
3534,531
3535,531
3536,531
3537,531
3538,531
3539,531
3540,531
3541,531
3542,531
3543,531
3544,531
3545,531
3546,531
3547,531
3548,530
3549,530
3550,529
3551,529
3552,529
3553,529
3554,529
3555,529
3556,529
3557,529
3558,529
3559,528
3560,528
3561,528
3562,528
3563,528
3564,528
3565,528
3566,528
3567,528
3568,528
3569,528
3570,528
3571,528
3572,528
3573,528
3574,528
3575,528
3576,528
3577,528
3578,528
3579,528
3580,528
3581,527
3582,527
3583,527
3584,527
3585,527
3586,527
3587,527
3588,527
3589,527
3590,527
3591,527
3592,527
3593,527
3594,527
3595,527
3596,527
3597,527
3598,527
3599,527
3600,527
3601,527
3602,527
3603,527
3604,527
3605,527
3606,527
3607,526
3608,526
3609,526
3610,526
3611,526
3612,526
3613,526
3614,526
3615,526
3616,526
3617,525
3618,525
3619,525
3620,525
3621,525
3622,525
3623,525
3624,525
3625,525
3626,525
3627,525
3628,525
3629,525
3630,524
3631,524
3632,524
3633,524
3634,524
3635,524
3636,523
3637,523
3638,523
3639,523
3640,523
3641,523
3642,523
3643,523
3644,523
3645,523
3646,523
3647,523
3648,523
3649,523
3650,523
3651,523
3652,523
3653,523
3654,523
3655,523
3656,522
3657,522
3658,522
3659,522
3660,522
3661,522
3662,522
3663,522
3664,522
3665,522
3666,522
3667,522
3668,522
3669,522
3670,522
3671,522
3672,522
3673,522
3674,522
3675,522
3676,522
3677,522
3678,522
3679,521
3680,521
3681,521
3682,520
3683,520
3684,520
3685,520
3686,520
3687,519
3688,519
3689,519
3690,519
3691,519
3692,519
3693,519
3694,519
3695,519
3696,519
3697,519
3698,518
3699,518
3700,518
3701,518
3702,518
3703,517
3704,517
3705,517
3706,517
3707,517
3708,517
3709,517
3710,517
3711,517
3712,517
3713,517
3714,517
3715,517
3716,517
3717,517
3718,517
3719,517
3720,517
3721,517
3722,517
3723,517
3724,516
3725,516
3726,516
3727,516
3728,516
3729,516
3730,516
3731,516
3732,516
3733,516
3734,516
3735,516
3736,516
3737,516
3738,515
3739,515
3740,515
3741,515
3742,515
3743,515
3744,515
3745,515
3746,515
3747,515
3748,515
3749,515
3750,515
3751,515
3752,515
3753,515
3754,515
3755,515
3756,515
3757,514
3758,514
3759,514
3760,514
3761,514
3762,514
3763,514
3764,514
3765,514
3766,514
3767,514
3768,514
3769,514
3770,514
3771,514
3772,514
3773,514
3774,514
3775,514
3776,514
3777,514
3778,514
3779,514
3780,514
3781,514
3782,513
3783,513
3784,513
3785,513
3786,513
3787,513
3788,513
3789,513
3790,513
3791,513
3792,513
3793,513
3794,513
3795,513
3796,513
3797,513
3798,513
3799,513
3800,513
3801,513
3802,513
3803,513
3804,513
3805,513
3806,513
3807,513
3808,513
3809,513
3810,513
3811,513
3812,513
3813,513
3814,513
3815,513
3816,513
3817,512
3818,512
3819,512
3820,512
3821,512
3822,512
3823,512
3824,512
3825,512
3826,512
3827,512
3828,512
3829,512
3830,512
3831,512
3832,512
3833,512
3834,512
3835,512
3836,512
3837,512
3838,512
3839,512
3840,512
3841,512
3842,512
3843,511
3844,510
3845,510
3846,509
3847,509
3848,509
3849,509
3850,509
3851,509
3852,509
3853,509
3854,509
3855,509
3856,509
3857,509
3858,509
3859,509
3860,509
3861,509
3862,509
3863,509
3864,508
3865,508
3866,508
3867,508
3868,508
3869,508
3870,508
3871,508
3872,508
3873,508
3874,508
3875,508
3876,508
3877,508
3878,508
3879,508
3880,508
3881,508
3882,508
3883,508
3884,508
3885,508
3886,507
3887,507
3888,507
3889,507
3890,507
3891,507
3892,507
3893,507
3894,507
3895,507
3896,507
3897,507
3898,507
3899,507
3900,507
3901,507
3902,506
3903,506
3904,506
3905,506
3906,506
3907,506
3908,506
3909,506
3910,506
3911,506
3912,506
3913,506
3914,506
3915,506
3916,506
3917,506
3918,506
3919,506
3920,506
3921,506
3922,506
3923,505
3924,505
3925,505
3926,505
3927,505
3928,505
3929,505
3930,505
3931,505
3932,505
3933,505
3934,505
3935,505
3936,505
3937,505
3938,505
3939,505
3940,505
3941,505
3942,505
3943,505
3944,505
3945,505
3946,505
3947,505
3948,505
3949,505
3950,505
3951,505
3952,505
3953,505
3954,505
3955,505
3956,505
3957,504
3958,504
3959,504
3960,504
3961,504
3962,504
3963,504
3964,504
3965,504
3966,504
3967,504
3968,504
3969,504
3970,504
3971,504
3972,504
3973,504
3974,504
3975,503
3976,503
3977,503
3978,503
3979,501
3980,501
3981,501
3982,501
3983,501
3984,501
3985,501
3986,501
3987,501
3988,501
3989,501
3990,501
3991,501
3992,501
3993,501
3994,501
3995,501
3996,501
3997,500
3998,500
3999,500
4000,500
4001,500
4002,500
4003,500
4004,500
4005,500
4006,500
4007,500
4008,500
4009,500
4010,500
4011,500
4012,500
4013,500
4014,500
4015,500
4016,500
4017,500
4018,500
4019,500
4020,500
4021,500
4022,500
4023,500
4024,500
4025,500
4026,500
4027,500
4028,500
4029,500
4030,500
4031,500
4032,500
4033,499
4034,499
4035,498
4036,498
4037,498
4038,498
4039,498
4040,498
4041,498
4042,498
4043,498
4044,498
4045,498
4046,498
4047,498
4048,498
4049,497
4050,497
4051,497
4052,497
4053,497
4054,497
4055,497
4056,497
4057,497
4058,497
4059,497
4060,497
4061,497
4062,497
4063,497
4064,497
4065,497
4066,497
4067,497
4068,497
4069,497
4070,497
4071,497
4072,496
4073,496
4074,496
4075,496
4076,496
4077,496
4078,496
4079,496
4080,496
4081,496
4082,496
4083,496
4084,496
4085,496
4086,496
4087,496
4088,495
4089,495
4090,495
4091,495
4092,495
4093,495
4094,495
4095,495
4096,495
4097,495
4098,495
4099,495
4100,495
4101,495
4102,495
4103,495
4104,495
4105,495
4106,495
4107,495
4108,495
4109,495
4110,494
4111,493
4112,493
4113,493
4114,493
4115,493
4116,493
4117,493
4118,493
4119,493
4120,493
4121,492
4122,492
4123,491
4124,491
4125,491
4126,491
4127,491
4128,491
4129,491
4130,491
4131,491
4132,491
4133,491
4134,491
4135,491
4136,491
4137,491
4138,491
4139,491
4140,491
4141,491
4142,491
4143,491
4144,491
4145,491
4146,491
4147,491
4148,491
4149,491
4150,491
4151,491
4152,491
4153,491
4154,491
4155,491
4156,491
4157,491
4158,491
4159,491
4160,491
4161,490
4162,490
4163,490
4164,490
4165,490
4166,490
4167,490
4168,490
4169,490
4170,490
4171,490
4172,490
4173,490
4174,490
4175,490
4176,490
4177,490
4178,490
4179,490
4180,490
4181,490
4182,490
4183,490
4184,490
4185,490
4186,490
4187,490
4188,490
4189,490
4190,490
4191,490
4192,490
4193,490
4194,490
4195,490
4196,490
4197,490
4198,490
4199,490
4200,490
4201,490
4202,490
4203,490
4204,490
4205,490
4206,490
4207,490
4208,490
4209,490
4210,490
4211,490
4212,490
4213,490
4214,490
4215,490
4216,490
4217,490
4218,490
4219,490
4220,490
4221,490
4222,490
4223,490
4224,490
4225,490
4226,490
4227,490
4228,489
4229,489
4230,489
4231,489
4232,489
4233,489
4234,489
4235,489
4236,489
4237,489
4238,488
4239,488
4240,488
4241,488
4242,488
4243,488
4244,488
4245,488
4246,488
4247,488
4248,488
4249,488
4250,488
4251,488
4252,488
4253,488
4254,488
4255,488
4256,488
4257,488
4258,488
4259,488
4260,488
4261,488
4262,488
4263,488
4264,488
4265,488
4266,488
4267,488
4268,488
4269,488
4270,488
4271,488
4272,488
4273,488
4274,488
4275,488
4276,488
4277,488
4278,488
4279,488
4280,488
4281,488
4282,488
4283,488
4284,488
4285,488
4286,488
4287,488
4288,488
4289,488
4290,488
4291,488
4292,488
4293,488
4294,488
4295,488
4296,488
4297,488
4298,488
4299,488
4300,488
4301,488
4302,488
4303,488
4304,488
4305,488
4306,488
4307,488
4308,488
4309,488
4310,488
4311,488
4312,488
4313,488
4314,488
4315,488
4316,488
4317,488
4318,488
4319,488
4320,488
4321,488
4322,488
4323,488
4324,487
4325,487
4326,487
4327,487
4328,487
4329,487
4330,487
4331,487
4332,487
4333,487
4334,487
4335,486
4336,486
4337,486
4338,485
4339,485
4340,485
4341,485
4342,485
4343,485
4344,485
4345,485
4346,485
4347,485
4348,485
4349,485
4350,484
4351,484
4352,484
4353,484
4354,484
4355,483
4356,483
4357,483
4358,483
4359,483
4360,483
4361,483
4362,483
4363,483
4364,483
4365,483
4366,483
4367,483
4368,483
4369,483
4370,483
4371,483
4372,483
4373,483
4374,483
4375,483
4376,483
4377,483
4378,483
4379,483
4380,483
4381,483
4382,483
4383,483
4384,482
4385,482
4386,482
4387,482
4388,482
4389,482
4390,482
4391,482
4392,482
4393,482
4394,482
4395,482
4396,482
4397,482
4398,481
4399,481
4400,481
4401,481
4402,481
4403,481
4404,481
4405,481
4406,481
4407,481
4408,481
4409,481
4410,481
4411,481
4412,481
4413,481
4414,481
4415,481
4416,481
4417,481
4418,481
4419,481
4420,481
4421,481
4422,481
4423,481
4424,481
4425,481
4426,481
4427,481
4428,481
4429,481
4430,481
4431,481
4432,481
4433,481
4434,481
4435,481
4436,481
4437,481
4438,481
4439,481
4440,481
4441,481
4442,481
4443,481
4444,481
4445,481
4446,481
4447,481
4448,481
4449,481
4450,481
4451,481
4452,481
4453,481
4454,481
4455,481
4456,481
4457,481
4458,481
4459,481
4460,481
4461,481
4462,481
4463,481
4464,481
4465,481
4466,481
4467,481
4468,481
4469,481
4470,481
4471,480
4472,480
4473,480
4474,480
4475,480
4476,480
4477,480
4478,480
4479,480
4480,480
4481,480
4482,480
4483,480
4484,480
4485,480
4486,480
4487,480
4488,480
4489,480
4490,480
4491,480
4492,480
4493,480
4494,480
4495,480
4496,480
4497,480
4498,479
4499,479
4500,479
4501,479
4502,479
4503,479
4504,479
4505,479
4506,479
4507,479
4508,479
4509,479
4510,479
4511,479
4512,479
4513,479
4514,479
4515,479
4516,478
4517,478
4518,478
4519,478
4520,477
4521,477
4522,476
4523,476
4524,476
4525,476
4526,476
4527,476
4528,476
4529,476
4530,476
4531,476
4532,476
4533,476
4534,476
4535,476
4536,476
4537,476
4538,476
4539,476
4540,475
4541,475
4542,475
4543,475
4544,475
4545,475
4546,475
4547,475
4548,475
4549,475
4550,475
4551,475
4552,475
4553,475
4554,475
4555,475
4556,475
4557,475
4558,475
4559,475
4560,475
4561,475
4562,475
4563,475
4564,475
4565,475
4566,475
4567,475
4568,475
4569,475
4570,475
4571,475
4572,475
4573,474
4574,474
4575,474
4576,474
4577,474
4578,474
4579,474
4580,474
4581,474
4582,474
4583,474
4584,474
4585,474
4586,474
4587,474
4588,474
4589,474
4590,473
4591,473
4592,473
4593,473
4594,473
4595,473
4596,473
4597,473
4598,472
4599,472
4600,472
4601,472
4602,472
4603,472
4604,472
4605,471
4606,471
4607,471
4608,471
4609,471
4610,471
4611,470
4612,470
4613,470
4614,470
4615,470
4616,470
4617,470
4618,470
4619,470
4620,470
4621,470
4622,470
4623,470
4624,470
4625,470
4626,470
4627,470
4628,470
4629,470
4630,470
4631,470
4632,470
4633,470
4634,469
4635,469
4636,469
4637,469
4638,469
4639,469
4640,469
4641,469
4642,469
4643,469
4644,469
4645,469
4646,468
4647,468
4648,468
4649,468
4650,468
4651,467
4652,467
4653,467
4654,467
4655,467
4656,467
4657,467
4658,467
4659,467
4660,467
4661,467
4662,467
4663,467
4664,467
4665,467
4666,467
4667,467
4668,467
4669,467
4670,467
4671,467
4672,467
4673,467
4674,467
4675,467
4676,467
4677,467
4678,467
4679,467
4680,467
4681,467
4682,467
4683,467
4684,467
4685,467
4686,467
4687,467
4688,467
4689,467
4690,467
4691,467
4692,467
4693,467
4694,467
4695,467
4696,467
4697,467
4698,467
4699,466
4700,466
4701,465
4702,465
4703,465
4704,465
4705,465
4706,465
4707,465
4708,465
4709,465
4710,465
4711,465
4712,465
4713,465
4714,465
4715,465
4716,464
4717,464
4718,464
4719,464
4720,464
4721,464
4722,464
4723,464
4724,464
4725,464
4726,463
4727,463
4728,463
4729,463
4730,463
4731,463
4732,463
4733,463
4734,463
4735,463
4736,463
4737,463
4738,463
4739,463
4740,463
4741,463
4742,463
4743,463
4744,463
4745,463
4746,462
4747,462
4748,462
4749,462
4750,462
4751,462
4752,462
4753,462
4754,462
4755,461
4756,461
4757,461
4758,461
4759,461
4760,461
4761,461
4762,461
4763,461
4764,461
4765,461
4766,461
4767,461
4768,460
4769,460
4770,460
4771,459
4772,459
4773,459
4774,459
4775,459
4776,459
4777,459
4778,459
4779,459
4780,459
4781,459
4782,459
4783,459
4784,459
4785,459
4786,459
4787,459
4788,459
4789,459
4790,459
4791,458
4792,458
4793,458
4794,458
4795,458
4796,458
4797,458
4798,458
4799,458
4800,458
4801,458
4802,458
4803,458
4804,458
4805,458
4806,458
4807,458
4808,458
4809,457
4810,457
4811,457
4812,457
4813,457
4814,457
4815,457
4816,457
4817,457
4818,455
4819,455
4820,455
4821,455
4822,455
4823,455
4824,455
4825,455
4826,455
4827,455
4828,454
4829,454
4830,454
4831,454
4832,454
4833,454
4834,454
4835,453
4836,453
4837,453
4838,453
4839,453
4840,453
4841,453
4842,453
4843,452
4844,452
4845,452
4846,452
4847,451
4848,451
4849,451
4850,451
4851,451
4852,451
4853,451
4854,451
4855,451
4856,451
4857,451
4858,451
4859,451
4860,451
4861,451
4862,451
4863,451
4864,451
4865,451
4866,451
4867,451
4868,451
4869,451
4870,451
4871,450
4872,450
4873,450
4874,450
4875,450
4876,450
4877,450
4878,450
4879,450
4880,450
4881,450
4882,450
4883,450
4884,450
4885,450
4886,450
4887,450
4888,450
4889,450
4890,450
4891,450
4892,450
4893,450
4894,450
4895,450
4896,450
4897,449
4898,449
4899,449
4900,448
4901,448
4902,448
4903,447
4904,447
4905,447
4906,447
4907,447
4908,447
4909,447
4910,447
4911,447
4912,447
4913,447
4914,447
4915,447
4916,447
4917,447
4918,447
4919,447
4920,446
4921,446
4922,446
4923,446
4924,446
4925,446
4926,446
4927,446
4928,446
4929,446
4930,446
4931,446
4932,446
4933,446
4934,446
4935,446
4936,446
4937,446
4938,446
4939,446
4940,446
4941,446
4942,446
4943,446
4944,446
4945,446
4946,446
4947,446
4948,446
4949,446
4950,446
4951,446
4952,446
4953,446
4954,446
4955,446
4956,446
4957,446
4958,446
4959,446
4960,446
4961,446
4962,446
4963,446
4964,446
4965,446
4966,446
4967,445
4968,445
4969,445
4970,445
4971,445
4972,445
4973,444
4974,444
4975,444
4976,444
4977,444
4978,444
4979,444
4980,444
4981,444
4982,444
4983,444
4984,444
4985,444
4986,444
4987,444
4988,444
4989,444
4990,444
4991,444
4992,444
4993,444
4994,443
4995,443
4996,443
4997,443
4998,443
4999,443
5000,443
5001,443
5002,443
5003,443
5004,443
5005,443
5006,443
5007,443
5008,443
5009,443
5010,443
5011,443
5012,443
5013,443
5014,443
5015,443
5016,443
5017,443
5018,443
5019,443
5020,443
5021,443
5022,443
5023,443
5024,443
5025,443
5026,443
5027,443
5028,443
5029,443
5030,443
5031,443
5032,443
5033,443
5034,443
5035,443
5036,443
5037,442
5038,442
5039,442
5040,442
5041,442
5042,442
5043,442
5044,442
5045,442
5046,442
5047,442
5048,442
5049,442
5050,442
5051,442
5052,442
5053,442
5054,441
5055,441
5056,441
5057,441
5058,441
5059,441
5060,441
5061,441
5062,441
5063,441
5064,441
5065,441
5066,441
5067,441
5068,441
5069,441
5070,441
5071,440
5072,440
5073,440
5074,440
5075,439
5076,438
5077,438
5078,438
5079,438
5080,438
5081,438
5082,438
5083,438
5084,437
5085,437
5086,437
5087,437
5088,437
5089,437
5090,437
5091,437
5092,437
5093,437
5094,437
5095,437
5096,437
5097,436
5098,436
5099,436
5100,436
5101,436
5102,436
5103,436
5104,436
5105,436
5106,436
5107,436
5108,436
5109,436
5110,436
5111,436
5112,436
5113,435
5114,435
5115,435
5116,435
5117,435
5118,435
5119,435
5120,435
5121,435
5122,435
5123,434
5124,434
5125,434
5126,434
5127,434
5128,434
5129,434
5130,434
5131,434
5132,434
5133,434
5134,434
5135,434
5136,434
5137,434
5138,434
5139,434
5140,434
5141,434
5142,434
5143,434
5144,434
5145,434
5146,433
5147,433
5148,433
5149,433
5150,433
5151,433
5152,433
5153,433
5154,433
5155,433
5156,433
5157,433
5158,433
5159,433
5160,433
5161,433
5162,433
5163,433
5164,433
5165,433
5166,433
5167,433
5168,433
5169,433
5170,433
5171,433
5172,433
5173,433
5174,433
5175,433
5176,433
5177,433
5178,433
5179,432
5180,432
5181,432
5182,432
5183,432
5184,431
5185,431
5186,431
5187,431
5188,431
5189,431
5190,431
5191,431
5192,430
5193,430
5194,430
5195,430
5196,429
5197,429
5198,429
5199,429
5200,429
5201,429
5202,429
5203,429
5204,429
5205,429
5206,429
5207,429
5208,429
5209,429
5210,429
5211,429
5212,429
5213,429
5214,429
5215,429
5216,429
5217,429
5218,429
5219,429
5220,429
5221,429
5222,429
5223,429
5224,429
5225,429
5226,429
5227,429
5228,429
5229,429
5230,429
5231,429
5232,428
5233,428
5234,428
5235,428
5236,428
5237,428
5238,428
5239,428
5240,428
5241,428
5242,428
5243,428
5244,428
5245,428
5246,428
5247,428
5248,428
5249,427
5250,427
5251,426
5252,426
5253,426
5254,426
5255,426
5256,426
5257,426
5258,426
5259,426
5260,426
5261,426
5262,426
5263,426
5264,426
5265,426
5266,426
5267,426
5268,426
5269,426
5270,425
5271,425
5272,425
5273,424
5274,424
5275,424
5276,424
5277,424
5278,424
5279,424
5280,424
5281,424
5282,423
5283,423
5284,423
5285,423
5286,423
5287,423
5288,423
5289,423
5290,423
5291,423
5292,423
5293,423
5294,423
5295,423
5296,423
5297,423
5298,422
5299,422
5300,422
5301,422
5302,422
5303,422
5304,422
5305,422
5306,422
5307,422
5308,422
5309,422
5310,422
5311,422
5312,422
5313,421
5314,421
5315,421
5316,421
5317,421
5318,421
5319,421
5320,421
5321,421
5322,421
5323,421
5324,421
5325,421
5326,421
5327,421
5328,421
5329,421
5330,421
5331,421
5332,421
5333,421
5334,421
5335,421
5336,421
5337,421
5338,421
5339,421
5340,421
5341,421
5342,421
5343,421
5344,421
5345,421
5346,421
5347,421
5348,421
5349,421
5350,421
5351,421
5352,421
5353,421
5354,421
5355,421
5356,421
5357,421
5358,421
5359,421
5360,421
5361,421
5362,421
5363,421
5364,421
5365,421
5366,421
5367,421
5368,421
5369,421
5370,421
5371,421
5372,421
5373,421
5374,421
5375,421
5376,421
5377,421
5378,421
5379,421
5380,421
5381,421
5382,421
5383,421
5384,421
5385,421
5386,421
5387,421
5388,421
5389,421
5390,421
5391,421
5392,421
5393,421
5394,421
5395,421
5396,421
5397,420
5398,420
5399,420
5400,420
5401,420
5402,420
5403,420
5404,419
5405,419
5406,419
5407,419
5408,419
5409,419
5410,419
5411,419
5412,419
5413,419
5414,419
5415,419
5416,419
5417,419
5418,419
5419,419
5420,418
5421,418
5422,418
5423,418
5424,418
5425,418
5426,418
5427,418
5428,418
5429,418
5430,418
5431,418
5432,418
5433,418
5434,418
5435,418
5436,418
5437,417
5438,417
5439,417
5440,417
5441,417
5442,417
5443,417
5444,417
5445,417
5446,417
5447,417
5448,417
5449,417
5450,417
5451,417
5452,417
5453,417
5454,417
5455,417
5456,417
5457,417
5458,417
5459,417
5460,417
5461,417
5462,417
5463,417
5464,417
5465,417
5466,417
5467,417
5468,417
5469,417
5470,417
5471,417
5472,417
5473,417
5474,417
5475,417
5476,417
5477,417
5478,417
5479,417
5480,417
5481,417
5482,417
5483,417
5484,416
5485,416
5486,415
5487,414
5488,414
5489,414
5490,414
5491,414
5492,414
5493,414
5494,414
5495,414
5496,414
5497,414
5498,414
5499,414
5500,414
5501,414
5502,414
5503,414
5504,414
5505,414
5506,414
5507,414
5508,414
5509,414
5510,413
5511,413
5512,413
5513,413
5514,413
5515,413
5516,413
5517,413
5518,413
5519,413
5520,413
5521,413
5522,412
5523,412
5524,412
5525,412
5526,412
5527,412
5528,412
5529,412
5530,412
5531,412
5532,412
5533,412
5534,412
5535,412
5536,412
5537,412
5538,412
5539,412
5540,412
5541,412
5542,411
5543,411
5544,411
5545,411
5546,411
5547,411
5548,411
5549,411
5550,411
5551,411
5552,411
5553,411
5554,411
5555,411
5556,411
5557,411
5558,410
5559,410
5560,410
5561,410
5562,410
5563,409
5564,409
5565,409
5566,409
5567,409
5568,409
5569,409
5570,409
5571,409
5572,409
5573,409
5574,409
5575,409
5576,409
5577,409
5578,409
5579,409
5580,409
5581,408
5582,408
5583,408
5584,408
5585,408
5586,408
5587,408
5588,408
5589,408
5590,408
5591,408
5592,407
5593,407
5594,407
5595,407
5596,407
5597,407
5598,407
5599,407
5600,407
5601,407
5602,407
5603,407
5604,407
5605,407
5606,407
5607,407
5608,407
5609,407
5610,407
5611,407
5612,407
5613,407
5614,407
5615,407
5616,407
5617,407
5618,407
5619,407
5620,407
5621,407
5622,407
5623,407
5624,406
5625,406
5626,406
5627,405
5628,405
5629,405
5630,405
5631,405
5632,405
5633,405
5634,405
5635,405
5636,405
5637,405
5638,405
5639,405
5640,405
5641,405
5642,405
5643,404
5644,404
5645,403
5646,403
5647,403
5648,403
5649,403
5650,403
5651,403
5652,403
5653,403
5654,403
5655,403
5656,403
5657,403
5658,403
5659,403
5660,403
5661,403
5662,403
5663,403
5664,403
5665,403
5666,403
5667,403
5668,403
5669,403
5670,403
5671,403
5672,403
5673,403
5674,403
5675,403
5676,403
5677,403
5678,403
5679,403
5680,403
5681,403
5682,403
5683,403
5684,403
5685,403
5686,403
5687,403
5688,403
5689,403
5690,403
5691,402
5692,402
5693,402
5694,402
5695,400
5696,400
5697,400
5698,400
5699,400
5700,400
5701,400
5702,400
5703,400
5704,400
5705,400
5706,400
5707,400
5708,400
5709,400
5710,400
5711,400
5712,400
5713,400
5714,400
5715,400
5716,400
5717,400
5718,400
5719,400
5720,400
5721,400
5722,400
5723,400
5724,400
5725,400
5726,400
5727,400
5728,400
5729,400
5730,400
5731,400
5732,400
5733,400
5734,400
5735,400
5736,400
5737,400
5738,400
5739,400
5740,400
5741,400
5742,400
5743,400
5744,400
5745,400
5746,400
5747,400
5748,400
5749,399
5750,399
5751,399
5752,399
5753,399
5754,399
5755,399
5756,399
5757,399
5758,399
5759,399
5760,399
5761,399
5762,399
5763,399
5764,399
5765,399
5766,399
5767,399
5768,399
5769,399
5770,399
5771,399
5772,399
5773,399
5774,399
5775,399
5776,399
5777,399
5778,399
5779,399
5780,399
5781,397
5782,397
5783,397
5784,397
5785,397
5786,397
5787,397
5788,397
5789,397
5790,397
5791,397
5792,397
5793,397
5794,397
5795,397
5796,397
5797,396
5798,396
5799,396
5800,396
5801,396
5802,396
5803,396
5804,396
5805,396
5806,396
5807,396
5808,396
5809,396
5810,396
5811,396
5812,396
5813,396
5814,395
5815,395
5816,395
5817,395
5818,395
5819,395
5820,395
5821,395
5822,395
5823,395
5824,395
5825,395
5826,395
5827,395
5828,395
5829,395
5830,395
5831,395
5832,395
5833,395
5834,395
5835,395
5836,395
5837,395
5838,395
5839,394
5840,394
5841,394
5842,394
5843,394
5844,394
5845,394
5846,394
5847,394
5848,394
5849,394
5850,394
5851,394
5852,394
5853,394
5854,394
5855,394
5856,394
5857,394
5858,394
5859,394
5860,394
5861,394
5862,394
5863,394
5864,394
5865,394
5866,394
5867,394
5868,394
5869,394
5870,394
5871,394
5872,394
5873,394
5874,394
5875,394
5876,394
5877,394
5878,394
5879,394
5880,393
5881,393
5882,393
5883,393
5884,393
5885,393
5886,393
5887,393
5888,393
5889,393
5890,393
5891,393
5892,393
5893,393
5894,393
5895,393
5896,393
5897,393
5898,393
5899,393
5900,393
5901,393
5902,393
5903,392
5904,392
5905,392
5906,392
5907,392
5908,392
5909,392
5910,391
5911,391
5912,391
5913,391
5914,390
5915,390
5916,390
5917,390
5918,389
5919,389
5920,389
5921,389
5922,389
5923,389
5924,389
5925,389
5926,389
5927,389
5928,389
5929,389
5930,389
5931,389
5932,389
5933,389
5934,389
5935,389
5936,389
5937,389
5938,389
5939,389
5940,389
5941,389
5942,389
5943,388
5944,388
5945,388
5946,388
5947,388
5948,388
5949,388
5950,388
5951,388
5952,388
5953,388
5954,388
5955,387
5956,387
5957,387
5958,387
5959,387
5960,387
5961,387
5962,387
5963,387
5964,387
5965,386
5966,386
5967,386
5968,386
5969,386
5970,386
5971,386
5972,386
5973,386
5974,386
5975,386
5976,386
5977,386
5978,386
5979,386
5980,386
5981,385
5982,385
5983,385
5984,385
5985,385
5986,385
5987,385
5988,385
5989,385
5990,385
5991,385
5992,385
5993,385
5994,385
5995,385
5996,385
5997,385
5998,385
5999,385
6000,385
6001,385
6002,385
6003,385
6004,385
6005,385
6006,385
6007,385
6008,385
6009,385
6010,385
6011,385
6012,385
6013,385
6014,385
6015,385
6016,385
6017,385
6018,385
6019,385
6020,385
6021,385
6022,385
6023,385
6024,385
6025,385
6026,384
6027,384
6028,384
6029,384
6030,384
6031,384
6032,384
6033,384
6034,384
6035,384
6036,384
6037,384
6038,384
6039,384
6040,384
6041,384
6042,384
6043,384
6044,384
6045,384
6046,384
6047,384
6048,384
6049,384
6050,384
6051,384
6052,384
6053,384
6054,384
6055,383
6056,383
6057,383
6058,383
6059,383
6060,383
6061,383
6062,383
6063,383
6064,383
6065,382
6066,382
6067,382
6068,382
6069,382
6070,382
6071,382
6072,382
6073,382
6074,382
6075,382
6076,382
6077,382
6078,382
6079,382
6080,382
6081,382
6082,382
6083,382
6084,382
6085,382
6086,382
6087,382
6088,381
6089,381
6090,381
6091,381
6092,381
6093,381
6094,380
6095,380
6096,380
6097,380
6098,380
6099,380
6100,380
6101,380
6102,380
6103,380
6104,380
6105,380
6106,380
6107,380
6108,380
6109,380
6110,380
6111,380
6112,380
6113,380
6114,380
6115,379
6116,379
6117,379
6118,379
6119,378
6120,378
6121,378
6122,378
6123,378
6124,378
6125,377
6126,377
6127,377
6128,377
6129,377
6130,377
6131,377
6132,377
6133,377
6134,377
6135,377
6136,377
6137,377
6138,377
6139,377
6140,377
6141,377
6142,377
6143,377
6144,377
6145,377
6146,377
6147,377
6148,377
6149,377
6150,377
6151,377
6152,377
6153,377
6154,377
6155,377
6156,377
6157,377
6158,377
6159,377
6160,377
6161,377
6162,377
6163,377
6164,377
6165,377
6166,377
6167,377
6168,377
6169,377
6170,377
6171,377
6172,377
6173,376
6174,376
6175,376
6176,376
6177,376
6178,376
6179,376
6180,376
6181,376
6182,376
6183,376
6184,376
6185,376
6186,376
6187,376
6188,376
6189,376
6190,376
6191,376
6192,376
6193,376
6194,376
6195,376
6196,376
6197,376
6198,376
6199,376
6200,375
6201,375
6202,375
6203,375
6204,375
6205,375
6206,375
6207,375
6208,375
6209,375
6210,375
6211,375
6212,375
6213,375
6214,375
6215,375
6216,374
6217,374
6218,374
6219,374
6220,374
6221,374
6222,374
6223,374
6224,374
6225,374
6226,374
6227,374
6228,374
6229,373
6230,373
6231,373
6232,373
6233,373
6234,373
6235,373
6236,373
6237,373
6238,373
6239,373
6240,373
6241,373
6242,373
6243,373
6244,373
6245,373
6246,373
6247,373
6248,373
6249,373
6250,373
6251,373
6252,373
6253,373
6254,372
6255,371
6256,371
6257,371
6258,371
6259,371
6260,371
6261,371
6262,371
6263,371
6264,371
6265,371
6266,371
6267,371
6268,371
6269,371
6270,371
6271,371
6272,371
6273,371
6274,371
6275,371
6276,371
6277,371
6278,371
6279,371
6280,371
6281,371
6282,371
6283,371
6284,371
6285,371
6286,371
6287,371
6288,371
6289,370
6290,370
6291,370
6292,370
6293,370
6294,370
6295,370
6296,370
6297,370
6298,370
6299,370
6300,370
6301,370
6302,370
6303,370
6304,370
6305,370
6306,370
6307,370
6308,370
6309,370
6310,370
6311,370
6312,370
6313,370
6314,370
6315,370
6316,370
6317,370
6318,370
6319,370
6320,370
6321,370
6322,370
6323,370
6324,370
6325,370
6326,370
6327,370
6328,370
6329,370
6330,370
6331,370
6332,370
6333,370
6334,370
6335,370
6336,370
6337,370
6338,370
6339,370
6340,370
6341,370
6342,370
6343,370
6344,369
6345,369
6346,369
6347,369
6348,369
6349,369
6350,368
6351,368
6352,368
6353,368
6354,368
6355,368
6356,368
6357,368
6358,368
6359,368
6360,368
6361,368
6362,368
6363,368
6364,368
6365,368
6366,368
6367,368
6368,368
6369,368
6370,368
6371,368
6372,368
6373,368
6374,368
6375,368
6376,368
6377,367
6378,367
6379,367
6380,367
6381,367
6382,367
6383,367
6384,367
6385,367
6386,367
6387,367
6388,367
6389,367
6390,367
6391,367
6392,367
6393,367
6394,367
6395,367
6396,367
6397,367
6398,367
6399,367
6400,367
6401,367
6402,366
6403,366
6404,366
6405,366
6406,366
6407,366
6408,366
6409,366
6410,366
6411,366
6412,366
6413,366
6414,366
6415,366
6416,365
6417,365
6418,365
6419,365
6420,365
6421,365
6422,365
6423,365
6424,365
6425,365
6426,365
6427,365
6428,365
6429,365
6430,365
6431,365
6432,365
6433,365
6434,365
6435,365
6436,365
6437,365
6438,365
6439,365
6440,365
6441,365
6442,365
6443,365
6444,365
6445,365
6446,365
6447,365
6448,365
6449,365
6450,365
6451,365
6452,365
6453,365
6454,365
6455,365
6456,365
6457,365
6458,365
6459,365
6460,365
6461,365
6462,364
6463,364
6464,364
6465,364
6466,364
6467,364
6468,364
6469,364
6470,364
6471,364
6472,364
6473,364
6474,364
6475,364
6476,364
6477,364
6478,364
6479,364
6480,364
6481,364
6482,364
6483,364
6484,364
6485,364
6486,364
6487,364
6488,364
6489,364
6490,364
6491,364
6492,364
6493,364
6494,364
6495,364
6496,364
6497,364
6498,364
6499,364
6500,364
6501,364
6502,364
6503,364
6504,364
6505,364
6506,364
6507,363
6508,363
6509,363
6510,363
6511,363
6512,363
6513,363
6514,363
6515,363
6516,363
6517,363
6518,363
6519,363
6520,363
6521,363
6522,363
6523,363
6524,363
6525,363
6526,363
6527,363
6528,363
6529,362
6530,362
6531,362
6532,362
6533,362
6534,362
6535,362
6536,361
6537,360
6538,360
6539,360
6540,360
6541,360
6542,359
6543,359
6544,359
6545,359
6546,359
6547,359
6548,358
6549,358
6550,358
6551,358
6552,358
6553,358
6554,358
6555,358
6556,358
6557,358
6558,358
6559,358
6560,358
6561,358
6562,358
6563,358
6564,358
6565,358
6566,358
6567,358
6568,358
6569,358
6570,358
6571,358
6572,357
6573,357
6574,357
6575,357
6576,357
6577,357
6578,357
6579,357
6580,357
6581,357
6582,357
6583,357
6584,357
6585,357
6586,357
6587,357
6588,357
6589,357
6590,357
6591,356
6592,356
6593,356
6594,356
6595,356
6596,356
6597,356
6598,356
6599,356
6600,356
6601,356
6602,356
6603,356
6604,356
6605,356
6606,356
6607,356
6608,355
6609,355
6610,355
6611,355
6612,354
6613,354
6614,354
6615,354
6616,354
6617,354
6618,354
6619,354
6620,354
6621,354
6622,354
6623,354
6624,354
6625,354
6626,354
6627,354
6628,354
6629,354
6630,354
6631,354
6632,354
6633,354
6634,354
6635,354
6636,354
6637,354
6638,354
6639,354
6640,354
6641,354
6642,354
6643,354
6644,354
6645,354
6646,354
6647,354
6648,354
6649,354
6650,354
6651,354
6652,354
6653,354
6654,354
6655,354
6656,354
6657,354
6658,354
6659,354
6660,354
6661,354
6662,354
6663,354
6664,354
6665,354
6666,354
6667,354
6668,354
6669,354
6670,354
6671,354
6672,354
6673,354
6674,354
6675,354
6676,354
6677,354
6678,354
6679,354
6680,354
6681,354
6682,354
6683,353
6684,353
6685,353
6686,353
6687,353
6688,353
6689,353
6690,353
6691,353
6692,353
6693,353
6694,353
6695,352
6696,352
6697,352
6698,352
6699,352
6700,352
6701,352
6702,352
6703,351
6704,351
6705,351
6706,351
6707,351
6708,351
6709,351
6710,351
6711,351
6712,351
6713,351
6714,351
6715,351
6716,351
6717,351
6718,351
6719,351
6720,351
6721,351
6722,351
6723,351
6724,351
6725,351
6726,351
6727,351
6728,351
6729,351
6730,351
6731,351
6732,351
6733,351
6734,351
6735,351
6736,351
6737,351
6738,351
6739,351
6740,351
6741,351
6742,351
6743,351
6744,351
6745,351
6746,351
6747,351
6748,351
6749,351
6750,351
6751,351
6752,351
6753,351
6754,351
6755,351
6756,351
6757,351
6758,351
6759,351
6760,351
6761,351
6762,351
6763,351
6764,351
6765,351
6766,351
6767,351
6768,351
6769,351
6770,351
6771,351
6772,351
6773,351
6774,351
6775,351
6776,351
6777,351
6778,350
6779,350
6780,350
6781,350
6782,350
6783,350
6784,350
6785,350
6786,350
6787,350
6788,350
6789,350
6790,350
6791,350
6792,350
6793,350
6794,350
6795,350
6796,350
6797,348
6798,348
6799,348
6800,348
6801,348
6802,348
6803,348
6804,347
6805,347
6806,347
6807,347
6808,347
6809,347
6810,347
6811,347
6812,347
6813,347
6814,346
6815,346
6816,346
6817,346
6818,346
6819,346
6820,346
6821,346
6822,346
6823,346
6824,346
6825,346
6826,346
6827,346
6828,346
6829,346
6830,346
6831,346
6832,346
6833,346
6834,346
6835,346
6836,346
6837,346
6838,346
6839,346
6840,346
6841,346
6842,346
6843,346
6844,346
6845,346
6846,346
6847,346
6848,346
6849,346
6850,346
6851,346
6852,345
6853,345
6854,345
6855,345
6856,345
6857,345
6858,345
6859,345
6860,345
6861,345
6862,345
6863,345
6864,345
6865,345
6866,345
6867,345
6868,345
6869,345
6870,345
6871,345
6872,345
6873,345
6874,345
6875,345
6876,345
6877,345
6878,344
6879,344
6880,344
6881,344
6882,344
6883,342
6884,342
6885,342
6886,342
6887,342
6888,342
6889,342
6890,342
6891,342
6892,342
6893,342
6894,342
6895,342
6896,342
6897,342
6898,342
6899,342
6900,342
6901,342
6902,342
6903,342
6904,342
6905,342
6906,341
6907,341
6908,341
6909,341
6910,341
6911,341
6912,341
6913,341
6914,341
6915,341
6916,341
6917,341
6918,341
6919,341
6920,341
6921,341
6922,341
6923,341
6924,341
6925,341
6926,341
6927,341
6928,341
6929,341
6930,341
6931,341
6932,341
6933,341
6934,341
6935,341
6936,341
6937,341
6938,341
6939,341
6940,341
6941,341
6942,341
6943,341
6944,341
6945,341
6946,341
6947,341
6948,341
6949,341
6950,341
6951,341
6952,340
6953,340
6954,340
6955,340
6956,340
6957,340
6958,340
6959,340
6960,339
6961,339
6962,338
6963,338
6964,338
6965,338
6966,338
6967,338
6968,338
6969,338
6970,338
6971,338
6972,338
6973,338
6974,338
6975,338
6976,338
6977,338
6978,338
6979,338
6980,338
6981,338
6982,338
6983,338
6984,338
6985,338
6986,338
6987,338
6988,337
6989,337
6990,337
6991,337
6992,337
6993,337
6994,337
6995,337
6996,337
6997,337
6998,337
6999,337
7000,337
7001,337
7002,337
7003,337
7004,337
7005,336
7006,336
7007,336
7008,336
7009,336
7010,336
7011,336
7012,336
7013,336
7014,336
7015,336
7016,336
7017,336
7018,336
7019,336
7020,336
7021,336
7022,336
7023,336
7024,336
7025,336
7026,336
7027,336
7028,336
7029,336
7030,336
7031,336
7032,336
7033,336
7034,336
7035,336
7036,336
7037,336
7038,335
7039,335
7040,335
7041,335
7042,335
7043,335
7044,335
7045,335
7046,335
7047,335
7048,335
7049,335
7050,335
7051,334
7052,334
7053,334
7054,334
7055,334
7056,334
7057,334
7058,334
7059,334
7060,334
7061,334
7062,334
7063,334
7064,334
7065,334
7066,334
7067,334
7068,334
7069,334
7070,334
7071,334
7072,333
7073,333
7074,333
7075,333
7076,333
7077,333
7078,333
7079,333
7080,333
7081,333
7082,333
7083,333
7084,333
7085,333
7086,333
7087,333
7088,333
7089,333
7090,333
7091,333
7092,333
7093,333
7094,333
7095,333
7096,333
7097,333
7098,333
7099,333
7100,333
7101,333
7102,333
7103,333
7104,333
7105,333
7106,333
7107,333
7108,333
7109,333
7110,333
7111,333
7112,333
7113,333
7114,333
7115,333
7116,333
7117,333
7118,333
7119,333
7120,333
7121,333
7122,333
7123,333
7124,333
7125,333
7126,332
7127,332
7128,332
7129,331
7130,331
7131,331
7132,331
7133,331
7134,331
7135,331
7136,331
7137,331
7138,331
7139,331
7140,331
7141,331
7142,331
7143,331
7144,331
7145,331
7146,331
7147,331
7148,331
7149,331
7150,331
7151,331
7152,331
7153,331
7154,331
7155,331
7156,331
7157,331
7158,331
7159,331
7160,330
7161,330
7162,330
7163,330
7164,330
7165,330
7166,330
7167,330
7168,330
7169,330
7170,330
7171,330
7172,330
7173,330
7174,330
7175,330
7176,330
7177,329
7178,329
7179,329
7180,329
7181,329
7182,329
7183,329
7184,329
7185,329
7186,328
7187,328
7188,328
7189,328
7190,328
7191,328
7192,328
7193,328
7194,328
7195,328
7196,328
7197,328
7198,328
7199,328
7200,328
7201,328
7202,328
7203,328
7204,328
7205,328
7206,328
7207,328
7208,328
7209,328
7210,328
7211,328
7212,328
7213,328
7214,328
7215,327
7216,327
7217,327
7218,327
7219,327
7220,327
7221,327
7222,327
7223,327
7224,327
7225,327
7226,326
7227,326
7228,326
7229,326
7230,326
7231,326
7232,326
7233,326
7234,326
7235,326
7236,326
7237,326
7238,326
7239,326
7240,326
7241,326
7242,326
7243,326
7244,326
7245,325
7246,324
7247,324
7248,324
7249,324
7250,324
7251,324
7252,324
7253,324
7254,324
7255,324
7256,324
7257,324
7258,324
7259,324
7260,324
7261,324
7262,324
7263,324
7264,324
7265,324
7266,324
7267,324
7268,324
7269,324
7270,324
7271,324
7272,324
7273,324
7274,324
7275,324
7276,324
7277,324
7278,324
7279,324
7280,324
7281,324
7282,324
7283,324
7284,324
7285,324
7286,324
7287,324
7288,324
7289,324
7290,324
7291,324
7292,324
7293,324
7294,324
7295,324
7296,324
7297,324
7298,324
7299,324
7300,324
7301,324
7302,324
7303,324
7304,324
7305,324
7306,324
7307,324
7308,324
7309,324
7310,324
7311,324
7312,324
7313,324
7314,324
7315,324
7316,324
7317,324
7318,324
7319,324
7320,324
7321,324
7322,324
7323,324
7324,324
7325,324
7326,324
7327,324
7328,324
7329,324
7330,324
7331,324
7332,324
7333,324
7334,324
7335,324
7336,324
7337,324
7338,324
7339,324
7340,324
7341,324
7342,324
7343,324
7344,324
7345,324
7346,324
7347,324
7348,324
7349,324
7350,324
7351,324
7352,324
7353,324
7354,324
7355,324
7356,324
7357,324
7358,324
7359,324
7360,324
7361,324
7362,323
7363,323
7364,323
7365,323
7366,323
7367,323
7368,323
7369,323
7370,323
7371,323
7372,323
7373,323
7374,323
7375,323
7376,323
7377,323
7378,323
7379,323
7380,323
7381,323
7382,323
7383,323
7384,323
7385,323
7386,323
7387,323
7388,323
7389,323
7390,323
7391,323
7392,323
7393,323
7394,323
7395,323
7396,323
7397,323
7398,322
7399,322
7400,322
7401,322
7402,322
7403,322
7404,322
7405,322
7406,322
7407,322
7408,321
7409,320
7410,320
7411,320
7412,320
7413,320
7414,320
7415,320
7416,320
7417,320
7418,320
7419,320
7420,320
7421,320
7422,320
7423,320
7424,319
7425,319
7426,319
7427,319
7428,319
7429,319
7430,319
7431,319
7432,319
7433,318
7434,318
7435,318
7436,318
7437,318
7438,318
7439,318
7440,318
7441,317
7442,317
7443,317
7444,317
7445,317
7446,317
7447,317
7448,317
7449,317
7450,317
7451,317
7452,317
7453,317
7454,316
7455,316
7456,316
7457,316
7458,316
7459,316
7460,316
7461,316
7462,315
7463,315
7464,315
7465,315
7466,315
7467,315
7468,315
7469,315
7470,315
7471,315
7472,315
7473,315
7474,315
7475,315
7476,315
7477,315
7478,315
7479,314
7480,314
7481,314
7482,314
7483,314
7484,314
7485,314
7486,313
7487,313
7488,313
7489,313
7490,313
7491,313
7492,313
7493,313
7494,313
7495,313
7496,313
7497,313
7498,313
7499,313
7500,313
7501,313
7502,313
7503,313
7504,313
7505,313
7506,313
7507,313
7508,313
7509,313
7510,313
7511,313
7512,313
7513,313
7514,313
7515,313
7516,313
7517,313
7518,313
7519,312
7520,312
7521,312
7522,312
7523,312
7524,312
7525,312
7526,312
7527,312
7528,312
7529,312
7530,312
7531,312
7532,312
7533,312
7534,312
7535,312
7536,312
7537,312
7538,312
7539,312
7540,312
7541,312
7542,312
7543,312
7544,312
7545,312
7546,312
7547,312
7548,312
7549,312
7550,312
7551,312
7552,312
7553,312
7554,312
7555,312
7556,312
7557,312
7558,312
7559,311
7560,311
7561,311
7562,311
7563,311
7564,311
7565,311
7566,311
7567,310
7568,310
7569,310
7570,310
7571,310
7572,310
7573,310
7574,310
7575,310
7576,309
7577,309
7578,309
7579,309
7580,309
7581,309
7582,309
7583,309
7584,309
7585,309
7586,309
7587,309
7588,309
7589,309
7590,309
7591,309
7592,309
7593,308
7594,308
7595,308
7596,308
7597,308
7598,308
7599,308
7600,308
7601,308
7602,308
7603,308
7604,307
7605,307
7606,307
7607,307
7608,307
7609,307
7610,307
7611,307
7612,307
7613,307
7614,307
7615,307
7616,307
7617,307
7618,307
7619,307
7620,307
7621,307
7622,307
7623,307
7624,307
7625,307
7626,307
7627,307
7628,307
7629,307
7630,307
7631,307
7632,307
7633,307
7634,307
7635,307
7636,307
7637,307
7638,307
7639,307
7640,307
7641,307
7642,306
7643,306
7644,306
7645,306
7646,306
7647,306
7648,306
7649,306
7650,306
7651,306
7652,306
7653,306
7654,306
7655,306
7656,306
7657,306
7658,306
7659,306
7660,306
7661,306
7662,306
7663,306
7664,306
7665,306
7666,306
7667,306
7668,306
7669,306
7670,306
7671,306
7672,306
7673,306
7674,306
7675,306
7676,306
7677,306
7678,306
7679,306
7680,306
7681,306
7682,306
7683,306
7684,306
7685,306
7686,306
7687,306
7688,306
7689,306
7690,306
7691,306
7692,305
7693,305
7694,305
7695,305
7696,305
7697,305
7698,305
7699,305
7700,305
7701,305
7702,305
7703,305
7704,305
7705,305
7706,305
7707,305
7708,305
7709,305
7710,305
7711,305
7712,305
7713,305
7714,305
7715,305
7716,305
7717,305
7718,305
7719,305
7720,305
7721,305
7722,305
7723,305
7724,305
7725,305
7726,305
7727,305
7728,305
7729,305
7730,305
7731,305
7732,305
7733,305
7734,305
7735,305
7736,305
7737,305
7738,305
7739,305
7740,305
7741,305
7742,305
7743,305
7744,305
7745,305
7746,305
7747,305
7748,305
7749,305
7750,305
7751,305
7752,305
7753,305
7754,305
7755,305
7756,305
7757,305
7758,305
7759,305
7760,305
7761,305
7762,305
7763,305
7764,305
7765,305
7766,305
7767,305
7768,305
7769,305
7770,305
7771,305
7772,305
7773,305
7774,305
7775,305
7776,305
7777,305
7778,305
7779,305
7780,305
7781,305
7782,305
7783,305
7784,305
7785,305
7786,305
7787,305
7788,305
7789,305
7790,305
7791,305
7792,304
7793,304
7794,304
7795,304
7796,304
7797,304
7798,303
7799,303
7800,303
7801,303
7802,303
7803,303
7804,303
7805,303
7806,303
7807,303
7808,303
7809,303
7810,303
7811,303
7812,303
7813,303
7814,303
7815,302
7816,302
7817,302
7818,302
7819,302
7820,302
7821,302
7822,302
7823,302
7824,302
7825,302
7826,302
7827,302
7828,302
7829,302
7830,302
7831,302
7832,302
7833,302
7834,302
7835,302
7836,302
7837,302
7838,302
7839,302
7840,302
7841,302
7842,302
7843,302
7844,302
7845,302
7846,302
7847,301
7848,301
7849,301
7850,301
7851,300
7852,300
7853,300
7854,300
7855,300
7856,300
7857,300
7858,300
7859,300
7860,300
7861,300
7862,300
7863,300
7864,300
7865,300
7866,300
7867,300
7868,300
7869,300
7870,300
7871,300
7872,300
7873,300
7874,300
7875,300
7876,300
7877,300
7878,300
7879,300
7880,300
7881,300
7882,300
7883,300
7884,300
7885,300
7886,300
7887,300
7888,300
7889,300
7890,300
7891,300
7892,300
7893,300
7894,300
7895,300
7896,300
7897,300
7898,300
7899,300
7900,300
7901,300
7902,300
7903,300
7904,300
7905,299
7906,299
7907,299
7908,299
7909,299
7910,299
7911,299
7912,299
7913,299
7914,299
7915,299
7916,299
7917,299
7918,299
7919,299
7920,299
7921,299
7922,299
7923,299
7924,299
7925,299
7926,299
7927,299
7928,299
7929,299
7930,299
7931,299
7932,299
7933,299
7934,299
7935,299
7936,299
7937,299
7938,299
7939,299
7940,299
7941,299
7942,299
7943,299
7944,299
7945,299
7946,299
7947,299
7948,299
7949,299
7950,299
7951,299
7952,299
7953,299
7954,299
7955,299
7956,299
7957,299
7958,299
7959,299
7960,299
7961,299
7962,299
7963,299
7964,299
7965,299
7966,299
7967,299
7968,299
7969,299
7970,299
7971,298
7972,298
7973,298
7974,298
7975,298
7976,298
7977,298
7978,298
7979,298
7980,298
7981,298
7982,298
7983,298
7984,298
7985,297
7986,297
7987,297
7988,297
7989,297
7990,297
7991,297
7992,297
7993,297
7994,297
7995,297
7996,297
7997,297
7998,297
7999,297
8000,297
8001,297
8002,297
8003,297
8004,297
8005,296
8006,296
8007,296
8008,296
8009,296
8010,296
8011,296
8012,296
8013,296
8014,296
8015,296
8016,296
8017,296
8018,296
8019,296
8020,296
8021,296
8022,296
8023,296
8024,296
8025,296
8026,296
8027,296
8028,296
8029,296
8030,296
8031,296
8032,296
8033,296
8034,296
8035,295
8036,295
8037,295
8038,295
8039,295
8040,295
8041,295
8042,295
8043,295
8044,295
8045,295
8046,295
8047,295
8048,295
8049,295
8050,295
8051,294
8052,294
8053,294
8054,294
8055,293
8056,293
8057,293
8058,293
8059,293
8060,293
8061,293
8062,292
8063,292
8064,292
8065,291
8066,291
8067,291
8068,291
8069,290
8070,290
8071,290
8072,290
8073,290
8074,290
8075,290
8076,290
8077,290
8078,290
8079,290
8080,290
8081,290
8082,290
8083,290
8084,290
8085,290
8086,290
8087,290
8088,290
8089,290
8090,290
8091,290
8092,290
8093,290
8094,290
8095,290
8096,290
8097,290
8098,290
8099,290
8100,290
8101,289
8102,289
8103,289
8104,289
8105,289
8106,289
8107,289
8108,288
8109,288
8110,288
8111,288
8112,288
8113,288
8114,288
8115,288
8116,288
8117,288
8118,288
8119,288
8120,288
8121,288
8122,288
8123,288
8124,288
8125,288
8126,288
8127,288
8128,288
8129,288
8130,288
8131,288
8132,288
8133,288
8134,288
8135,288
8136,288
8137,288
8138,288
8139,288
8140,288
8141,288
8142,288
8143,288
8144,288
8145,288
8146,288
8147,288
8148,288
8149,288
8150,288
8151,288
8152,288
8153,287
8154,287
8155,287
8156,287
8157,287
8158,287
8159,287
8160,287
8161,287
8162,287
8163,287
8164,287
8165,287
8166,287
8167,287
8168,287
8169,287
8170,287
8171,287
8172,287
8173,287
8174,287
8175,287
8176,287
8177,287
8178,287
8179,287
8180,286
8181,286
8182,286
8183,286
8184,286
8185,286
8186,286
8187,286
8188,286
8189,286
8190,286
8191,286
8192,286
8193,286
8194,286
8195,286
8196,286
8197,286
8198,286
8199,286
8200,286
8201,286
8202,286
8203,286
8204,286
8205,286
8206,286
8207,286
8208,286
8209,286
8210,286
8211,286
8212,286
8213,286
8214,286
8215,286
8216,286
8217,286
8218,286
8219,286
8220,286
8221,286
8222,286
8223,286
8224,286
8225,286
8226,286
8227,286
8228,286
8229,286
8230,285
8231,285
8232,285
8233,285
8234,285
8235,285
8236,285
8237,285
8238,285
8239,285
8240,285
8241,285
8242,285
8243,285
8244,285
8245,285
8246,285
8247,285
8248,285
8249,285
8250,285
8251,285
8252,284
8253,284
8254,284
8255,284
8256,284
8257,284
8258,284
8259,284
8260,283
8261,283
8262,283
8263,283
8264,283
8265,283
8266,283
8267,283
8268,283
8269,283
8270,283
8271,283
8272,283
8273,283
8274,283
8275,283
8276,283
8277,283
8278,283
8279,283
8280,283
8281,283
8282,283
8283,283
8284,283
8285,283
8286,283
8287,283
8288,283
8289,283
8290,283
8291,283
8292,283
8293,283
8294,282
8295,282
8296,282
8297,282
8298,282
8299,282
8300,282
8301,282
8302,282
8303,282
8304,282
8305,282
8306,282
8307,282
8308,282
8309,282
8310,282
8311,282
8312,281
8313,281
8314,281
8315,281
8316,281
8317,280
8318,280
8319,280
8320,280
8321,280
8322,280
8323,280
8324,280
8325,280
8326,280
8327,280
8328,280
8329,280
8330,280
8331,280
8332,280
8333,280
8334,280
8335,280
8336,280
8337,280
8338,280
8339,280
8340,280
8341,279
8342,279
8343,279
8344,279
8345,279
8346,279
8347,279
8348,279
8349,279
8350,279
8351,279
8352,279
8353,279
8354,279
8355,279
8356,279
8357,279
8358,279
8359,279
8360,279
8361,279
8362,279
8363,279
8364,279
8365,279
8366,279
8367,279
8368,279
8369,278
8370,278
8371,278
8372,278
8373,278
8374,278
8375,278
8376,278
8377,278
8378,278
8379,277
8380,277
8381,277
8382,277
8383,277
8384,277
8385,277
8386,277
8387,277
8388,277
8389,277
8390,277
8391,276
8392,276
8393,276
8394,276
8395,276
8396,276
8397,276
8398,276
8399,276
8400,276
8401,276
8402,276
8403,276
8404,276
8405,276
8406,276
8407,276
8408,276
8409,276
8410,275
8411,275
8412,275
8413,275
8414,275
8415,275
8416,275
8417,275
8418,275
8419,275
8420,274
8421,274
8422,274
8423,274
8424,273
8425,273
8426,273
8427,273
8428,272
8429,272
8430,272
8431,272
8432,272
8433,272
8434,272
8435,272
8436,272
8437,272
8438,272
8439,272
8440,272
8441,272
8442,272
8443,272
8444,271
8445,271
8446,271
8447,271
8448,271
8449,271
8450,271
8451,271
8452,271
8453,271
8454,270
8455,270
8456,269
8457,269
8458,269
8459,269
8460,269
8461,269
8462,268
8463,268
8464,268
8465,268
8466,268
8467,268
8468,268
8469,268
8470,268
8471,268
8472,267
8473,267
8474,267
8475,267
8476,267
8477,267
8478,267
8479,267
8480,267
8481,267
8482,267
8483,267
8484,267
8485,267
8486,267
8487,267
8488,267
8489,267
8490,267
8491,267
8492,267
8493,267
8494,267
8495,267
8496,267
8497,267
8498,267
8499,267
8500,267
8501,267
8502,267
8503,267
8504,267
8505,267
8506,267
8507,267
8508,267
8509,267
8510,267
8511,267
8512,267
8513,267
8514,267
8515,266
8516,266
8517,266
8518,266
8519,266
8520,266
8521,266
8522,266
8523,266
8524,266
8525,266
8526,266
8527,266
8528,266
8529,266
8530,266
8531,266
8532,266
8533,266
8534,266
8535,266
8536,266
8537,266
8538,266
8539,266
8540,266
8541,266
8542,266
8543,265
8544,265
8545,265
8546,265
8547,265
8548,265
8549,265
8550,265
8551,265
8552,265
8553,265
8554,265
8555,265
8556,265
8557,265
8558,265
8559,265
8560,265
8561,265
8562,265
8563,265
8564,265
8565,265
8566,265
8567,265
8568,265
8569,265
8570,265
8571,265
8572,265
8573,265
8574,265
8575,265
8576,265
8577,265
8578,265
8579,265
8580,265
8581,265
8582,265
8583,265
8584,265
8585,265
8586,265
8587,265
8588,265
8589,265
8590,265
8591,265
8592,265
8593,265
8594,265
8595,265
8596,265
8597,265
8598,265
8599,265
8600,265
8601,265
8602,265
8603,265
8604,265
8605,265
8606,265
8607,265
8608,265
8609,265
8610,265
8611,265
8612,265
8613,265
8614,265
8615,265
8616,265
8617,265
8618,265
8619,265
8620,265
8621,265
8622,265
8623,265
8624,265
8625,265
8626,265
8627,265
8628,265
8629,265
8630,265
8631,265
8632,265
8633,265
8634,265
8635,265
8636,265
8637,265
8638,264
8639,264
8640,264
8641,264
8642,263
8643,263
8644,263
8645,263
8646,263
8647,263
8648,263
8649,263
8650,263
8651,263
8652,263
8653,263
8654,263
8655,263
8656,263
8657,263
8658,263
8659,263
8660,263
8661,263
8662,262
8663,262
8664,262
8665,262
8666,262
8667,262
8668,262
8669,262
8670,262
8671,262
8672,262
8673,262
8674,262
8675,262
8676,262
8677,262
8678,262
8679,261
8680,261
8681,261
8682,261
8683,261
8684,261
8685,261
8686,261
8687,261
8688,261
8689,261
8690,261
8691,261
8692,261
8693,261
8694,261
8695,261
8696,261
8697,261
8698,261
8699,261
8700,261
8701,261
8702,261
8703,261
8704,261
8705,261
8706,261
8707,261
8708,261
8709,261
8710,260
8711,260
8712,260
8713,260
8714,260
8715,260
8716,259
8717,259
8718,259
8719,259
8720,259
8721,259
8722,259
8723,259
8724,259
8725,259
8726,259
8727,259
8728,258
8729,258
8730,258
8731,257
8732,257
8733,257
8734,257
8735,257
8736,257
8737,257
8738,257
8739,257
8740,257
8741,257
8742,257
8743,257
8744,257
8745,257
8746,257
8747,257
8748,257
8749,257
8750,257
8751,257
8752,257
8753,257
8754,257
8755,257
8756,257
8757,257
8758,257
8759,257
8760,257
8761,257
8762,257
8763,257
8764,257
8765,257
8766,257
8767,257
8768,257
8769,257
8770,257
8771,257
8772,257
8773,257
8774,257
8775,257
8776,257
8777,257
8778,257
8779,257
8780,257
8781,257
8782,257
8783,257
8784,257
8785,257
8786,257
8787,257
8788,257
8789,256
8790,256
8791,256
8792,256
8793,256
8794,256
8795,256
8796,256
8797,256
8798,255
8799,255
8800,255
8801,255
8802,255
8803,255
8804,255
8805,255
8806,255
8807,255
8808,255
8809,255
8810,255
8811,255
8812,255
8813,255
8814,255
8815,255
8816,255
8817,255
8818,255
8819,255
8820,255
8821,255
8822,255
8823,255
8824,255
8825,254
8826,254
8827,254
8828,254
8829,254
8830,254
8831,254
8832,254
8833,254
8834,254
8835,254
8836,254
8837,254
8838,254
8839,254
8840,254
8841,254
8842,254
8843,254
8844,254
8845,254
8846,254
8847,254
8848,254
8849,254
8850,254
8851,254
8852,254
8853,254
8854,254
8855,254
8856,254
8857,253
8858,253
8859,253
8860,253
8861,253
8862,253
8863,253
8864,253
8865,253
8866,253
8867,253
8868,253
8869,253
8870,253
8871,253
8872,253
8873,253
8874,253
8875,253
8876,253
8877,253
8878,253
8879,253
8880,253
8881,253
8882,253
8883,253
8884,253
8885,253
8886,253
8887,253
8888,253
8889,253
8890,253
8891,253
8892,253
8893,253
8894,253
8895,253
8896,253
8897,253
8898,253
8899,253
8900,253
8901,253
8902,253
8903,253
8904,253
8905,253
8906,253
8907,253
8908,253
8909,253
8910,253
8911,252
8912,252
8913,252
8914,252
8915,252
8916,252
8917,252
8918,252
8919,252
8920,252
8921,252
8922,252
8923,252
8924,252
8925,252
8926,252
8927,252
8928,252
8929,252
8930,252
8931,252
8932,252
8933,252
8934,252
8935,252
8936,252
8937,252
8938,251
8939,251
8940,251
8941,251
8942,251
8943,251
8944,251
8945,251
8946,251
8947,251
8948,251
8949,251
8950,251
8951,251
8952,251
8953,251
8954,251
8955,251
8956,251
8957,251
8958,251
8959,251
8960,251
8961,251
8962,251
8963,251
8964,251
8965,251
8966,251
8967,251
8968,251
8969,251
8970,251
8971,251
8972,251
8973,251
8974,251
8975,251
8976,250
8977,250
8978,250
8979,250
8980,250
8981,250
8982,250
8983,250
8984,250
8985,250
8986,250
8987,250
8988,250
8989,250
8990,250
8991,250
8992,250
8993,250
8994,250
8995,250
8996,250
8997,250
8998,250
8999,250
9000,250
9001,250
9002,250
9003,250
9004,250
9005,250
9006,249
9007,249
9008,249
9009,249
9010,249
9011,249
9012,249
9013,249
9014,249
9015,249
9016,249
9017,249
9018,249
9019,249
9020,249
9021,249
9022,249
9023,247
9024,247
9025,247
9026,247
9027,247
9028,247
9029,247
9030,247
9031,247
9032,247
9033,247
9034,247
9035,247
9036,247
9037,247
9038,247
9039,247
9040,247
9041,247
9042,247
9043,247
9044,247
9045,246
9046,246
9047,246
9048,246
9049,246
9050,246
9051,246
9052,246
9053,245
9054,245
9055,245
9056,245
9057,245
9058,245
9059,245
9060,245
9061,245
9062,245
9063,245
9064,245
9065,245
9066,245
9067,245
9068,245
9069,245
9070,245
9071,245
9072,245
9073,245
9074,245
9075,245
9076,245
9077,245
9078,245
9079,245
9080,245
9081,245
9082,245
9083,245
9084,245
9085,245
9086,245
9087,245
9088,245
9089,245
9090,245
9091,245
9092,245
9093,245
9094,245
9095,245
9096,244
9097,244
9098,244
9099,244
9100,244
9101,244
9102,244
9103,244
9104,244
9105,244
9106,244
9107,244
9108,244
9109,244
9110,244
9111,244
9112,244
9113,244
9114,244
9115,244
9116,244
9117,244
9118,244
9119,244
9120,244
9121,244
9122,244
9123,244
9124,244
9125,244
9126,244
9127,244
9128,244
9129,244
9130,244
9131,244
9132,244
9133,244
9134,244
9135,244
9136,243
9137,243
9138,243
9139,243
9140,242
9141,242
9142,242
9143,242
9144,242
9145,242
9146,242
9147,242
9148,242
9149,242
9150,242
9151,242
9152,242
9153,242
9154,242
9155,242
9156,242
9157,242
9158,242
9159,242
9160,242
9161,242
9162,242
9163,242
9164,242
9165,242
9166,242
9167,242
9168,242
9169,242
9170,242
9171,242
9172,242
9173,242
9174,242
9175,242
9176,242
9177,242
9178,242
9179,242
9180,242
9181,242
9182,242
9183,242
9184,242
9185,242
9186,242
9187,242
9188,242
9189,242
9190,242
9191,242
9192,242
9193,242
9194,242
9195,242
9196,242
9197,242
9198,242
9199,242
9200,242
9201,242
9202,242
9203,242
9204,242
9205,242
9206,242
9207,242
9208,242
9209,242
9210,242
9211,242
9212,242
9213,242
9214,242
9215,242
9216,242
9217,242
9218,242
9219,242
9220,242
9221,242
9222,242
9223,242
9224,242
9225,242
9226,242
9227,242
9228,242
9229,242
9230,242
9231,242
9232,242
9233,242
9234,242
9235,242
9236,242
9237,242
9238,242
9239,242
9240,242
9241,242
9242,242
9243,242
9244,242
9245,242
9246,242
9247,242
9248,242
9249,242
9250,242
9251,242
9252,242
9253,242
9254,241
9255,240
9256,240
9257,239
9258,239
9259,239
9260,239
9261,239
9262,239
9263,239
9264,239
9265,239
9266,239
9267,239
9268,239
9269,239
9270,239
9271,239
9272,239
9273,239
9274,239
9275,239
9276,239
9277,239
9278,239
9279,239
9280,239
9281,239
9282,239
9283,239
9284,239
9285,239
9286,239
9287,239
9288,239
9289,239
9290,239
9291,239
9292,239
9293,239
9294,239
9295,239
9296,239
9297,239
9298,239
9299,239
9300,239
9301,239
9302,239
9303,239
9304,239
9305,239
9306,239
9307,238
9308,238
9309,238
9310,238
9311,238
9312,238
9313,238
9314,238
9315,238
9316,238
9317,238
9318,238
9319,238
9320,238
9321,238
9322,238
9323,238
9324,237
9325,237
9326,237
9327,237
9328,237
9329,237
9330,236
9331,236
9332,236
9333,236
9334,236
9335,236
9336,236
9337,236
9338,236
9339,236
9340,236
9341,236
9342,236
9343,236
9344,236
9345,236
9346,236
9347,236
9348,236
9349,236
9350,236
9351,236
9352,236
9353,236
9354,236
9355,236
9356,236
9357,236
9358,236
9359,236
9360,236
9361,236
9362,236
9363,236
9364,236
9365,236
9366,236
9367,236
9368,236
9369,236
9370,236
9371,236
9372,236
9373,236
9374,235
9375,235
9376,235
9377,235
9378,235
9379,235
9380,235
9381,235
9382,235
9383,235
9384,235
9385,235
9386,235
9387,235
9388,235
9389,235
9390,235
9391,235
9392,235
9393,235
9394,234
9395,234
9396,234
9397,233
9398,233
9399,233
9400,233
9401,233
9402,233
9403,233
9404,233
9405,233
9406,233
9407,233
9408,233
9409,233
9410,233
9411,233
9412,233
9413,233
9414,233
9415,233
9416,233
9417,233
9418,233
9419,233
9420,233
9421,233
9422,233
9423,233
9424,233
9425,233
9426,233
9427,233
9428,233
9429,233
9430,233
9431,233
9432,233
9433,233
9434,233
9435,233
9436,233
9437,233
9438,233
9439,233
9440,233
9441,233
9442,233
9443,233
9444,233
9445,233
9446,233
9447,233
9448,233
9449,233
9450,233
9451,233
9452,233
9453,233
9454,233
9455,233
9456,233
9457,233
9458,233
9459,233
9460,233
9461,233
9462,233
9463,233
9464,233
9465,233
9466,233
9467,233
9468,233
9469,233
9470,233
9471,233
9472,233
9473,232
9474,232
9475,230
9476,230
9477,230
9478,230
9479,230
9480,230
9481,230
9482,230
9483,230
9484,230
9485,230
9486,230
9487,230
9488,230
9489,230
9490,230
9491,230
9492,230
9493,230
9494,230
9495,230
9496,230
9497,230
9498,230
9499,230
9500,230
9501,230
9502,230
9503,230
9504,230
9505,230
9506,230
9507,230
9508,230
9509,230
9510,230
9511,230
9512,230
9513,230
9514,230
9515,230
9516,230
9517,230
9518,230
9519,230
9520,230
9521,230
9522,230
9523,230
9524,230
9525,230
9526,230
9527,230
9528,230
9529,230
9530,230
9531,230
9532,230
9533,230
9534,230
9535,230
9536,230
9537,230
9538,230
9539,230
9540,230
9541,230
9542,230
9543,230
9544,230
9545,230
9546,230
9547,230
9548,230
9549,230
9550,229
9551,229
9552,229
9553,229
9554,229
9555,229
9556,229
9557,229
9558,229
9559,229
9560,228
9561,228
9562,228
9563,228
9564,228
9565,227
9566,227
9567,227
9568,227
9569,227
9570,227
9571,227
9572,227
9573,227
9574,227
9575,227
9576,227
9577,227
9578,227
9579,227
9580,227
9581,227
9582,227
9583,227
9584,227
9585,227
9586,227
9587,227
9588,227
9589,227
9590,227
9591,227
9592,227
9593,227
9594,227
9595,227
9596,227
9597,227
9598,227
9599,227
9600,227
9601,227
9602,227
9603,227
9604,227
9605,227
9606,227
9607,227
9608,227
9609,227
9610,227
9611,227
9612,227
9613,227
9614,227
9615,227
9616,227
9617,227
9618,227
9619,227
9620,227
9621,227
9622,227
9623,227
9624,227
9625,227
9626,227
9627,227
9628,227
9629,227
9630,227
9631,227
9632,227
9633,227
9634,227
9635,227
9636,227
9637,227
9638,227
9639,227
9640,227
9641,227
9642,227
9643,227
9644,227
9645,227
9646,227
9647,227
9648,227
9649,227
9650,227
9651,227
9652,227
9653,227
9654,227
9655,227
9656,227
9657,227
9658,227
9659,227
9660,227
9661,227
9662,227
9663,227
9664,227
9665,227
9666,227
9667,227
9668,227
9669,227
9670,227
9671,227
9672,227
9673,227
9674,227
9675,227
9676,227
9677,227
9678,227
9679,227
9680,227
9681,227
9682,227
9683,227
9684,227
9685,227
9686,227
9687,227
9688,227
9689,227
9690,227
9691,227
9692,227
9693,227
9694,227
9695,227
9696,227
9697,227
9698,227
9699,227
9700,227
9701,227
9702,227
9703,227
9704,226
9705,226
9706,226
9707,226
9708,226
9709,226
9710,226
9711,226
9712,226
9713,226
9714,226
9715,226
9716,226
9717,226
9718,226
9719,226
9720,226
9721,226
9722,226
9723,226
9724,226
9725,226
9726,226
9727,226
9728,226
9729,226
9730,226
9731,226
9732,226
9733,226
9734,226
9735,226
9736,226
9737,226
9738,226
9739,226
9740,226
9741,226
9742,226
9743,226
9744,226
9745,226
9746,226
9747,226
9748,226
9749,226
9750,226
9751,226
9752,226
9753,226
9754,226
9755,226
9756,226
9757,226
9758,226
9759,226
9760,226
9761,226
9762,226
9763,226
9764,226
9765,226
9766,226
9767,226
9768,226
9769,226
9770,226
9771,226
9772,226
9773,226
9774,226
9775,226
9776,226
9777,226
9778,226
9779,226
9780,226
9781,226
9782,226
9783,226
9784,226
9785,226
9786,226
9787,226
9788,226
9789,226
9790,226
9791,226
9792,226
9793,226
9794,226
9795,226
9796,226
9797,226
9798,226
9799,226
9800,226
9801,226
9802,226
9803,226
9804,226
9805,226
9806,226
9807,226
9808,226
9809,226
9810,226
9811,226
9812,226
9813,226
9814,226
9815,226
9816,226
9817,226
9818,226
9819,226
9820,226
9821,226
9822,226
9823,226
9824,226
9825,226
9826,226
9827,226
9828,226
9829,226
9830,226
9831,226
9832,226
9833,226
9834,226
9835,226
9836,226
9837,226
9838,226
9839,226
9840,226
9841,226
9842,226
9843,226
9844,226
9845,226
9846,226
9847,226
9848,226
9849,226
9850,226
9851,226
9852,226
9853,226
9854,226
9855,226
9856,226
9857,226
9858,226
9859,226
9860,226
9861,226
9862,226
9863,226
9864,226
9865,226
9866,226
9867,226
9868,226
9869,226
9870,226
9871,226
9872,226
9873,226
9874,226
9875,226
9876,226
9877,226
9878,226
9879,226
9880,226
9881,226
9882,226
9883,226
9884,226
9885,226
9886,226
9887,226
9888,226
9889,226
9890,226
9891,226
9892,226
9893,226
9894,226
9895,226
9896,226
9897,226
9898,226
9899,226
9900,226
9901,226
9902,226
9903,226
9904,226
9905,226
9906,226
9907,226
9908,225
9909,225
9910,225
9911,225
9912,225
9913,225
9914,225
9915,225
9916,225
9917,225
9918,225
9919,225
9920,225
9921,225
9922,225
9923,225
9924,225
9925,225
9926,225
9927,225
9928,225
9929,225
9930,225
9931,225
9932,225
9933,224
9934,224
9935,224
9936,224
9937,224
9938,224
9939,224
9940,223
9941,223
9942,223
9943,223
9944,223
9945,223
9946,223
9947,223
9948,223
9949,222
9950,222
9951,222
9952,222
9953,222
9954,222
9955,222
9956,222
9957,222
9958,222
9959,222
9960,222
9961,222
9962,221
9963,221
9964,221
9965,221
9966,221
9967,221
9968,221
9969,221
9970,221
9971,221
9972,221
9973,220
9974,220
9975,220
9976,220
9977,220
9978,220
9979,220
9980,220
9981,220
9982,220
9983,220
9984,220
9985,220
9986,220
9987,220
9988,220
9989,220
9990,220
9991,220
9992,220
9993,220
9994,220
9995,220
9996,220
9997,220
9998,220
9999,220
10000,219
10001,219
10002,219
10003,219
10004,219
10005,219
10006,219
10007,219
10008,219
10009,219
10010,219
10011,219
10012,219
10013,219
10014,219
10015,219
10016,219
10017,219
10018,219
10019,219
10020,219
10021,219
10022,218
10023,218
10024,218
10025,218
10026,218
10027,218
10028,218
10029,218
10030,218
10031,218
10032,218
10033,218
10034,218
10035,218
10036,218
10037,218
10038,218
10039,218
10040,218
10041,218
10042,218
10043,218
10044,218
10045,218
10046,218
10047,218
10048,218
10049,218
10050,218
10051,218
10052,218
10053,218
10054,218
10055,218
10056,218
10057,218
10058,218
10059,218
10060,218
10061,218
10062,218
10063,218
10064,218
10065,218
10066,218
10067,218
10068,218
10069,218
10070,218
10071,218
10072,218
10073,218
10074,218
10075,218
10076,218
10077,218
10078,218
10079,218
10080,218
10081,218
10082,218
10083,218
10084,218
10085,218
10086,218
10087,218
10088,218
10089,218
10090,218
10091,218
10092,218
10093,218
10094,218
10095,218
10096,218
10097,218
10098,218
10099,218
10100,218
10101,218
10102,218
10103,218
10104,218
10105,218
10106,218
10107,218
10108,218
10109,218
10110,218
10111,218
10112,217
10113,217
10114,217
10115,217
10116,217
10117,216
10118,216
10119,216
10120,216
10121,216
10122,216
10123,216
10124,216
10125,216
10126,216
10127,216
10128,216
10129,216
10130,216
10131,216
10132,216
10133,216
10134,216
10135,216
10136,216
10137,216
10138,216
10139,216
10140,216
10141,216
10142,216
10143,216
10144,216
10145,216
10146,216
10147,216
10148,216
10149,216
10150,216
10151,216
10152,216
10153,216
10154,216
10155,216
10156,216
10157,216
10158,216
10159,216
10160,216
10161,216
10162,216
10163,216
10164,216
10165,216
10166,216
10167,216
10168,216
10169,216
10170,216
10171,216
10172,216
10173,216
10174,216
10175,216
10176,216
10177,216
10178,216
10179,216
10180,216
10181,216
10182,216
10183,216
10184,216
10185,216
10186,216
10187,216
10188,216
10189,216
10190,216
10191,216
10192,216
10193,216
10194,216
10195,216
10196,216
10197,216
10198,216
10199,216
10200,216
10201,216
10202,216
10203,216
10204,216
10205,216
10206,216
10207,216
10208,216
10209,216
10210,216
10211,216
10212,216
10213,216
10214,216
10215,216
10216,216
10217,216
10218,215
10219,215
10220,215
10221,215
10222,215
10223,215
10224,215
10225,215
10226,215
10227,215
10228,215
10229,215
10230,215
10231,215
10232,215
10233,215
10234,215
10235,215
10236,215
10237,215
10238,215
10239,215
10240,215
10241,215
10242,215
10243,215
10244,215
10245,215
10246,215
10247,215
10248,215
10249,215
10250,215
10251,215
10252,215
10253,215
10254,215
10255,215
10256,215
10257,215
10258,215
10259,215
10260,215
10261,215
10262,215
10263,215
10264,215
10265,215
10266,215
10267,215
10268,215
10269,215
10270,215
10271,215
10272,215
10273,215
10274,215
10275,215
10276,215
10277,215
10278,215
10279,215
10280,215
10281,215
10282,215
10283,215
10284,215
10285,215
10286,215
10287,215
10288,215
10289,215
10290,215
10291,215
10292,215
10293,215
10294,215
10295,215
10296,215
10297,215
10298,215
10299,215
10300,215
10301,215
10302,215
10303,215
10304,215
10305,215
10306,215
10307,215
10308,215
10309,215
10310,214
10311,214
10312,214
10313,214
10314,214
10315,214
10316,214
10317,214
10318,214
10319,214
10320,213
10321,213
10322,213
10323,213
10324,213
10325,213
10326,213
10327,213
10328,213
10329,213
10330,213
10331,213
10332,213
10333,213
10334,213
10335,212
10336,212
10337,212
10338,212
10339,212
10340,212
10341,212
10342,212
10343,212
10344,212
10345,212
10346,212
10347,212
10348,212
10349,212
10350,212
10351,212
10352,212
10353,212
10354,212
10355,212
10356,212
10357,212
10358,212
10359,212
10360,212
10361,212
10362,212
10363,212
10364,212
10365,211
10366,211
10367,211
10368,211
10369,211
10370,211
10371,211
10372,211
10373,211
10374,211
10375,211
10376,211
10377,211
10378,211
10379,210
10380,210
10381,210
10382,210
10383,210
10384,210
10385,210
10386,209
10387,209
10388,209
10389,209
10390,209
10391,209
10392,209
10393,209
10394,209
10395,209
10396,209
10397,209
10398,209
10399,209
10400,209
10401,209
10402,209
10403,209
10404,209
10405,209
10406,209
10407,209
10408,209
10409,209
10410,209
10411,209
10412,209
10413,209
10414,209
10415,209
10416,209
10417,209
10418,209
10419,209
10420,209
10421,209
10422,209
10423,209
10424,209
10425,209
10426,209
10427,209
10428,209
10429,209
10430,209
10431,209
10432,209
10433,209
10434,209
10435,209
10436,209
10437,209
10438,209
10439,209
10440,209
10441,209
10442,209
10443,209
10444,209
10445,209
10446,209
10447,209
10448,209
10449,209
10450,209
10451,209
10452,209
10453,208
10454,208
10455,208
10456,208
10457,208
10458,208
10459,208
10460,208
10461,208
10462,207
10463,207
10464,207
10465,207
10466,207
10467,207
10468,207
10469,207
10470,207
10471,207
10472,207
10473,207
10474,207
10475,207
10476,207
10477,207
10478,207
10479,207
10480,207
10481,207
10482,207
10483,207
10484,207
10485,207
10486,207
10487,207
10488,207
10489,207
10490,207
10491,207
10492,207
10493,207
10494,207
10495,207
10496,207
10497,207
10498,207
10499,207
10500,207
10501,207
10502,207
10503,207
10504,207
10505,206
10506,206
10507,206
10508,206
10509,206
10510,206
10511,206
10512,206
10513,206
10514,206
10515,206
10516,205
10517,205
10518,205
10519,205
10520,205
10521,205
10522,205
10523,205
10524,205
10525,205
10526,205
10527,205
10528,205
10529,205
10530,205
10531,205
10532,205
10533,205
10534,205
10535,205
10536,205
10537,205
10538,204
10539,204
10540,204
10541,204
10542,204
10543,204
10544,204
10545,204
10546,204
10547,204
10548,204
10549,204
10550,204
10551,204
10552,204
10553,204
10554,204
10555,204
10556,204
10557,204
10558,204
10559,204
10560,204
10561,204
10562,204
10563,204
10564,204
10565,204
10566,204
10567,204
10568,204
10569,204
10570,204
10571,204
10572,204
10573,204
10574,204
10575,204
10576,204
10577,204
10578,204
10579,204
10580,204
10581,203
10582,203
10583,203
10584,203
10585,203
10586,203
10587,203
10588,203
10589,203
10590,203
10591,203
10592,203
10593,203
10594,203
10595,203
10596,202
10597,202
10598,202
10599,202
10600,202
10601,202
10602,202
10603,202
10604,202
10605,202
10606,202
10607,202
10608,202
10609,202
10610,202
10611,202
10612,202
10613,202
10614,202
10615,202
10616,202
10617,202
10618,202
10619,202
10620,202
10621,202
10622,201
10623,201
10624,201
10625,201
10626,201
10627,201
10628,201
10629,201
10630,200
10631,200
10632,200
10633,200
10634,200
10635,200
10636,200
10637,200
10638,200
10639,200
10640,200
10641,200
10642,200
10643,200
10644,200
10645,200
10646,200
10647,200
10648,200
10649,200
10650,200
10651,200
10652,200
10653,200
10654,200
10655,200
10656,200
10657,200
10658,200
10659,200
10660,200
10661,200
10662,200
10663,200
10664,200
10665,200
10666,200
10667,200
10668,200
10669,200
10670,200
10671,200
10672,200
10673,200
10674,200
10675,200
10676,199
10677,199
10678,199
10679,199
10680,199
10681,199
10682,199
10683,199
10684,199
10685,199
10686,199
10687,199
10688,199
10689,199
10690,199
10691,199
10692,199
10693,199
10694,199
10695,199
10696,199
10697,199
10698,199
10699,199
10700,199
10701,199
10702,199
10703,199
10704,198
10705,198
10706,198
10707,198
10708,198
10709,198
10710,198
10711,198
10712,198
10713,198
10714,198
10715,198
10716,198
10717,198
10718,198
10719,198
10720,198
10721,198
10722,198
10723,198
10724,198
10725,198
10726,198
10727,198
10728,198
10729,198
10730,198
10731,198
10732,198
10733,198
10734,198
10735,198
10736,198
10737,198
10738,198
10739,198
10740,198
10741,198
10742,198
10743,198
10744,198
10745,198
10746,198
10747,198
10748,198
10749,198
10750,198
10751,198
10752,198
10753,198
10754,198
10755,198
10756,198
10757,198
10758,198
10759,198
10760,198
10761,198
10762,198
10763,198
10764,198
10765,198
10766,198
10767,198
10768,198
10769,198
10770,198
10771,198
10772,198
10773,198
10774,198
10775,198
10776,198
10777,198
10778,198
10779,198
10780,198
10781,198
10782,198
10783,198
10784,198
10785,198
10786,198
10787,198
10788,198
10789,198
10790,198
10791,198
10792,198
10793,198
10794,198
10795,198
10796,198
10797,198
10798,198
10799,198
10800,198
10801,198
10802,198
10803,198
10804,198
10805,198
10806,198
10807,198
10808,198
10809,198
10810,198
10811,198
10812,198
10813,198
10814,198
10815,198
10816,198
10817,198
10818,198
10819,198
10820,198
10821,198
10822,198
10823,198
10824,198
10825,198
10826,198
10827,198
10828,198
10829,198
10830,198
10831,198
10832,198
10833,198
10834,198
10835,198
10836,198
10837,197
10838,197
10839,197
10840,197
10841,197
10842,197
10843,197
10844,197
10845,197
10846,197
10847,197
10848,197
10849,197
10850,197
10851,197
10852,197
10853,197
10854,197
10855,197
10856,197
10857,196
10858,196
10859,196
10860,196
10861,196
10862,196
10863,196
10864,196
10865,196
10866,196
10867,196
10868,196
10869,196
10870,196
10871,196
10872,196
10873,196
10874,196
10875,196
10876,196
10877,196
10878,196
10879,196
10880,196
10881,196
10882,196
10883,196
10884,196
10885,196
10886,196
10887,196
10888,196
10889,196
10890,196
10891,196
10892,196
10893,196
10894,196
10895,196
10896,196
10897,196
10898,196
10899,196
10900,196
10901,196
10902,196
10903,196
10904,196
10905,196
10906,196
10907,196
10908,196
10909,196
10910,196
10911,196
10912,196
10913,196
10914,196
10915,196
10916,196
10917,196
10918,196
10919,196
10920,196
10921,196
10922,196
10923,196
10924,196
10925,196
10926,196
10927,196
10928,196
10929,196
10930,196
10931,196
10932,195
10933,195
10934,194
10935,194
10936,194
10937,194
10938,194
10939,194
10940,194
10941,194
10942,194
10943,194
10944,194
10945,194
10946,194
10947,194
10948,194
10949,194
10950,194
10951,194
10952,194
10953,194
10954,193
10955,193
10956,193
10957,193
10958,193
10959,193
10960,193
10961,193
10962,193
10963,193
10964,193
10965,193
10966,193
10967,193
10968,193
10969,193
10970,193
10971,193
10972,193
10973,193
10974,193
10975,193
10976,193
10977,193
10978,193
10979,193
10980,193
10981,193
10982,193
10983,193
10984,193
10985,193
10986,193
10987,193
10988,193
10989,193
10990,193
10991,193
10992,193
10993,193
10994,193
10995,193
10996,193
10997,193
10998,193
10999,193
11000,193
11001,193
11002,193
11003,193
11004,193
11005,193
11006,193
11007,192
11008,192
11009,192
11010,192
11011,192
11012,192
11013,192
11014,192
11015,192
11016,192
11017,192
11018,192
11019,192
11020,192
11021,192
11022,192
11023,192
11024,192
11025,192
11026,192
11027,192
11028,192
11029,192
11030,192
11031,192
11032,192
11033,192
11034,192
11035,192
11036,192
11037,192
11038,192
11039,191
11040,191
11041,191
11042,191
11043,191
11044,191
11045,191
11046,191
11047,191
11048,190
11049,190
11050,190
11051,190
11052,190
11053,190
11054,190
11055,190
11056,190
11057,190
11058,190
11059,190
11060,189
11061,189
11062,189
11063,189
11064,189
11065,189
11066,189
11067,189
11068,189
11069,189
11070,189
11071,189
11072,189
11073,189
11074,189
11075,189
11076,189
11077,189
11078,189
11079,189
11080,189
11081,189
11082,189
11083,189
11084,189
11085,189
11086,189
11087,189
11088,189
11089,188
11090,188
11091,188
11092,188
11093,188
11094,188
11095,188
11096,188
11097,188
11098,188
11099,188
11100,188
11101,187
11102,187
11103,187
11104,187
11105,187
11106,187
11107,187
11108,187
11109,187
11110,187
11111,186
11112,185
11113,185
11114,185
11115,185
11116,185
11117,185
11118,183
11119,183
11120,183
11121,183
11122,183
11123,183
11124,183
11125,183
11126,183
11127,183
11128,183
11129,183
11130,183
11131,183
11132,183
11133,182
11134,182
11135,182
11136,182
11137,182
11138,182
11139,182
11140,182
11141,182
11142,182
11143,182
11144,182
11145,182
11146,182
11147,182
11148,182
11149,182
11150,182
11151,182
11152,182
11153,182
11154,182
11155,182
11156,182
11157,182
11158,182
11159,182
11160,182
11161,182
11162,182
11163,182
11164,182
11165,182
11166,182
11167,182
11168,182
11169,182
11170,182
11171,182
11172,182
11173,182
11174,182
11175,182
11176,182
11177,182
11178,182
11179,182
11180,181
11181,181
11182,181
11183,181
11184,181
11185,181
11186,181
11187,181
11188,181
11189,181
11190,181
11191,181
11192,181
11193,181
11194,181
11195,181
11196,181
11197,181
11198,181
11199,181
11200,181
11201,181
11202,181
11203,181
11204,181
11205,180
11206,180
11207,180
11208,179
11209,179
11210,179
11211,179
11212,179
11213,179
11214,179
11215,179
11216,179
11217,179
11218,178
11219,178
11220,178
11221,178
11222,178
11223,178
11224,178
11225,178
11226,178
11227,178
11228,178
11229,178
11230,178
11231,178
11232,178
11233,178
11234,178
11235,177
11236,177
11237,177
11238,177
11239,177
11240,177
11241,177
11242,177
11243,177
11244,177
11245,177
11246,177
11247,177
11248,177
11249,177
11250,177
11251,177
11252,177
11253,177
11254,177
11255,177
11256,177
11257,176
11258,176
11259,176
11260,176
11261,176
11262,175
11263,175
11264,175
11265,175
11266,175
11267,175
11268,175
11269,175
11270,175
11271,175
11272,175
11273,175
11274,175
11275,175
11276,175
11277,175
11278,175
11279,175
11280,175
11281,175
11282,175
11283,175
11284,175
11285,175
11286,175
11287,175
11288,175
11289,175
11290,175
11291,175
11292,175
11293,175
11294,175
11295,175
11296,175
11297,175
11298,175
11299,175
11300,175
11301,175
11302,175
11303,175
11304,175
11305,175
11306,175
11307,175
11308,175
11309,175
11310,175
11311,175
11312,175
11313,174
11314,174
11315,174
11316,174
11317,174
11318,174
11319,174
11320,174
11321,174
11322,174
11323,174
11324,174
11325,174
11326,174
11327,174
11328,174
11329,174
11330,174
11331,174
11332,174
11333,174
11334,174
11335,174
11336,174
11337,174
11338,174
11339,174
11340,174
11341,173
11342,173
11343,173
11344,173
11345,173
11346,173
11347,173
11348,173
11349,173
11350,173
11351,173
11352,173
11353,173
11354,173
11355,173
11356,173
11357,173
11358,173
11359,173
11360,173
11361,173
11362,173
11363,173
11364,173
11365,173
11366,173
11367,173
11368,173
11369,173
11370,173
11371,173
11372,173
11373,173
11374,173
11375,173
11376,173
11377,173
11378,173
11379,173
11380,173
11381,173
11382,173
11383,173
11384,173
11385,173
11386,173
11387,172
11388,172
11389,172
11390,172
11391,172
11392,172
11393,172
11394,172
11395,172
11396,172
11397,172
11398,172
11399,172
11400,172
11401,172
11402,172
11403,172
11404,172
11405,172
11406,172
11407,172
11408,172
11409,172
11410,172
11411,172
11412,172
11413,172
11414,172
11415,172
11416,172
11417,172
11418,172
11419,172
11420,172
11421,172
11422,172
11423,172
11424,172
11425,172
11426,172
11427,172
11428,172
11429,172
11430,172
11431,172
11432,172
11433,172
11434,172
11435,172
11436,172
11437,172
11438,172
11439,172
11440,172
11441,172
11442,172
11443,172
11444,172
11445,172
11446,172
11447,172
11448,172
11449,172
11450,172
11451,172
11452,172
11453,172
11454,172
11455,172
11456,172
11457,172
11458,172
11459,172
11460,172
11461,172
11462,172
11463,172
11464,172
11465,172
11466,172
11467,172
11468,172
11469,172
11470,172
11471,172
11472,172
11473,172
11474,172
11475,172
11476,172
11477,172
11478,172
11479,172
11480,172
11481,172
11482,172
11483,171
11484,171
11485,171
11486,171
11487,171
11488,171
11489,171
11490,171
11491,171
11492,171
11493,171
11494,171
11495,171
11496,171
11497,171
11498,171
11499,171
11500,171
11501,171
11502,171
11503,171
11504,171
11505,171
11506,171
11507,171
11508,171
11509,171
11510,171
11511,171
11512,171
11513,171
11514,171
11515,171
11516,171
11517,171
11518,171
11519,171
11520,171
11521,171
11522,171
11523,171
11524,171
11525,171
11526,171
11527,171
11528,171
11529,171
11530,171
11531,171
11532,171
11533,171
11534,171
11535,171
11536,171
11537,171
11538,171
11539,171
11540,171
11541,171
11542,171
11543,171
11544,171
11545,171
11546,171
11547,171
11548,171
11549,171
11550,171
11551,171
11552,171
11553,171
11554,171
11555,171
11556,171
11557,171
11558,171
11559,171
11560,171
11561,171
11562,171
11563,171
11564,171
11565,171
11566,171
11567,171
11568,171
11569,171
11570,171
11571,171
11572,171
11573,171
11574,171
11575,171
11576,171
11577,171
11578,171
11579,171
11580,171
11581,171
11582,171
11583,171
11584,171
11585,171
11586,171
11587,171
11588,171
11589,170
11590,170
11591,170
11592,170
11593,170
11594,170
11595,170
11596,170
11597,170
11598,170
11599,170
11600,170
11601,170
11602,170
11603,170
11604,170
11605,170
11606,170
11607,170
11608,170
11609,170
11610,170
11611,170
11612,170
11613,170
11614,170
11615,170
11616,170
11617,170
11618,170
11619,170
11620,170
11621,170
11622,170
11623,170
11624,170
11625,169
11626,169
11627,169
11628,169
11629,169
11630,169
11631,169
11632,169
11633,169
11634,169
11635,169
11636,169
11637,169
11638,169
11639,169
11640,169
11641,169
11642,169
11643,169
11644,169
11645,169
11646,169
11647,169
11648,169
11649,169
11650,169
11651,169
11652,169
11653,169
11654,169
11655,169
11656,169
11657,169
11658,169
11659,169
11660,169
11661,169
11662,169
11663,169
11664,169
11665,169
11666,169
11667,169
11668,169
11669,169
11670,169
11671,169
11672,169
11673,169
11674,169
11675,169
11676,169
11677,169
11678,169
11679,169
11680,169
11681,169
11682,169
11683,169
11684,169
11685,169
11686,169
11687,169
11688,169
11689,169
11690,169
11691,169
11692,169
11693,169
11694,169
11695,169
11696,169
11697,169
11698,169
11699,169
11700,169
11701,168
11702,168
11703,168
11704,167
11705,167
11706,167
11707,167
11708,167
11709,167
11710,167
11711,167
11712,167
11713,167
11714,167
11715,167
11716,166
11717,166
11718,166
11719,166
11720,166
11721,166
11722,166
11723,166
11724,166
11725,166
11726,166
11727,166
11728,166
11729,166
11730,166
11731,166
11732,166
11733,166
11734,166
11735,166
11736,166
11737,166
11738,166
11739,166
11740,166
11741,166
11742,166
11743,166
11744,166
11745,166
11746,166
11747,166
11748,166
11749,166
11750,166
11751,166
11752,166
11753,166
11754,166
11755,166
11756,166
11757,166
11758,166
11759,166
11760,166
11761,166
11762,166
11763,166
11764,165
11765,165
11766,165
11767,165
11768,165
11769,165
11770,165
11771,165
11772,165
11773,165
11774,165
11775,165
11776,165
11777,165
11778,165
11779,165
11780,165
11781,165
11782,165
11783,165
11784,165
11785,165
11786,165
11787,165
11788,165
11789,165
11790,165
11791,165
11792,165
11793,165
11794,165
11795,165
11796,165
11797,165
11798,165
11799,165
11800,165
11801,165
11802,165
11803,165
11804,165
11805,165
11806,165
11807,165
11808,165
11809,165
11810,165
11811,165
11812,165
11813,165
11814,165
11815,165
11816,165
11817,165
11818,165
11819,165
11820,165
11821,165
11822,165
11823,165
11824,165
11825,165
11826,165
11827,165
11828,165
11829,165
11830,165
11831,165
11832,165
11833,165
11834,165
11835,165
11836,165
11837,165
11838,165
11839,165
11840,165
11841,165
11842,165
11843,165
11844,165
11845,165
11846,165
11847,165
11848,165
11849,165
11850,165
11851,165
11852,165
11853,165
11854,165
11855,165
11856,165
11857,165
11858,165
11859,165
11860,165
11861,165
11862,165
11863,165
11864,165
11865,165
11866,165
11867,165
11868,165
11869,165
11870,165
11871,165
11872,165
11873,165
11874,165
11875,165
11876,165
11877,164
11878,164
11879,164
11880,164
11881,164
11882,164
11883,164
11884,164
11885,164
11886,164
11887,164
11888,164
11889,164
11890,164
11891,164
11892,164
11893,164
11894,164
11895,164
11896,164
11897,164
11898,164
11899,164
11900,164
11901,164
11902,164
11903,164
11904,164
11905,164
11906,164
11907,164
11908,164
11909,164
11910,164
11911,164
11912,164
11913,164
11914,164
11915,164
11916,164
11917,164
11918,164
11919,164
11920,164
11921,164
11922,164
11923,164
11924,164
11925,164
11926,164
11927,164
11928,164
11929,164
11930,164
11931,164
11932,164
11933,164
11934,164
11935,164
11936,164
11937,164
11938,164
11939,164
11940,164
11941,164
11942,164
11943,164
11944,164
11945,164
11946,164
11947,164
11948,164
11949,164
11950,164
11951,164
11952,164
11953,164
11954,164
11955,164
11956,164
11957,164
11958,164
11959,164
11960,164
11961,164
11962,164
11963,164
11964,164
11965,164
11966,164
11967,164
11968,164
11969,164
11970,164
11971,164
11972,164
11973,164
11974,164
11975,164
11976,164
11977,164
11978,164
11979,164
11980,163
11981,163
11982,163
11983,163
11984,163
11985,163
11986,163
11987,163
11988,163
11989,163
11990,163
11991,161
11992,161
11993,161
11994,161
11995,161
11996,161
11997,161
11998,161
11999,161
12000,161
12001,161
12002,161
12003,161
12004,161
12005,161
12006,161
12007,161
12008,161
12009,161
12010,161
12011,161
12012,161
12013,161
12014,161
12015,161
12016,161
12017,161
12018,161
12019,161
12020,160
12021,160
12022,160
12023,160
12024,160
12025,160
12026,160
12027,160
12028,160
12029,160
12030,160
12031,160
12032,160
12033,160
12034,160
12035,160
12036,160
12037,160
12038,160
12039,160
12040,160
12041,160
12042,160
12043,160
12044,160
12045,160
12046,160
12047,160
12048,160
12049,160
12050,160
12051,160
12052,160
12053,160
12054,160
12055,160
12056,160
12057,160
12058,160
12059,160
12060,160
12061,160
12062,160
12063,160
12064,160
12065,160
12066,160
12067,160
12068,160
12069,160
12070,160
12071,160
12072,160
12073,160
12074,160
12075,160
12076,160
12077,160
12078,160
12079,160
12080,160
12081,160
12082,160
12083,160
12084,160
12085,160
12086,160
12087,160
12088,160
12089,160
12090,160
12091,160
12092,160
12093,160
12094,160
12095,160
12096,160
12097,160
12098,160
12099,160
12100,160
12101,160
12102,160
12103,160
12104,160
12105,160
12106,160
12107,160
12108,160
12109,160
12110,160
12111,160
12112,160
12113,160
12114,160
12115,160
12116,160
12117,160
12118,160
12119,160
12120,160
12121,160
12122,160
12123,160
12124,160
12125,160
12126,160
12127,160
12128,160
12129,160
12130,160
12131,160
12132,160
12133,160
12134,160
12135,160
12136,159
12137,159
12138,158
12139,158
12140,158
12141,158
12142,158
12143,158
12144,158
12145,158
12146,158
12147,157
12148,157
12149,157
12150,157
12151,157
12152,157
12153,157
12154,157
12155,157
12156,157
12157,157
12158,157
12159,157
12160,157
12161,157
12162,157
12163,157
12164,157
12165,157
12166,157
12167,157
12168,157
12169,157
12170,157
12171,157
12172,157
12173,157
12174,157
12175,157
12176,157
12177,157
12178,157
12179,157
12180,157
12181,157
12182,157
12183,157
12184,157
12185,157
12186,157
12187,157
12188,157
12189,157
12190,157
12191,157
12192,157
12193,157
12194,157
12195,157
12196,157
12197,157
12198,157
12199,157
12200,157
12201,157
12202,157
12203,157
12204,157
12205,157
12206,157
12207,157
12208,157
12209,157
12210,157
12211,157
12212,157
12213,157
12214,157
12215,157
12216,157
12217,157
12218,157
12219,157
12220,157
12221,157
12222,157
12223,157
12224,157
12225,157
12226,157
12227,157
12228,157
12229,157
12230,157
12231,157
12232,157
12233,157
12234,157
12235,157
12236,157
12237,157
12238,157
12239,157
12240,157
12241,157
12242,157
12243,157
12244,157
12245,157
12246,157
12247,157
12248,157
12249,157
12250,157
12251,157
12252,157
12253,157
12254,157
12255,157
12256,157
12257,157
12258,157
12259,157
12260,157
12261,157
12262,157
12263,157
12264,157
12265,157
12266,157
12267,157
12268,157
12269,157
12270,157
12271,157
12272,157
12273,157
12274,157
12275,157
12276,157
12277,157
12278,157
12279,157
12280,157
12281,157
12282,157
12283,157
12284,157
12285,157
12286,156
12287,156
12288,156
12289,156
12290,156
12291,156
12292,156
12293,156
12294,156
12295,156
12296,156
12297,156
12298,156
12299,156
12300,156
12301,156
12302,155
12303,155
12304,155
12305,155
12306,155
12307,155
12308,155
12309,155
12310,154
12311,154
12312,154
12313,154
12314,154
12315,154
12316,154
12317,154
12318,154
12319,154
12320,154
12321,154
12322,154
12323,154
12324,154
12325,154
12326,154
12327,154
12328,154
12329,154
12330,154
12331,154
12332,154
12333,154
12334,154
12335,154
12336,154
12337,154
12338,154
12339,154
12340,154
12341,154
12342,154
12343,154
12344,154
12345,154
12346,154
12347,154
12348,154
12349,154
12350,154
12351,154
12352,154
12353,154
12354,154
12355,154
12356,154
12357,154
12358,154
12359,154
12360,154
12361,154
12362,154
12363,154
12364,154
12365,154
12366,154
12367,154
12368,154
12369,154
12370,153
12371,153
12372,153
12373,153
12374,153
12375,153
12376,153
12377,153
12378,153
12379,153
12380,153
12381,152
12382,152
12383,152
12384,152
12385,152
12386,152
12387,152
12388,152
12389,152
12390,152
12391,152
12392,152
12393,152
12394,152
12395,152
12396,152
12397,152
12398,152
12399,152
12400,152
12401,152
12402,152
12403,152
12404,152
12405,152
12406,152
12407,152
12408,152
12409,152
12410,152
12411,152
12412,152
12413,152
12414,152
12415,152
12416,152
12417,152
12418,152
12419,152
12420,152
12421,152
12422,152
12423,152
12424,152
12425,152
12426,152
12427,152
12428,152
12429,152
12430,152
12431,152
12432,152
12433,152
12434,152
12435,152
12436,152
12437,152
12438,152
12439,152
12440,152
12441,152
12442,152
12443,152
12444,152
12445,152
12446,152
12447,152
12448,152
12449,152
12450,152
12451,152
12452,152
12453,152
12454,152
12455,152
12456,152
12457,152
12458,152
12459,152
12460,152
12461,152
12462,152
12463,152
12464,152
12465,152
12466,152
12467,152
12468,152
12469,152
12470,152
12471,152
12472,152
12473,152
12474,152
12475,152
12476,152
12477,152
12478,152
12479,152
12480,152
12481,152
12482,152
12483,152
12484,152
12485,152
12486,152
12487,152
12488,152
12489,152
12490,152
12491,152
12492,152
12493,152
12494,152
12495,152
12496,152
12497,152
12498,152
12499,152
12500,152
12501,152
12502,152
12503,152
12504,152
12505,152
12506,152
12507,152
12508,152
12509,152
12510,152
12511,152
12512,152
12513,152
12514,152
12515,152
12516,152
12517,152
12518,151
12519,151
12520,151
12521,151
12522,151
12523,151
12524,151
12525,151
12526,151
12527,151
12528,151
12529,151
12530,151
12531,151
12532,151
12533,151
12534,151
12535,151
12536,151
12537,151
12538,151
12539,151
12540,151
12541,151
12542,151
12543,151
12544,151
12545,151
12546,151
12547,151
12548,151
12549,151
12550,151
12551,151
12552,151
12553,151
12554,151
12555,151
12556,151
12557,151
12558,151
12559,151
12560,151
12561,151
12562,151
12563,151
12564,151
12565,151
12566,151
12567,151
12568,151
12569,151
12570,151
12571,151
12572,151
12573,151
12574,151
12575,151
12576,151
12577,151
12578,150
12579,150
12580,150
12581,150
12582,150
12583,150
12584,150
12585,150
12586,150
12587,150
12588,150
12589,150
12590,150
12591,150
12592,150
12593,150
12594,150
12595,150
12596,150
12597,150
12598,150
12599,150
12600,150
12601,150
12602,150
12603,150
12604,150
12605,150
12606,150
12607,150
12608,150
12609,150
12610,150
12611,150
12612,150
12613,150
12614,150
12615,150
12616,150
12617,150
12618,150
12619,150
12620,150
12621,150
12622,150
12623,150
12624,150
12625,150
12626,150
12627,150
12628,150
12629,150
12630,150
12631,150
12632,150
12633,150
12634,150
12635,150
12636,150
12637,150
12638,150
12639,150
12640,150
12641,150
12642,150
12643,150
12644,150
12645,150
12646,150
12647,150
12648,150
12649,150
12650,150
12651,150
12652,150
12653,150
12654,150
12655,150
12656,150
12657,150
12658,150
12659,150
12660,150
12661,150
12662,150
12663,150
12664,150
12665,150
12666,150
12667,150
12668,150
12669,150
12670,150
12671,150
12672,150
12673,150
12674,150
12675,150
12676,150
12677,150
12678,150
12679,150
12680,150
12681,150
12682,150
12683,150
12684,150
12685,150
12686,150
12687,150
12688,150
12689,150
12690,150
12691,150
12692,150
12693,150
12694,150
12695,150
12696,150
12697,150
12698,150
12699,150
12700,150
12701,150
12702,150
12703,150
12704,150
12705,150
12706,150
12707,150
12708,150
12709,150
12710,150
12711,150
12712,150
12713,150
12714,150
12715,150
12716,150
12717,150
12718,150
12719,150
12720,150
12721,150
12722,150
12723,150
12724,150
12725,150
12726,150
12727,150
12728,150
12729,150
12730,150
12731,150
12732,150
12733,150
12734,150
12735,150
12736,150
12737,150
12738,150
12739,150
12740,150
12741,150
12742,150
12743,150
12744,150
12745,150
12746,150
12747,150
12748,150
12749,150
12750,150
12751,150
12752,150
12753,150
12754,150
12755,150
12756,150
12757,150
12758,150
12759,150
12760,150
12761,150
12762,150
12763,150
12764,150
12765,150
12766,150
12767,150
12768,150
12769,150
12770,150
12771,150
12772,150
12773,150
12774,150
12775,150
12776,150
12777,150
12778,150
12779,150
12780,150
12781,150
12782,150
12783,150
12784,150
12785,150
12786,150
12787,150
12788,150
12789,150
12790,150
12791,150
12792,150
12793,150
12794,150
12795,150
12796,150
12797,149
12798,149
12799,149
12800,149
12801,149
12802,149
12803,149
12804,149
12805,149
12806,149
12807,149
12808,149
12809,149
12810,149
12811,149
12812,149
12813,149
12814,149
12815,149
12816,149
12817,149
12818,149
12819,149
12820,149
12821,149
12822,149
12823,149
12824,149
12825,149
12826,149
12827,149
12828,149
12829,149
12830,149
12831,149
12832,149
12833,149
12834,149
12835,149
12836,149
12837,149
12838,149
12839,149
12840,149
12841,149
12842,149
12843,149
12844,149
12845,149
12846,149
12847,149
12848,149
12849,149
12850,149
12851,149
12852,149
12853,149
12854,149
12855,149
12856,149
12857,149
12858,149
12859,149
12860,149
12861,149
12862,149
12863,149
12864,149
12865,149
12866,149
12867,149
12868,149
12869,149
12870,149
12871,149
12872,149
12873,149
12874,149
12875,149
12876,149
12877,149
12878,149
12879,149
12880,149
12881,149
12882,149
12883,149
12884,149
12885,149
12886,149
12887,149
12888,149
12889,149
12890,149
12891,149
12892,149
12893,149
12894,149
12895,149
12896,149
12897,149
12898,149
12899,149
12900,148
12901,148
12902,148
12903,148
12904,148
12905,148
12906,148
12907,148
12908,148
12909,148
12910,148
12911,148
12912,148
12913,148
12914,148
12915,148
12916,148
12917,148
12918,148
12919,148
12920,148
12921,148
12922,148
12923,148
12924,148
12925,148
12926,148
12927,148
12928,148
12929,148
12930,148
12931,148
12932,148
12933,148
12934,148
12935,148
12936,148
12937,148
12938,148
12939,148
12940,148
12941,148
12942,148
12943,148
12944,148
12945,148
12946,148
12947,148
12948,148
12949,148
12950,148
12951,148
12952,148
12953,148
12954,148
12955,148
12956,148
12957,148
12958,148
12959,148
12960,148
12961,148
12962,148
12963,148
12964,147
12965,147
12966,147
12967,147
12968,147
12969,147
12970,147
12971,147
12972,147
12973,147
12974,147
12975,147
12976,147
12977,147
12978,147
12979,147
12980,147
12981,147
12982,147
12983,147
12984,147
12985,147
12986,147
12987,147
12988,147
12989,147
12990,147
12991,147
12992,147
12993,147
12994,147
12995,147
12996,147
12997,147
12998,147
12999,147
13000,147
13001,147
13002,147
13003,147
13004,147
13005,147
13006,147
13007,147
13008,147
13009,147
13010,147
13011,147
13012,147
13013,147
13014,147
13015,147
13016,147
13017,147
13018,146
13019,146
13020,146
13021,146
13022,146
13023,146
13024,146
13025,146
13026,146
13027,146
13028,146
13029,146
13030,146
13031,146
13032,146
13033,146
13034,146
13035,146
13036,146
13037,146
13038,146
13039,146
13040,146
13041,146
13042,146
13043,146
13044,146
13045,146
13046,146
13047,146
13048,146
13049,146
13050,146
13051,146
13052,146
13053,146
13054,146
13055,146
13056,146
13057,146
13058,146
13059,146
13060,146
13061,145
13062,145
13063,145
13064,145
13065,145
13066,145
13067,145
13068,145
13069,145
13070,145
13071,145
13072,145
13073,145
13074,145
13075,145
13076,145
13077,145
13078,145
13079,145
13080,144
13081,144
13082,144
13083,144
13084,144
13085,144
13086,144
13087,144
13088,144
13089,144
13090,144
13091,144
13092,144
13093,144
13094,144
13095,144
13096,144
13097,144
13098,144
13099,144
13100,144
13101,144
13102,144
13103,144
13104,144
13105,144
13106,144
13107,144
13108,144
13109,144
13110,144
13111,144
13112,144
13113,144
13114,144
13115,144
13116,144
13117,144
13118,144
13119,144
13120,144
13121,144
13122,144
13123,144
13124,144
13125,144
13126,144
13127,144
13128,144
13129,144
13130,144
13131,144
13132,144
13133,144
13134,144
13135,144
13136,144
13137,144
13138,144
13139,144
13140,144
13141,144
13142,144
13143,144
13144,144
13145,144
13146,144
13147,144
13148,144
13149,144
13150,144
13151,144
13152,144
13153,144
13154,144
13155,144
13156,144
13157,144
13158,144
13159,144
13160,144
13161,144
13162,144
13163,144
13164,143
13165,143
13166,143
13167,142
13168,142
13169,142
13170,142
13171,142
13172,142
13173,142
13174,141
13175,141
13176,141
13177,141
13178,141
13179,141
13180,141
13181,141
13182,141
13183,141
13184,141
13185,141
13186,141
13187,141
13188,141
13189,141
13190,141
13191,141
13192,141
13193,141
13194,141
13195,141
13196,141
13197,141
13198,141
13199,141
13200,141
13201,141
13202,141
13203,141
13204,140
13205,140
13206,140
13207,140
13208,140
13209,140
13210,140
13211,140
13212,140
13213,140
13214,140
13215,140
13216,140
13217,140
13218,140
13219,140
13220,140
13221,140
13222,140
13223,140
13224,140
13225,140
13226,140
13227,140
13228,140
13229,140
13230,140
13231,140
13232,140
13233,140
13234,140
13235,140
13236,140
13237,140
13238,140
13239,140
13240,140
13241,140
13242,140
13243,140
13244,140
13245,140
13246,140
13247,140
13248,140
13249,140
13250,140
13251,140
13252,140
13253,140
13254,140
13255,140
13256,140
13257,140
13258,140
13259,140
13260,140
13261,140
13262,140
13263,140
13264,140
13265,140
13266,140
13267,140
13268,140
13269,140
13270,140
13271,140
13272,140
13273,140
13274,140
13275,140
13276,140
13277,140
13278,140
13279,140
13280,140
13281,140
13282,140
13283,140
13284,140
13285,140
13286,140
13287,140
13288,140
13289,140
13290,140
13291,140
13292,140
13293,140
13294,140
13295,140
13296,140
13297,140
13298,140
13299,140
13300,140
13301,140
13302,140
13303,140
13304,140
13305,140
13306,140
13307,140
13308,140
13309,140
13310,140
13311,140
13312,140
13313,140
13314,140
13315,140
13316,140
13317,140
13318,140
13319,140
13320,140
13321,140
13322,140
13323,140
13324,140
13325,140
13326,140
13327,140
13328,140
13329,140
13330,140
13331,140
13332,140
13333,140
13334,140
13335,140
13336,140
13337,140
13338,140
13339,140
13340,140
13341,140
13342,140
13343,140
13344,140
13345,140
13346,140
13347,140
13348,140
13349,140
13350,140
13351,140
13352,140
13353,140
13354,140
13355,140
13356,140
13357,140
13358,140
13359,140
13360,140
13361,140
13362,140
13363,140
13364,140
13365,140
13366,140
13367,140
13368,140
13369,140
13370,140
13371,140
13372,140
13373,140
13374,140
13375,140
13376,140
13377,140
13378,140
13379,140
13380,140
13381,140
13382,140
13383,140
13384,140
13385,140
13386,140
13387,140
13388,140
13389,140
13390,140
13391,140
13392,140
13393,140
13394,140
13395,140
13396,140
13397,140
13398,140
13399,140
13400,140
13401,140
13402,140
13403,140
13404,140
13405,140
13406,140
13407,140
13408,140
13409,140
13410,140
13411,140
13412,140
13413,140
13414,140
13415,140
13416,140
13417,140
13418,140
13419,140
13420,140
13421,140
13422,140
13423,140
13424,140
13425,140
13426,140
13427,140
13428,140
13429,140
13430,140
13431,140
13432,140
13433,140
13434,140
13435,140
13436,140
13437,140
13438,140
13439,140
13440,140
13441,140
13442,140
13443,140
13444,140
13445,140
13446,140
13447,140
13448,140
13449,140
13450,140
13451,140
13452,140
13453,140
13454,140
13455,140
13456,140
13457,140
13458,140
13459,140
13460,140
13461,140
13462,140
13463,140
13464,140
13465,140
13466,140
13467,140
13468,140
13469,140
13470,140
13471,140
13472,140
13473,140
13474,140
13475,140
13476,140
13477,140
13478,140
13479,140
13480,140
13481,140
13482,139
13483,139
13484,139
13485,139
13486,139
13487,139
13488,139
13489,139
13490,139
13491,139
13492,139
13493,139
13494,139
13495,139
13496,139
13497,139
13498,139
13499,139
13500,139
13501,139
13502,139
13503,139
13504,139
13505,139
13506,139
13507,139
13508,139
13509,139
13510,139
13511,139
13512,139
13513,139
13514,139
13515,139
13516,139
13517,139
13518,139
13519,138
13520,138
13521,138
13522,138
13523,138
13524,138
13525,138
13526,138
13527,138
13528,138
13529,138
13530,138
13531,138
13532,138
13533,138
13534,138
13535,138
13536,138
13537,138
13538,138
13539,138
13540,138
13541,138
13542,138
13543,138
13544,138
13545,138
13546,138
13547,138
13548,138
13549,138
13550,138
13551,138
13552,138
13553,138
13554,138
13555,138
13556,138
13557,138
13558,138
13559,138
13560,138
13561,138
13562,138
13563,138
13564,138
13565,138
13566,138
13567,138
13568,138
13569,138
13570,138
13571,138
13572,138
13573,138
13574,138
13575,138
13576,138
13577,138
13578,138
13579,138
13580,138
13581,138
13582,138
13583,138
13584,138
13585,138
13586,138
13587,138
13588,138
13589,138
13590,138
13591,138
13592,138
13593,138
13594,138
13595,138
13596,138
13597,138
13598,138
13599,138
13600,138
13601,138
13602,138
13603,138
13604,138
13605,138
13606,138
13607,138
13608,138
13609,138
13610,138
13611,138
13612,138
13613,138
13614,138
13615,138
13616,138
13617,138
13618,138
13619,138
13620,138
13621,138
13622,138
13623,138
13624,138
13625,138
13626,137
13627,137
13628,137
13629,137
13630,137
13631,137
13632,137
13633,137
13634,137
13635,137
13636,137
13637,137
13638,137
13639,137
13640,137
13641,137
13642,137
13643,137
13644,137
13645,137
13646,137
13647,137
13648,137
13649,137
13650,137
13651,137
13652,137
13653,137
13654,137
13655,137
13656,137
13657,137
13658,137
13659,137
13660,137
13661,137
13662,137
13663,137
13664,137
13665,137
13666,137
13667,137
13668,137
13669,137
13670,137
13671,137
13672,137
13673,137
13674,137
13675,137
13676,137
13677,137
13678,137
13679,137
13680,137
13681,137
13682,137
13683,136
13684,136
13685,136
13686,136
13687,136
13688,136
13689,136
13690,136
13691,136
13692,136
13693,136
13694,136
13695,136
13696,136
13697,136
13698,136
13699,136
13700,136
13701,136
13702,136
13703,136
13704,136
13705,136
13706,136
13707,136
13708,136
13709,136
13710,136
13711,136
13712,136
13713,136
13714,136
13715,136
13716,136
13717,136
13718,136
13719,135
13720,135
13721,135
13722,135
13723,135
13724,135
13725,135
13726,135
13727,135
13728,135
13729,135
13730,135
13731,135
13732,135
13733,135
13734,135
13735,135
13736,135
13737,135
13738,135
13739,135
13740,135
13741,135
13742,135
13743,135
13744,135
13745,135
13746,135
13747,135
13748,135
13749,135
13750,135
13751,135
13752,135
13753,135
13754,135
13755,135
13756,135
13757,135
13758,135
13759,135
13760,135
13761,135
13762,135
13763,135
13764,135
13765,135
13766,135
13767,135
13768,135
13769,135
13770,135
13771,135
13772,135
13773,135
13774,135
13775,135
13776,135
13777,135
13778,135
13779,135
13780,135
13781,135
13782,135
13783,135
13784,135
13785,135
13786,135
13787,135
13788,135
13789,135
13790,135
13791,135
13792,135
13793,135
13794,135
13795,135
13796,135
13797,135
13798,135
13799,135
13800,135
13801,135
13802,135
13803,135
13804,135
13805,135
13806,135
13807,135
13808,135
13809,135
13810,135
13811,135
13812,135
13813,135
13814,135
13815,135
13816,135
13817,135
13818,135
13819,135
13820,135
13821,135
13822,135
13823,135
13824,135
13825,134
13826,134
13827,134
13828,134
13829,134
13830,134
13831,134
13832,134
13833,134
13834,134
13835,134
13836,134
13837,134
13838,134
13839,134
13840,134
13841,134
13842,134
13843,134
13844,134
13845,134
13846,134
13847,134
13848,134
13849,134
13850,134
13851,134
13852,134
13853,134
13854,134
13855,134
13856,134
13857,134
13858,134
13859,134
13860,134
13861,134
13862,134
13863,134
13864,134
13865,134
13866,134
13867,134
13868,134
13869,134
13870,134
13871,134
13872,134
13873,134
13874,134
13875,134
13876,134
13877,134
13878,134
13879,134
13880,134
13881,134
13882,134
13883,134
13884,134
13885,134
13886,134
13887,134
13888,134
13889,134
13890,134
13891,134
13892,134
13893,134
13894,134
13895,134
13896,134
13897,134
13898,134
13899,134
13900,134
13901,134
13902,134
13903,134
13904,134
13905,134
13906,134
13907,134
13908,134
13909,134
13910,134
13911,134
13912,134
13913,134
13914,134
13915,134
13916,134
13917,134
13918,134
13919,134
13920,134
13921,134
13922,134
13923,134
13924,134
13925,134
13926,134
13927,134
13928,134
13929,134
13930,134
13931,134
13932,134
13933,134
13934,134
13935,134
13936,134
13937,134
13938,134
13939,134
13940,134
13941,134
13942,134
13943,134
13944,134
13945,134
13946,134
13947,134
13948,134
13949,133
13950,133
13951,133
13952,133
13953,133
13954,133
13955,133
13956,133
13957,133
13958,133
13959,133
13960,133
13961,133
13962,133
13963,133
13964,133
13965,133
13966,133
13967,133
13968,133
13969,133
13970,133
13971,133
13972,133
13973,133
13974,133
13975,133
13976,133
13977,133
13978,133
13979,133
13980,133
13981,133
13982,133
13983,133
13984,133
13985,133
13986,133
13987,133
13988,133
13989,133
13990,133
13991,133
13992,133
13993,133
13994,133
13995,133
13996,133
13997,133
13998,133
13999,133
14000,133
14001,133
14002,133
14003,133
14004,133
14005,133
14006,133
14007,133
14008,133
14009,133
14010,133
14011,133
14012,133
14013,133
14014,133
14015,133
14016,132
14017,132
14018,132
14019,132
14020,132
14021,132
14022,132
14023,132
14024,132
14025,132
14026,132
14027,132
14028,132
14029,132
14030,132
14031,132
14032,132
14033,132
14034,132
14035,132
14036,132
14037,132
14038,132
14039,132
14040,132
14041,132
14042,132
14043,132
14044,132
14045,132
14046,132
14047,132
14048,132
14049,132
14050,132
14051,132
14052,132
14053,132
14054,132
14055,132
14056,132
14057,132
14058,132
14059,132
14060,132
14061,132
14062,132
14063,132
14064,132
14065,132
14066,132
14067,132
14068,132
14069,132
14070,132
14071,132
14072,132
14073,132
14074,132
14075,132
14076,132
14077,132
14078,132
14079,132
14080,132
14081,132
14082,132
14083,132
14084,132
14085,132
14086,132
14087,132
14088,132
14089,132
14090,132
14091,132
14092,132
14093,132
14094,132
14095,132
14096,131
14097,131
14098,131
14099,131
14100,131
14101,131
14102,131
14103,131
14104,131
14105,131
14106,131
14107,131
14108,131
14109,131
14110,131
14111,131
14112,131
14113,131
14114,131
14115,131
14116,131
14117,131
14118,131
14119,131
14120,131
14121,131
14122,131
14123,131
14124,131
14125,131
14126,131
14127,131
14128,131
14129,131
14130,131
14131,131
14132,131
14133,131
14134,131
14135,131
14136,131
14137,131
14138,131
14139,131
14140,131
14141,131
14142,131
14143,131
14144,131
14145,131
14146,130
14147,130
14148,130
14149,130
14150,130
14151,130
14152,130
14153,130
14154,130
14155,130
14156,130
14157,130
14158,130
14159,130
14160,130
14161,130
14162,130
14163,130
14164,130
14165,130
14166,129
14167,129
14168,129
14169,129
14170,129
14171,129
14172,129
14173,129
14174,129
14175,129
14176,129
14177,129
14178,129
14179,129
14180,129
14181,129
14182,129
14183,129
14184,129
14185,129
14186,129
14187,129
14188,129
14189,129
14190,129
14191,129
14192,129
14193,129
14194,129
14195,129
14196,129
14197,129
14198,129
14199,129
14200,129
14201,129
14202,129
14203,129
14204,129
14205,129
14206,129
14207,129
14208,129
14209,129
14210,129
14211,129
14212,129
14213,129
14214,129
14215,129
14216,129
14217,129
14218,129
14219,129
14220,129
14221,129
14222,129
14223,129
14224,129
14225,129
14226,129
14227,129
14228,129
14229,129
14230,129
14231,129
14232,129
14233,129
14234,129
14235,129
14236,129
14237,129
14238,129
14239,129
14240,129
14241,129
14242,129
14243,129
14244,129
14245,129
14246,129
14247,129
14248,129
14249,129
14250,129
14251,129
14252,129
14253,129
14254,129
14255,129
14256,129
14257,129
14258,129
14259,129
14260,129
14261,129
14262,129
14263,129
14264,129
14265,129
14266,129
14267,129
14268,129
14269,129
14270,129
14271,129
14272,129
14273,129
14274,129
14275,129
14276,129
14277,129
14278,129
14279,129
14280,129
14281,129
14282,129
14283,129
14284,129
14285,129
14286,129
14287,129
14288,129
14289,129
14290,129
14291,129
14292,129
14293,129
14294,129
14295,129
14296,129
14297,129
14298,129
14299,129
14300,129
14301,129
14302,129
14303,129
14304,129
14305,129
14306,129
14307,129
14308,129
14309,129
14310,129
14311,129
14312,129
14313,129
14314,129
14315,129
14316,129
14317,129
14318,129
14319,129
14320,129
14321,129
14322,129
14323,129
14324,129
14325,129
14326,129
14327,129
14328,129
14329,129
14330,129
14331,129
14332,129
14333,129
14334,129
14335,129
14336,129
14337,129
14338,129
14339,129
14340,129
14341,129
14342,129
14343,129
14344,129
14345,129
14346,129
14347,129
14348,129
14349,129
14350,129
14351,129
14352,129
14353,129
14354,129
14355,129
14356,129
14357,129
14358,129
14359,129
14360,129
14361,129
14362,129
14363,129
14364,129
14365,129
14366,129
14367,129
14368,129
14369,129
14370,129
14371,129
14372,129
14373,129
14374,129
14375,129
14376,129
14377,129
14378,129
14379,129
14380,129
14381,129
14382,129
14383,129
14384,129
14385,129
14386,129
14387,129
14388,129
14389,129
14390,129
14391,129
14392,129
14393,129
14394,129
14395,129
14396,129
14397,129
14398,129
14399,129
14400,129
14401,129
14402,129
14403,129
14404,129
14405,129
14406,129
14407,129
14408,129
14409,129
14410,129
14411,129
14412,129
14413,129
14414,129
14415,129
14416,129
14417,129
14418,129
14419,129
14420,129
14421,129
14422,129
14423,129
14424,129
14425,129
14426,129
14427,129
14428,129
14429,129
14430,129
14431,129
14432,129
14433,129
14434,129
14435,129
14436,129
14437,129
14438,129
14439,129
14440,129
14441,129
14442,129
14443,129
14444,129
14445,129
14446,129
14447,129
14448,129
14449,129
14450,129
14451,129
14452,129
14453,129
14454,129
14455,129
14456,129
14457,129
14458,129
14459,129
14460,129
14461,129
14462,129
14463,129
14464,129
14465,129
14466,129
14467,129
14468,129
14469,129
14470,129
14471,129
14472,129
14473,129
14474,129
14475,129
14476,129
14477,129
14478,129
14479,129
14480,129
14481,129
14482,129
14483,129
14484,129
14485,129
14486,129
14487,129
14488,129
14489,129
14490,129
14491,129
14492,129
14493,129
14494,129
14495,129
14496,129
14497,129
14498,129
14499,129
14500,129
14501,129
14502,129
14503,129
14504,129
14505,129
14506,129
14507,129
14508,129
14509,129
14510,129
14511,129
14512,129
14513,129
14514,129
14515,129
14516,129
14517,129
14518,129
14519,129
14520,129
14521,129
14522,129
14523,129
14524,129
14525,129
14526,129
14527,128
14528,128
14529,128
14530,128
14531,128
14532,128
14533,128
14534,128
14535,128
14536,128
14537,128
14538,128
14539,128
14540,128
14541,128
14542,128
14543,128
14544,128
14545,128
14546,128
14547,128
14548,128
14549,128
14550,128
14551,128
14552,128
14553,128
14554,128
14555,128
14556,128
14557,128
14558,128
14559,128
14560,128
14561,128
14562,128
14563,128
14564,128
14565,128
14566,128
14567,128
14568,128
14569,128
14570,128
14571,128
14572,128
14573,128
14574,128
14575,128
14576,128
14577,128
14578,128
14579,128
14580,127
14581,127
14582,127
14583,127
14584,127
14585,127
14586,127
14587,127
14588,127
14589,127
14590,127
14591,127
14592,127
14593,127
14594,127
14595,127
14596,127
14597,127
14598,127
14599,127
14600,127
14601,127
14602,127
14603,127
14604,127
14605,127
14606,127
14607,127
14608,127
14609,127
14610,127
14611,127
14612,127
14613,127
14614,126
14615,126
14616,126
14617,126
14618,126
14619,126
14620,126
14621,126
14622,126
14623,126
14624,126
14625,126
14626,126
14627,126
14628,126
14629,126
14630,126
14631,126
14632,126
14633,126
14634,126
14635,126
14636,126
14637,126
14638,126
14639,126
14640,126
14641,126
14642,126
14643,126
14644,126
14645,126
14646,126
14647,126
14648,126
14649,126
14650,126
14651,126
14652,126
14653,126
14654,126
14655,126
14656,125
14657,125
14658,125
14659,125
14660,125
14661,125
14662,125
14663,125
14664,125
14665,125
14666,125
14667,125
14668,125
14669,125
14670,125
14671,125
14672,125
14673,125
14674,125
14675,125
14676,125
14677,125
14678,125
14679,125
14680,125
14681,125
14682,125
14683,125
14684,125
14685,125
14686,125
14687,125
14688,125
14689,125
14690,125
14691,125
14692,125
14693,125
14694,125
14695,125
14696,125
14697,125
14698,125
14699,125
14700,125
14701,124
14702,124
14703,124
14704,124
14705,124
14706,124
14707,124
14708,124
14709,124
14710,124
14711,124
14712,124
14713,124
14714,124
14715,124
14716,124
14717,124
14718,124
14719,124
14720,124
14721,124
14722,124
14723,124
14724,124
14725,124
14726,124
14727,124
14728,124
14729,124
14730,124
14731,124
14732,124
14733,124
14734,124
14735,124
14736,124
14737,124
14738,124
14739,124
14740,124
14741,124
14742,124
14743,124
14744,124
14745,124
14746,124
14747,124
14748,124
14749,124
14750,124
14751,124
14752,124
14753,124
14754,124
14755,124
14756,124
14757,124
14758,124
14759,124
14760,124
14761,124
14762,124
14763,124
14764,124
14765,124
14766,124
14767,124
14768,123
14769,123
14770,123
14771,123
14772,123
14773,123
14774,123
14775,123
14776,123
14777,123
14778,123
14779,123
14780,123
14781,123
14782,123
14783,123
14784,123
14785,123
14786,123
14787,123
14788,123
14789,123
14790,123
14791,123
14792,123
14793,123
14794,123
14795,123
14796,123
14797,123
14798,123
14799,123
14800,123
14801,123
14802,123
14803,123
14804,123
14805,123
14806,123
14807,123
14808,123
14809,123
14810,123
14811,123
14812,123
14813,123
14814,123
14815,123
14816,123
14817,123
14818,123
14819,123
14820,123
14821,123
14822,123
14823,123
14824,123
14825,123
14826,123
14827,123
14828,123
14829,123
14830,122
14831,121
14832,121
14833,121
14834,121
14835,121
14836,121
14837,121
14838,121
14839,121
14840,121
14841,121
14842,121
14843,121
14844,121
14845,121
14846,121
14847,121
14848,121
14849,121
14850,121
14851,121
14852,121
14853,121
14854,121
14855,121
14856,121
14857,121
14858,121
14859,121
14860,121
14861,121
14862,121
14863,121
14864,121
14865,121
14866,121
14867,121
14868,121
14869,121
14870,121
14871,121
14872,121
14873,121
14874,121
14875,121
14876,121
14877,121
14878,121
14879,121
14880,121
14881,121
14882,121
14883,121
14884,121
14885,121
14886,121
14887,121
14888,121
14889,121
14890,121
14891,121
14892,121
14893,121
14894,121
14895,121
14896,121
14897,121
14898,121
14899,121
14900,121
14901,121
14902,121
14903,121
14904,121
14905,121
14906,121
14907,121
14908,121
14909,121
14910,121
14911,121
14912,121
14913,121
14914,121
14915,121
14916,121
14917,121
14918,121
14919,121
14920,121
14921,121
14922,121
14923,121
14924,120
14925,120
14926,120
14927,120
14928,120
14929,120
14930,120
14931,120
14932,120
14933,120
14934,120
14935,120
14936,120
14937,120
14938,120
14939,120
14940,120
14941,120
14942,120
14943,120
14944,120
14945,120
14946,120
14947,120
14948,120
14949,120
14950,120
14951,120
14952,120
14953,120
14954,120
14955,120
14956,120
14957,120
14958,120
14959,120
14960,120
14961,120
14962,120
14963,120
14964,120
14965,120
14966,120
14967,120
14968,120
14969,120
14970,120
14971,120
14972,120
14973,120
14974,120
14975,120
14976,120
14977,120
14978,120
14979,120
14980,120
14981,120
14982,120
14983,120
14984,120
14985,120
14986,120
14987,120
14988,120
14989,120
14990,120
14991,120
14992,120
14993,120
14994,120
14995,120
14996,120
14997,120
14998,120
14999,120
15000,120
15001,120
15002,120
15003,119
15004,119
15005,119
15006,119
15007,119
15008,119
15009,119
15010,119
15011,119
15012,119
15013,119
15014,119
15015,119
15016,119
15017,119
15018,119
15019,119
15020,119
15021,119
15022,119
15023,119
15024,119
15025,119
15026,119
15027,119
15028,119
15029,119
15030,119
15031,119
15032,119
15033,119
15034,119
15035,119
15036,119
15037,119
15038,119
15039,119
15040,119
15041,119
15042,119
15043,119
15044,119
15045,119
15046,119
15047,119
15048,119
15049,119
15050,119
15051,119
15052,119
15053,119
15054,119
15055,119
15056,119
15057,119
15058,119
15059,119
15060,119
15061,119
15062,119
15063,119
15064,119
15065,119
15066,119
15067,119
15068,119
15069,119
15070,119
15071,119
15072,119
15073,119
15074,119
15075,119
15076,119
15077,119
15078,119
15079,119
15080,119
15081,119
15082,119
15083,119
15084,119
15085,119
15086,119
15087,119
15088,119
15089,119
15090,119
15091,119
15092,119
15093,119
15094,119
15095,119
15096,119
15097,119
15098,119
15099,119
15100,119
15101,119
15102,119
15103,119
15104,119
15105,119
15106,119
15107,119
15108,119
15109,119
15110,119
15111,119
15112,119
15113,119
15114,119
15115,119
15116,119
15117,119
15118,119
15119,119
15120,119
15121,119
15122,119
15123,119
15124,119
15125,119
15126,119
15127,119
15128,119
15129,119
15130,119
15131,119
15132,119
15133,119
15134,119
15135,119
15136,119
15137,119
15138,119
15139,119
15140,119
15141,119
15142,119
15143,119
15144,119
15145,119
15146,119
15147,119
15148,119
15149,119
15150,119
15151,119
15152,119
15153,119
15154,119
15155,119
15156,119
15157,119
15158,119
15159,119
15160,119
15161,119
15162,119
15163,119
15164,119
15165,119
15166,119
15167,119
15168,119
15169,119
15170,119
15171,119
15172,119
15173,119
15174,119
15175,119
15176,119
15177,119
15178,119
15179,119
15180,119
15181,119
15182,119
15183,119
15184,119
15185,119
15186,119
15187,119
15188,119
15189,119
15190,119
15191,119
15192,119
15193,119
15194,119
15195,119
15196,119
15197,119
15198,119
15199,119
15200,119
15201,119
15202,119
15203,119
15204,119
15205,119
15206,119
15207,119
15208,119
15209,119
15210,119
15211,119
15212,119
15213,119
15214,119
15215,119
15216,119
15217,119
15218,119
15219,119
15220,119
15221,119
15222,119
15223,119
15224,119
15225,119
15226,119
15227,119
15228,119
15229,119
15230,119
15231,119
15232,119
15233,119
15234,119
15235,119
15236,119
15237,119
15238,119
15239,119
15240,119
15241,119
15242,119
15243,119
15244,119
15245,119
15246,119
15247,119
15248,119
15249,119
15250,119
15251,119
15252,119
15253,119
15254,119
15255,119
15256,119
15257,119
15258,119
15259,119
15260,119
15261,119
15262,119
15263,119
15264,119
15265,119
15266,119
15267,119
15268,119
15269,119
15270,119
15271,119
15272,119
15273,119
15274,119
15275,119
15276,119
15277,119
15278,119
15279,119
15280,119
15281,119
15282,119
15283,119
15284,119
15285,119
15286,119
15287,119
15288,119
15289,119
15290,119
15291,119
15292,119
15293,119
15294,119
15295,119
15296,119
15297,119
15298,119
15299,119
15300,119
15301,119
15302,118
15303,118
15304,118
15305,118
15306,118
15307,118
15308,118
15309,118
15310,118
15311,118
15312,118
15313,118
15314,118
15315,118
15316,118
15317,118
15318,118
15319,118
15320,118
15321,118
15322,118
15323,118
15324,118
15325,118
15326,118
15327,118
15328,118
15329,118
15330,118
15331,117
15332,117
15333,117
15334,117
15335,117
15336,117
15337,117
15338,117
15339,117
15340,117
15341,117
15342,117
15343,117
15344,117
15345,117
15346,117
15347,117
15348,117
15349,117
15350,117
15351,117
15352,117
15353,117
15354,117
15355,117
15356,117
15357,117
15358,116
15359,116
15360,116
15361,116
15362,116
15363,116
15364,116
15365,116
15366,116
15367,116
15368,116
15369,116
15370,116
15371,116
15372,116
15373,116
15374,116
15375,116
15376,116
15377,116
15378,116
15379,116
15380,116
15381,116
15382,116
15383,116
15384,116
15385,116
15386,116
15387,116
15388,116
15389,116
15390,116
15391,116
15392,116
15393,116
15394,116
15395,116
15396,116
15397,116
15398,116
15399,116
15400,116
15401,116
15402,116
15403,116
15404,116
15405,116
15406,116
15407,116
15408,116
15409,116
15410,116
15411,116
15412,116
15413,116
15414,116
15415,116
15416,116
15417,116
15418,116
15419,116
15420,116
15421,116
15422,116
15423,116
15424,116
15425,116
15426,116
15427,116
15428,116
15429,116
15430,116
15431,116
15432,116
15433,116
15434,116
15435,116
15436,116
15437,116
15438,116
15439,115
15440,115
15441,115
15442,115
15443,115
15444,115
15445,115
15446,115
15447,115
15448,115
15449,115
15450,115
15451,115
15452,115
15453,115
15454,115
15455,115
15456,115
15457,115
15458,115
15459,115
15460,115
15461,115
15462,115
15463,115
15464,115
15465,115
15466,115
15467,115
15468,115
15469,115
15470,115
15471,115
15472,115
15473,115
15474,115
15475,115
15476,115
15477,115
15478,115
15479,115
15480,115
15481,115
15482,115
15483,115
15484,115
15485,115
15486,115
15487,115
15488,115
15489,115
15490,115
15491,115
15492,115
15493,115
15494,115
15495,115
15496,115
15497,115
15498,114
15499,114
15500,114
15501,114
15502,114
15503,114
15504,114
15505,114
15506,114
15507,114
15508,114
15509,114
15510,114
15511,114
15512,114
15513,114
15514,114
15515,114
15516,113
15517,113
15518,113
15519,113
15520,113
15521,113
15522,113
15523,113
15524,113
15525,113
15526,113
15527,113
15528,113
15529,113
15530,113
15531,113
15532,113
15533,113
15534,113
15535,113
15536,113
15537,113
15538,113
15539,113
15540,113
15541,113
15542,113
15543,113
15544,113
15545,113
15546,113
15547,113
15548,113
15549,113
15550,113
15551,113
15552,113
15553,113
15554,113
15555,113
15556,113
15557,113
15558,113
15559,113
15560,113
15561,113
15562,113
15563,113
15564,113
15565,113
15566,113
15567,113
15568,113
15569,113
15570,113
15571,113
15572,113
15573,113
15574,113
15575,113
15576,113
15577,113
15578,113
15579,113
15580,113
15581,113
15582,113
15583,113
15584,113
15585,113
15586,113
15587,113
15588,113
15589,113
15590,113
15591,113
15592,113
15593,113
15594,113
15595,113
15596,113
15597,113
15598,113
15599,113
15600,113
15601,113
15602,113
15603,113
15604,113
15605,113
15606,113
15607,113
15608,113
15609,113
15610,113
15611,113
15612,113
15613,113
15614,113
15615,113
15616,113
15617,113
15618,113
15619,113
15620,113
15621,113
15622,113
15623,113
15624,113
15625,113
15626,113
15627,113
15628,113
15629,113
15630,113
15631,113
15632,113
15633,113
15634,113
15635,113
15636,113
15637,113
15638,113
15639,113
15640,113
15641,113
15642,113
15643,113
15644,113
15645,113
15646,113
15647,113
15648,113
15649,113
15650,113
15651,113
15652,113
15653,113
15654,113
15655,113
15656,113
15657,113
15658,113
15659,113
15660,113
15661,113
15662,113
15663,113
15664,113
15665,113
15666,113
15667,113
15668,113
15669,113
15670,113
15671,113
15672,113
15673,113
15674,113
15675,113
15676,113
15677,113
15678,113
15679,113
15680,113
15681,113
15682,113
15683,113
15684,113
15685,113
15686,113
15687,113
15688,113
15689,113
15690,113
15691,113
15692,113
15693,113
15694,113
15695,113
15696,113
15697,113
15698,113
15699,113
15700,113
15701,112
15702,112
15703,112
15704,112
15705,112
15706,112
15707,112
15708,111
15709,111
15710,111
15711,111
15712,111
15713,111
15714,111
15715,111
15716,111
15717,111
15718,111
15719,111
15720,111
15721,111
15722,111
15723,111
15724,111
15725,111
15726,111
15727,111
15728,111
15729,111
15730,111
15731,111
15732,111
15733,111
15734,111
15735,111
15736,111
15737,111
15738,111
15739,111
15740,111
15741,111
15742,111
15743,111
15744,111
15745,111
15746,111
15747,111
15748,111
15749,111
15750,111
15751,111
15752,111
15753,111
15754,111
15755,111
15756,111
15757,111
15758,111
15759,111
15760,111
15761,111
15762,111
15763,111
15764,111
15765,111
15766,111
15767,111
15768,111
15769,111
15770,111
15771,111
15772,111
15773,111
15774,111
15775,111
15776,111
15777,111
15778,111
15779,111
15780,111
15781,111
15782,111
15783,111
15784,111
15785,111
15786,111
15787,111
15788,111
15789,111
15790,111
15791,111
15792,111
15793,111
15794,111
15795,111
15796,111
15797,111
15798,111
15799,111
15800,111
15801,111
15802,111
15803,111
15804,111
15805,111
15806,111
15807,111
15808,111
15809,111
15810,111
15811,111
15812,111
15813,111
15814,111
15815,111
15816,111
15817,111
15818,111
15819,111
15820,111
15821,111
15822,111
15823,111
15824,111
15825,111
15826,111
15827,111
15828,111
15829,111
15830,111
15831,110
15832,110
15833,110
15834,110
15835,110
15836,110
15837,110
15838,110
15839,110
15840,110
15841,110
15842,110
15843,110
15844,110
15845,110
15846,110
15847,110
15848,110
15849,110
15850,110
15851,110
15852,110
15853,110
15854,110
15855,110
15856,110
15857,110
15858,110
15859,110
15860,110
15861,110
15862,110
15863,110
15864,110
15865,110
15866,110
15867,110
15868,110
15869,110
15870,110
15871,110
15872,110
15873,110
15874,110
15875,110
15876,110
15877,110
15878,110
15879,110
15880,110
15881,110
15882,110
15883,110
15884,110
15885,110
15886,110
15887,110
15888,110
15889,110
15890,110
15891,110
15892,110
15893,110
15894,110
15895,110
15896,110
15897,110
15898,110
15899,110
15900,110
15901,110
15902,110
15903,110
15904,110
15905,110
15906,110
15907,110
15908,110
15909,110
15910,110
15911,110
15912,110
15913,110
15914,110
15915,110
15916,110
15917,110
15918,110
15919,110
15920,110
15921,110
15922,110
15923,110
15924,110
15925,110
15926,110
15927,110
15928,110
15929,110
15930,110
15931,110
15932,110
15933,110
15934,110
15935,110
15936,110
15937,110
15938,110
15939,110
15940,110
15941,110
15942,110
15943,110
15944,110
15945,110
15946,110
15947,110
15948,110
15949,110
15950,110
15951,110
15952,110
15953,110
15954,110
15955,110
15956,110
15957,110
15958,110
15959,110
15960,110
15961,110
15962,110
15963,110
15964,110
15965,110
15966,110
15967,110
15968,110
15969,110
15970,110
15971,110
15972,110
15973,110
15974,110
15975,110
15976,110
15977,110
15978,110
15979,110
15980,110
15981,110
15982,110
15983,110
15984,110
15985,110
15986,110
15987,109
15988,109
15989,109
15990,109
15991,109
15992,109
15993,109
15994,108
15995,108
15996,108
15997,108
15998,108
15999,108
16000,108
16001,108
16002,108
16003,108
16004,108
16005,108
16006,108
16007,108
16008,108
16009,108
16010,108
16011,108
16012,108
16013,108
16014,108
16015,108
16016,108
16017,108
16018,108
16019,108
16020,108
16021,108
16022,108
16023,108
16024,108
16025,108
16026,108
16027,108
16028,108
16029,108
16030,108
16031,108
16032,108
16033,108
16034,108
16035,108
16036,108
16037,108
16038,108
16039,108
16040,108
16041,108
16042,108
16043,108
16044,108
16045,108
16046,108
16047,108
16048,108
16049,108
16050,108
16051,108
16052,108
16053,108
16054,108
16055,108
16056,108
16057,108
16058,108
16059,108
16060,108
16061,108
16062,108
16063,108
16064,108
16065,108
16066,108
16067,108
16068,108
16069,108
16070,108
16071,108
16072,108
16073,108
16074,108
16075,108
16076,108
16077,108
16078,108
16079,108
16080,108
16081,108
16082,108
16083,108
16084,108
16085,108
16086,108
16087,108
16088,108
16089,108
16090,108
16091,108
16092,108
16093,108
16094,108
16095,108
16096,108
16097,108
16098,108
16099,108
16100,108
16101,108
16102,108
16103,108
16104,108
16105,108
16106,108
16107,108
16108,108
16109,108
16110,108
16111,108
16112,108
16113,108
16114,108
16115,108
16116,108
16117,108
16118,108
16119,108
16120,108
16121,108
16122,108
16123,108
16124,108
16125,108
16126,108
16127,108
16128,108
16129,108
16130,108
16131,108
16132,108
16133,108
16134,108
16135,108
16136,108
16137,108
16138,108
16139,108
16140,108
16141,108
16142,108
16143,108
16144,108
16145,108
16146,108
16147,108
16148,108
16149,108
16150,108
16151,108
16152,108
16153,108
16154,108
16155,108
16156,108
16157,108
16158,108
16159,108
16160,108
16161,108
16162,108
16163,108
16164,108
16165,108
16166,108
16167,108
16168,108
16169,108
16170,108
16171,108
16172,108
16173,108
16174,108
16175,107
16176,107
16177,107
16178,107
16179,107
16180,107
16181,107
16182,107
16183,107
16184,107
16185,107
16186,107
16187,107
16188,107
16189,107
16190,107
16191,107
16192,107
16193,107
16194,107
16195,107
16196,107
16197,107
16198,107
16199,107
16200,107
16201,107
16202,107
16203,107
16204,107
16205,107
16206,107
16207,107
16208,107
16209,107
16210,107
16211,107
16212,107
16213,107
16214,107
16215,107
16216,107
16217,107
16218,107
16219,107
16220,107
16221,107
16222,107
16223,107
16224,107
16225,107
16226,107
16227,107
16228,107
16229,107
16230,107
16231,107
16232,107
16233,107
16234,107
16235,107
16236,107
16237,107
16238,107
16239,107
16240,107
16241,107
16242,107
16243,107
16244,107
16245,107
16246,107
16247,107
16248,107
16249,107
16250,107
16251,107
16252,107
16253,107
16254,107
16255,107
16256,107
16257,107
16258,107
16259,107
16260,107
16261,106
16262,106
16263,106
16264,106
16265,106
16266,106
16267,106
16268,106
16269,106
16270,106
16271,106
16272,106
16273,106
16274,106
16275,106
16276,106
16277,106
16278,106
16279,106
16280,106
16281,106
16282,106
16283,106
16284,106
16285,106
16286,106
16287,106
16288,106
16289,106
16290,106
16291,106
16292,106
16293,106
16294,106
16295,106
16296,106
16297,106
16298,106
16299,106
16300,106
16301,106
16302,106
16303,106
16304,106
16305,106
16306,106
16307,106
16308,106
16309,106
16310,106
16311,106
16312,106
16313,106
16314,106
16315,106
16316,106
16317,106
16318,106
16319,106
16320,105
16321,105
16322,105
16323,105
16324,105
16325,105
16326,105
16327,105
16328,105
16329,105
16330,105
16331,105
16332,105
16333,105
16334,105
16335,105
16336,105
16337,105
16338,105
16339,105
16340,105
16341,105
16342,105
16343,105
16344,105
16345,105
16346,105
16347,105
16348,105
16349,105
16350,105
16351,105
16352,105
16353,105
16354,105
16355,105
16356,105
16357,105
16358,105
16359,105
16360,105
16361,105
16362,105
16363,105
16364,105
16365,105
16366,105
16367,105
16368,105
16369,105
16370,105
16371,105
16372,105
16373,105
16374,105
16375,105
16376,105
16377,105
16378,105
16379,105
16380,105
16381,105
16382,105
16383,105
16384,105
16385,105
16386,105
16387,105
16388,105
16389,105
16390,105
16391,105
16392,105
16393,105
16394,105
16395,105
16396,105
16397,105
16398,105
16399,105
16400,105
16401,105
16402,105
16403,105
16404,105
16405,105
16406,105
16407,105
16408,105
16409,105
16410,105
16411,105
16412,104
16413,104
16414,104
16415,104
16416,104
16417,104
16418,104
16419,104
16420,104
16421,104
16422,104
16423,104
16424,104
16425,104
16426,104
16427,104
16428,104
16429,104
16430,104
16431,104
16432,104
16433,104
16434,104
16435,104
16436,104
16437,104
16438,104
16439,104
16440,104
16441,104
16442,104
16443,104
16444,104
16445,104
16446,104
16447,104
16448,104
16449,104
16450,104
16451,104
16452,104
16453,104
16454,104
16455,104
16456,104
16457,104
16458,104
16459,104
16460,104
16461,104
16462,104
16463,104
16464,104
16465,104
16466,104
16467,104
16468,104
16469,104
16470,104
16471,104
16472,104
16473,104
16474,104
16475,104
16476,104
16477,104
16478,104
16479,104
16480,104
16481,104
16482,104
16483,104
16484,104
16485,104
16486,104
16487,104
16488,104
16489,104
16490,104
16491,104
16492,104
16493,104
16494,104
16495,104
16496,104
16497,104
16498,104
16499,104
16500,104
16501,104
16502,104
16503,104
16504,104
16505,104
16506,104
16507,104
16508,104
16509,104
16510,104
16511,104
16512,104
16513,104
16514,104
16515,104
16516,104
16517,104
16518,104
16519,104
16520,104
16521,104
16522,104
16523,104
16524,104
16525,104
16526,104
16527,104
16528,104
16529,104
16530,104
16531,104
16532,104
16533,104
16534,104
16535,104
16536,104
16537,104
16538,104
16539,104
16540,104
16541,104
16542,104
16543,104
16544,104
16545,104
16546,104
16547,104
16548,104
16549,104
16550,104
16551,104
16552,104
16553,104
16554,104
16555,104
16556,104
16557,104
16558,104
16559,104
16560,104
16561,104
16562,104
16563,104
16564,104
16565,104
16566,104
16567,104
16568,104
16569,104
16570,104
16571,104
16572,104
16573,104
16574,104
16575,104
16576,104
16577,104
16578,104
16579,104
16580,104
16581,104
16582,104
16583,104
16584,104
16585,104
16586,104
16587,103
16588,103
16589,103
16590,103
16591,103
16592,103
16593,103
16594,103
16595,103
16596,103
16597,103
16598,103
16599,103
16600,103
16601,103
16602,103
16603,103
16604,103
16605,103
16606,103
16607,103
16608,103
16609,103
16610,103
16611,103
16612,103
16613,103
16614,103
16615,103
16616,103
16617,103
16618,103
16619,103
16620,103
16621,103
16622,103
16623,103
16624,103
16625,103
16626,103
16627,103
16628,103
16629,103
16630,103
16631,103
16632,103
16633,103
16634,103
16635,103
16636,103
16637,103
16638,103
16639,103
16640,103
16641,103
16642,103
16643,103
16644,103
16645,103
16646,103
16647,103
16648,103
16649,103
16650,103
16651,103
16652,103
16653,103
16654,103
16655,103
16656,103
16657,103
16658,103
16659,103
16660,103
16661,103
16662,103
16663,103
16664,103
16665,103
16666,103
16667,103
16668,103
16669,103
16670,103
16671,103
16672,103
16673,103
16674,103
16675,103
16676,103
16677,103
16678,103
16679,103
16680,103
16681,103
16682,103
16683,103
16684,103
16685,103
16686,103
16687,103
16688,103
16689,103
16690,103
16691,103
16692,103
16693,103
16694,103
16695,103
16696,103
16697,103
16698,103
16699,103
16700,103
16701,103
16702,103
16703,103
16704,102
16705,102
16706,102
16707,102
16708,102
16709,102
16710,102
16711,102
16712,102
16713,102
16714,102
16715,102
16716,102
16717,102
16718,102
16719,102
16720,102
16721,102
16722,102
16723,102
16724,102
16725,102
16726,102
16727,101
16728,101
16729,101
16730,101
16731,101
16732,101
16733,101
16734,101
16735,101
16736,101
16737,101
16738,101
16739,101
16740,101
16741,101
16742,101
16743,101
16744,101
16745,101
16746,101
16747,101
16748,101
16749,101
16750,101
16751,101
16752,101
16753,101
16754,101
16755,101
16756,101
16757,101
16758,101
16759,101
16760,101
16761,101
16762,101
16763,101
16764,101
16765,101
16766,100
16767,100
16768,100
16769,100
16770,100
16771,100
16772,100
16773,100
16774,100
16775,100
16776,100
16777,100
16778,100
16779,100
16780,100
16781,100
16782,100
16783,100
16784,100
16785,100
16786,100
16787,100
16788,100
16789,100
16790,100
16791,100
16792,100
16793,100
16794,100
16795,100
16796,100
16797,100
16798,100
16799,100
16800,100
16801,100
16802,100
16803,100
16804,100
16805,100
16806,100
16807,100
16808,100
16809,100
16810,100
16811,100
16812,100
16813,100
16814,100
16815,100
16816,100
16817,100
16818,100
16819,100
16820,100
16821,100
16822,100
16823,100
16824,100
16825,100
16826,100
16827,100
16828,100
16829,100
16830,100
16831,100
16832,100
16833,100
16834,100
16835,100
16836,100
16837,100
16838,100
16839,100
16840,100
16841,100
16842,100
16843,100
16844,100
16845,100
16846,100
16847,100
16848,100
16849,100
16850,100
16851,100
16852,100
16853,100
16854,100
16855,100
16856,100
16857,100
16858,100
16859,100
16860,100
16861,100
16862,100
16863,100
16864,100
16865,100
16866,100
16867,100
16868,100
16869,100
16870,100
16871,100
16872,100
16873,100
16874,100
16875,100
16876,100
16877,100
16878,100
16879,100
16880,100
16881,100
16882,100
16883,100
16884,100
16885,100
16886,100
16887,100
16888,100
16889,100
16890,100
16891,100
16892,100
16893,100
16894,100
16895,100
16896,100
16897,100
16898,100
16899,100
16900,100
16901,100
16902,100
16903,100
16904,100
16905,100
16906,100
16907,100
16908,100
16909,100
16910,100
16911,100
16912,100
16913,100
16914,100
16915,100
16916,100
16917,100
16918,100
16919,100
16920,100
16921,100
16922,100
16923,100
16924,100
16925,100
16926,100
16927,100
16928,100
16929,100
16930,100
16931,100
16932,100
16933,100
16934,100
16935,100
16936,100
16937,100
16938,100
16939,100
16940,100
16941,100
16942,100
16943,100
16944,100
16945,100
16946,100
16947,100
16948,100
16949,100
16950,100
16951,100
16952,100
16953,100
16954,99
16955,99
16956,99
16957,99
16958,99
16959,99
16960,99
16961,99
16962,99
16963,99
16964,99
16965,99
16966,99
16967,99
16968,99
16969,99
16970,99
16971,99
16972,99
16973,99
16974,99
16975,98
16976,98
16977,98
16978,98
16979,98
16980,98
16981,98
16982,98
16983,98
16984,98
16985,98
16986,98
16987,98
16988,98
16989,98
16990,98
16991,98
16992,98
16993,98
16994,98
16995,98
16996,97
16997,97
16998,97
16999,97
17000,97
17001,97
17002,97
17003,97
17004,97
17005,97
17006,97
17007,97
17008,97
17009,97
17010,97
17011,97
17012,97
17013,97
17014,97
17015,97
17016,97
17017,97
17018,97
17019,97
17020,97
17021,97
17022,97
17023,97
17024,97
17025,97
17026,97
17027,97
17028,97
17029,97
17030,97
17031,97
17032,96
17033,96
17034,96
17035,96
17036,96
17037,96
17038,96
17039,96
17040,96
17041,96
17042,96
17043,96
17044,96
17045,96
17046,96
17047,96
17048,96
17049,96
17050,96
17051,96
17052,96
17053,96
17054,96
17055,96
17056,96
17057,96
17058,96
17059,96
17060,96
17061,96
17062,96
17063,96
17064,96
17065,96
17066,96
17067,96
17068,96
17069,96
17070,96
17071,96
17072,96
17073,96
17074,96
17075,96
17076,96
17077,96
17078,96
17079,96
17080,96
17081,96
17082,96
17083,96
17084,96
17085,96
17086,96
17087,96
17088,96
17089,96
17090,96
17091,96
17092,96
17093,96
17094,96
17095,96
17096,96
17097,96
17098,96
17099,96
17100,96
17101,96
17102,96
17103,96
17104,96
17105,96
17106,96
17107,96
17108,96
17109,96
17110,96
17111,96
17112,96
17113,96
17114,96
17115,96
17116,96
17117,96
17118,96
17119,96
17120,96
17121,96
17122,96
17123,96
17124,96
17125,96
17126,96
17127,96
17128,96
17129,96
17130,96
17131,96
17132,96
17133,96
17134,96
17135,96
17136,96
17137,96
17138,96
17139,96
17140,96
17141,96
17142,96
17143,96
17144,96
17145,96
17146,96
17147,96
17148,96
17149,96
17150,96
17151,96
17152,96
17153,96
17154,96
17155,96
17156,96
17157,96
17158,96
17159,96
17160,96
17161,96
17162,96
17163,96
17164,96
17165,96
17166,96
17167,96
17168,96
17169,96
17170,96
17171,96
17172,96
17173,96
17174,96
17175,96
17176,96
17177,96
17178,96
17179,96
17180,96
17181,96
17182,96
17183,96
17184,96
17185,96
17186,96
17187,96
17188,96
17189,96
17190,96
17191,96
17192,96
17193,96
17194,96
17195,96
17196,96
17197,96
17198,96
17199,96
17200,96
17201,96
17202,96
17203,96
17204,96
17205,96
17206,96
17207,96
17208,96
17209,96
17210,96
17211,96
17212,96
17213,96
17214,96
17215,96
17216,96
17217,96
17218,96
17219,96
17220,96
17221,96
17222,96
17223,96
17224,96
17225,96
17226,96
17227,96
17228,96
17229,96
17230,96
17231,96
17232,96
17233,96
17234,96
17235,96
17236,96
17237,96
17238,96
17239,96
17240,96
17241,96
17242,96
17243,96
17244,96
17245,96
17246,96
17247,96
17248,96
17249,96
17250,96
17251,96
17252,96
17253,96
17254,96
17255,96
17256,96
17257,96
17258,96
17259,96
17260,96
17261,96
17262,96
17263,96
17264,96
17265,96
17266,96
17267,96
17268,96
17269,96
17270,96
17271,96
17272,96
17273,96
17274,96
17275,96
17276,96
17277,96
17278,96
17279,96
17280,96
17281,96
17282,96
17283,96
17284,96
17285,96
17286,96
17287,96
17288,96
17289,96
17290,96
17291,95
17292,95
17293,95
17294,95
17295,95
17296,95
17297,94
17298,94
17299,94
17300,94
17301,94
17302,94
17303,94
17304,93
17305,93
17306,93
17307,93
17308,93
17309,93
17310,93
17311,93
17312,93
17313,93
17314,93
17315,93
17316,93
17317,93
17318,93
17319,93
17320,93
17321,93
17322,93
17323,93
17324,93
17325,93
17326,93
17327,93
17328,93
17329,93
17330,93
17331,93
17332,93
17333,93
17334,93
17335,93
17336,93
17337,93
17338,93
17339,93
17340,93
17341,93
17342,93
17343,93
17344,93
17345,93
17346,93
17347,93
17348,93
17349,93
17350,93
17351,93
17352,93
17353,93
17354,93
17355,93
17356,93
17357,93
17358,93
17359,93
17360,93
17361,93
17362,93
17363,93
17364,93
17365,93
17366,93
17367,93
17368,93
17369,93
17370,93
17371,93
17372,93
17373,93
17374,93
17375,93
17376,93
17377,93
17378,93
17379,93
17380,93
17381,93
17382,93
17383,93
17384,93
17385,93
17386,93
17387,93
17388,93
17389,93
17390,93
17391,93
17392,93
17393,93
17394,93
17395,93
17396,93
17397,93
17398,93
17399,93
17400,93
17401,93
17402,93
17403,93
17404,93
17405,93
17406,93
17407,93
17408,93
17409,93
17410,93
17411,93
17412,93
17413,93
17414,93
17415,93
17416,93
17417,93
17418,93
17419,93
17420,93
17421,93
17422,93
17423,93
17424,93
17425,93
17426,93
17427,93
17428,93
17429,93
17430,93
17431,93
17432,93
17433,93
17434,93
17435,93
17436,93
17437,93
17438,93
17439,93
17440,93
17441,93
17442,93
17443,93
17444,93
17445,93
17446,93
17447,93
17448,93
17449,93
17450,93
17451,93
17452,93
17453,93
17454,93
17455,93
17456,93
17457,93
17458,93
17459,93
17460,93
17461,93
17462,93
17463,93
17464,93
17465,93
17466,93
17467,93
17468,93
17469,93
17470,93
17471,93
17472,93
17473,93
17474,93
17475,93
17476,93
17477,93
17478,93
17479,93
17480,93
17481,93
17482,93
17483,93
17484,93
17485,93
17486,93
17487,93
17488,93
17489,93
17490,93
17491,93
17492,93
17493,93
17494,93
17495,93
17496,93
17497,93
17498,93
17499,93
17500,93
17501,93
17502,93
17503,93
17504,93
17505,93
17506,93
17507,93
17508,93
17509,93
17510,93
17511,93
17512,93
17513,93
17514,93
17515,93
17516,93
17517,93
17518,93
17519,93
17520,93
17521,93
17522,93
17523,93
17524,93
17525,93
17526,93
17527,93
17528,93
17529,93
17530,93
17531,93
17532,93
17533,93
17534,93
17535,93
17536,93
17537,93
17538,93
17539,93
17540,93
17541,93
17542,93
17543,93
17544,93
17545,93
17546,93
17547,93
17548,93
17549,92
17550,92
17551,92
17552,92
17553,92
17554,92
17555,92
17556,92
17557,92
17558,92
17559,92
17560,92
17561,92
17562,92
17563,92
17564,92
17565,92
17566,92
17567,92
17568,92
17569,92
17570,92
17571,92
17572,92
17573,92
17574,92
17575,92
17576,92
17577,92
17578,92
17579,92
17580,92
17581,92
17582,92
17583,92
17584,92
17585,92
17586,92
17587,92
17588,92
17589,92
17590,92
17591,92
17592,92
17593,92
17594,92
17595,92
17596,92
17597,92
17598,92
17599,92
17600,92
17601,92
17602,92
17603,92
17604,92
17605,92
17606,92
17607,92
17608,92
17609,92
17610,92
17611,92
17612,92
17613,92
17614,92
17615,92
17616,92
17617,92
17618,92
17619,92
17620,92
17621,92
17622,92
17623,92
17624,92
17625,92
17626,92
17627,92
17628,92
17629,92
17630,92
17631,92
17632,92
17633,92
17634,92
17635,92
17636,92
17637,92
17638,92
17639,92
17640,92
17641,92
17642,92
17643,92
17644,92
17645,92
17646,92
17647,92
17648,92
17649,92
17650,92
17651,92
17652,92
17653,92
17654,92
17655,92
17656,92
17657,92
17658,92
17659,92
17660,92
17661,92
17662,92
17663,92
17664,92
17665,92
17666,92
17667,92
17668,92
17669,92
17670,92
17671,92
17672,92
17673,92
17674,92
17675,92
17676,92
17677,92
17678,92
17679,92
17680,92
17681,92
17682,92
17683,92
17684,92
17685,92
17686,92
17687,92
17688,92
17689,92
17690,92
17691,92
17692,92
17693,92
17694,92
17695,92
17696,92
17697,92
17698,92
17699,92
17700,92
17701,92
17702,92
17703,92
17704,92
17705,92
17706,92
17707,92
17708,92
17709,92
17710,92
17711,92
17712,92
17713,92
17714,92
17715,92
17716,92
17717,92
17718,92
17719,92
17720,92
17721,92
17722,92
17723,92
17724,92
17725,92
17726,91
17727,91
17728,91
17729,91
17730,91
17731,91
17732,91
17733,91
17734,91
17735,91
17736,91
17737,91
17738,91
17739,91
17740,91
17741,91
17742,91
17743,91
17744,91
17745,91
17746,91
17747,91
17748,91
17749,91
17750,91
17751,91
17752,91
17753,91
17754,91
17755,91
17756,91
17757,91
17758,91
17759,91
17760,91
17761,91
17762,91
17763,91
17764,91
17765,91
17766,91
17767,91
17768,91
17769,91
17770,91
17771,91
17772,91
17773,91
17774,90
17775,90
17776,90
17777,90
17778,90
17779,90
17780,90
17781,90
17782,90
17783,90
17784,90
17785,90
17786,90
17787,90
17788,90
17789,90
17790,90
17791,90
17792,90
17793,90
17794,90
17795,90
17796,90
17797,90
17798,90
17799,90
17800,90
17801,90
17802,90
17803,90
17804,90
17805,90
17806,90
17807,90
17808,90
17809,90
17810,90
17811,90
17812,90
17813,90
17814,90
17815,90
17816,90
17817,90
17818,90
17819,90
17820,90
17821,90
17822,90
17823,90
17824,90
17825,90
17826,90
17827,90
17828,90
17829,90
17830,90
17831,90
17832,90
17833,90
17834,90
17835,90
17836,90
17837,90
17838,90
17839,90
17840,90
17841,90
17842,90
17843,90
17844,90
17845,90
17846,90
17847,90
17848,90
17849,90
17850,90
17851,90
17852,90
17853,90
17854,90
17855,90
17856,90
17857,90
17858,90
17859,90
17860,90
17861,90
17862,90
17863,90
17864,90
17865,90
17866,90
17867,90
17868,90
17869,90
17870,90
17871,90
17872,90
17873,90
17874,90
17875,90
17876,90
17877,90
17878,90
17879,90
17880,90
17881,90
17882,90
17883,90
17884,90
17885,90
17886,90
17887,90
17888,90
17889,90
17890,90
17891,90
17892,90
17893,90
17894,90
17895,90
17896,90
17897,90
17898,90
17899,90
17900,90
17901,90
17902,90
17903,90
17904,90
17905,90
17906,90
17907,90
17908,90
17909,90
17910,90
17911,90
17912,90
17913,90
17914,90
17915,90
17916,90
17917,90
17918,90
17919,90
17920,90
17921,90
17922,90
17923,90
17924,90
17925,90
17926,90
17927,90
17928,90
17929,90
17930,90
17931,90
17932,90
17933,90
17934,90
17935,90
17936,90
17937,90
17938,90
17939,90
17940,90
17941,90
17942,90
17943,90
17944,90
17945,90
17946,90
17947,90
17948,90
17949,90
17950,90
17951,90
17952,90
17953,90
17954,90
17955,90
17956,90
17957,90
17958,90
17959,90
17960,90
17961,90
17962,90
17963,90
17964,90
17965,90
17966,90
17967,90
17968,90
17969,90
17970,90
17971,90
17972,90
17973,90
17974,90
17975,90
17976,90
17977,90
17978,90
17979,90
17980,90
17981,90
17982,90
17983,90
17984,90
17985,90
17986,90
17987,90
17988,90
17989,90
17990,90
17991,90
17992,90
17993,90
17994,90
17995,90
17996,90
17997,90
17998,90
17999,90
18000,90
18001,90
18002,90
18003,90
18004,90
18005,90
18006,90
18007,90
18008,90
18009,90
18010,90
18011,90
18012,90
18013,90
18014,90
18015,90
18016,90
18017,90
18018,90
18019,90
18020,90
18021,90
18022,90
18023,90
18024,90
18025,90
18026,90
18027,90
18028,90
18029,90
18030,90
18031,90
18032,90
18033,90
18034,90
18035,90
18036,90
18037,90
18038,90
18039,90
18040,90
18041,90
18042,90
18043,90
18044,90
18045,90
18046,90
18047,90
18048,90
18049,90
18050,90
18051,90
18052,90
18053,90
18054,90
18055,90
18056,90
18057,90
18058,90
18059,90
18060,90
18061,90
18062,90
18063,90
18064,90
18065,90
18066,90
18067,90
18068,90
18069,90
18070,90
18071,90
18072,90
18073,90
18074,90
18075,90
18076,90
18077,90
18078,90
18079,90
18080,90
18081,90
18082,90
18083,90
18084,90
18085,90
18086,90
18087,90
18088,90
18089,90
18090,90
18091,90
18092,90
18093,90
18094,90
18095,90
18096,90
18097,90
18098,90
18099,90
18100,90
18101,90
18102,90
18103,90
18104,90
18105,90
18106,90
18107,90
18108,90
18109,90
18110,90
18111,90
18112,90
18113,90
18114,90
18115,90
18116,90
18117,90
18118,89
18119,89
18120,89
18121,89
18122,89
18123,89
18124,89
18125,89
18126,89
18127,89
18128,89
18129,89
18130,89
18131,89
18132,89
18133,89
18134,89
18135,89
18136,89
18137,89
18138,89
18139,89
18140,89
18141,89
18142,89
18143,89
18144,89
18145,89
18146,89
18147,89
18148,89
18149,89
18150,89
18151,89
18152,89
18153,89
18154,89
18155,89
18156,89
18157,89
18158,89
18159,89
18160,89
18161,89
18162,89
18163,89
18164,89
18165,89
18166,89
18167,89
18168,89
18169,89
18170,89
18171,89
18172,89
18173,89
18174,89
18175,89
18176,89
18177,89
18178,89
18179,89
18180,89
18181,89
18182,89
18183,89
18184,89
18185,89
18186,89
18187,89
18188,89
18189,89
18190,89
18191,89
18192,89
18193,89
18194,89
18195,89
18196,89
18197,89
18198,89
18199,89
18200,89
18201,89
18202,89
18203,89
18204,89
18205,89
18206,89
18207,89
18208,89
18209,89
18210,89
18211,89
18212,89
18213,89
18214,89
18215,89
18216,89
18217,89
18218,89
18219,89
18220,89
18221,89
18222,89
18223,89
18224,89
18225,89
18226,89
18227,89
18228,89
18229,89
18230,89
18231,89
18232,89
18233,89
18234,89
18235,89
18236,89
18237,89
18238,89
18239,89
18240,89
18241,89
18242,89
18243,89
18244,89
18245,89
18246,89
18247,89
18248,89
18249,89
18250,89
18251,89
18252,89
18253,89
18254,89
18255,89
18256,89
18257,89
18258,89
18259,89
18260,89
18261,89
18262,89
18263,89
18264,89
18265,89
18266,89
18267,89
18268,89
18269,89
18270,89
18271,89
18272,89
18273,89
18274,89
18275,89
18276,89
18277,89
18278,89
18279,89
18280,89
18281,89
18282,89
18283,89
18284,89
18285,89
18286,89
18287,89
18288,89
18289,89
18290,89
18291,89
18292,89
18293,89
18294,89
18295,89
18296,89
18297,89
18298,89
18299,89
18300,89
18301,89
18302,89
18303,89
18304,89
18305,89
18306,89
18307,89
18308,89
18309,89
18310,89
18311,89
18312,89
18313,89
18314,89
18315,89
18316,89
18317,89
18318,89
18319,89
18320,89
18321,89
18322,89
18323,89
18324,89
18325,89
18326,89
18327,89
18328,89
18329,89
18330,89
18331,89
18332,89
18333,89
18334,89
18335,89
18336,88
18337,88
18338,88
18339,88
18340,88
18341,88
18342,88
18343,88
18344,88
18345,88
18346,88
18347,88
18348,88
18349,88
18350,88
18351,88
18352,88
18353,88
18354,88
18355,88
18356,88
18357,88
18358,88
18359,88
18360,88
18361,88
18362,88
18363,88
18364,88
18365,88
18366,88
18367,88
18368,88
18369,88
18370,88
18371,88
18372,88
18373,88
18374,88
18375,88
18376,88
18377,88
18378,88
18379,88
18380,88
18381,88
18382,88
18383,88
18384,88
18385,88
18386,88
18387,88
18388,88
18389,88
18390,88
18391,88
18392,88
18393,88
18394,88
18395,88
18396,88
18397,88
18398,88
18399,87
18400,87
18401,87
18402,87
18403,87
18404,87
18405,87
18406,87
18407,87
18408,87
18409,87
18410,86
18411,86
18412,86
18413,86
18414,86
18415,86
18416,86
18417,86
18418,86
18419,86
18420,86
18421,86
18422,86
18423,86
18424,86
18425,86
18426,86
18427,86
18428,86
18429,86
18430,86
18431,86
18432,86
18433,86
18434,86
18435,86
18436,86
18437,86
18438,86
18439,86
18440,86
18441,86
18442,86
18443,86
18444,86
18445,86
18446,86
18447,86
18448,86
18449,86
18450,86
18451,86
18452,86
18453,86
18454,86
18455,86
18456,86
18457,86
18458,86
18459,86
18460,86
18461,86
18462,86
18463,85
18464,85
18465,85
18466,85
18467,85
18468,85
18469,85
18470,85
18471,85
18472,85
18473,85
18474,85
18475,85
18476,85
18477,85
18478,85
18479,85
18480,85
18481,85
18482,85
18483,85
18484,85
18485,85
18486,85
18487,85
18488,85
18489,85
18490,85
18491,85
18492,85
18493,85
18494,85
18495,85
18496,85
18497,85
18498,85
18499,85
18500,85
18501,85
18502,85
18503,85
18504,85
18505,85
18506,85
18507,85
18508,85
18509,85
18510,85
18511,85
18512,85
18513,85
18514,85
18515,85
18516,85
18517,85
18518,85
18519,85
18520,85
18521,85
18522,85
18523,85
18524,85
18525,85
18526,85
18527,85
18528,85
18529,85
18530,85
18531,85
18532,85
18533,85
18534,85
18535,85
18536,85
18537,85
18538,85
18539,85
18540,85
18541,85
18542,85
18543,85
18544,85
18545,85
18546,85
18547,85
18548,85
18549,85
18550,85
18551,85
18552,85
18553,85
18554,85
18555,85
18556,85
18557,85
18558,85
18559,85
18560,85
18561,85
18562,85
18563,85
18564,85
18565,85
18566,85
18567,85
18568,85
18569,85
18570,85
18571,85
18572,85
18573,85
18574,85
18575,85
18576,84
18577,84
18578,84
18579,84
18580,84
18581,84
18582,84
18583,84
18584,84
18585,84
18586,84
18587,84
18588,84
18589,84
18590,84
18591,84
18592,84
18593,84
18594,84
18595,84
18596,84
18597,84
18598,84
18599,84
18600,84
18601,84
18602,84
18603,84
18604,84
18605,84
18606,84
18607,84
18608,84
18609,84
18610,84
18611,84
18612,84
18613,83
18614,83
18615,83
18616,83
18617,83
18618,83
18619,83
18620,83
18621,83
18622,83
18623,83
18624,83
18625,83
18626,83
18627,83
18628,83
18629,83
18630,83
18631,83
18632,83
18633,83
18634,83
18635,83
18636,83
18637,83
18638,83
18639,83
18640,83
18641,83
18642,83
18643,83
18644,83
18645,83
18646,83
18647,83
18648,83
18649,83
18650,83
18651,83
18652,82
18653,82
18654,82
18655,82
18656,82
18657,82
18658,82
18659,82
18660,82
18661,82
18662,82
18663,82
18664,82
18665,82
18666,82
18667,82
18668,82
18669,81
18670,81
18671,81
18672,81
18673,81
18674,81
18675,81
18676,81
18677,81
18678,81
18679,81
18680,81
18681,81
18682,81
18683,81
18684,81
18685,81
18686,81
18687,81
18688,81
18689,81
18690,81
18691,81
18692,81
18693,81
18694,81
18695,81
18696,81
18697,81
18698,81
18699,81
18700,81
18701,81
18702,81
18703,81
18704,81
18705,81
18706,81
18707,81
18708,81
18709,81
18710,81
18711,81
18712,81
18713,81
18714,81
18715,81
18716,81
18717,81
18718,81
18719,81
18720,81
18721,81
18722,81
18723,81
18724,81
18725,81
18726,81
18727,81
18728,81
18729,81
18730,81
18731,81
18732,81
18733,81
18734,81
18735,81
18736,81
18737,81
18738,81
18739,81
18740,81
18741,81
18742,81
18743,81
18744,81
18745,81
18746,81
18747,81
18748,81
18749,81
18750,81
18751,81
18752,81
18753,81
18754,81
18755,81
18756,81
18757,81
18758,81
18759,80
18760,80
18761,80
18762,80
18763,80
18764,80
18765,80
18766,80
18767,80
18768,80
18769,80
18770,80
18771,80
18772,80
18773,80
18774,80
18775,80
18776,80
18777,80
18778,80
18779,80
18780,80
18781,80
18782,80
18783,80
18784,80
18785,80
18786,80
18787,80
18788,80
18789,80
18790,80
18791,80
18792,80
18793,80
18794,80
18795,80
18796,80
18797,80
18798,80
18799,80
18800,80
18801,80
18802,80
18803,80
18804,80
18805,80
18806,80
18807,80
18808,80
18809,80
18810,80
18811,80
18812,80
18813,80
18814,80
18815,80
18816,80
18817,80
18818,80
18819,80
18820,80
18821,80
18822,80
18823,80
18824,80
18825,80
18826,80
18827,80
18828,80
18829,80
18830,80
18831,80
18832,80
18833,80
18834,80
18835,80
18836,80
18837,80
18838,80
18839,80
18840,80
18841,80
18842,80
18843,80
18844,80
18845,80
18846,80
18847,80
18848,80
18849,80
18850,80
18851,80
18852,80
18853,80
18854,80
18855,80
18856,80
18857,80
18858,80
18859,80
18860,80
18861,80
18862,80
18863,80
18864,80
18865,80
18866,80
18867,80
18868,80
18869,80
18870,80
18871,80
18872,80
18873,80
18874,80
18875,80
18876,80
18877,80
18878,80
18879,80
18880,80
18881,80
18882,80
18883,80
18884,80
18885,80
18886,80
18887,80
18888,80
18889,80
18890,80
18891,80
18892,80
18893,80
18894,80
18895,80
18896,80
18897,80
18898,80
18899,80
18900,80
18901,80
18902,80
18903,80
18904,80
18905,80
18906,80
18907,80
18908,80
18909,80
18910,80
18911,80
18912,80
18913,79
18914,79
18915,79
18916,79
18917,79
18918,79
18919,79
18920,79
18921,79
18922,79
18923,79
18924,79
18925,79
18926,79
18927,79
18928,79
18929,79
18930,79
18931,79
18932,79
18933,79
18934,79
18935,79
18936,79
18937,79
18938,79
18939,79
18940,79
18941,79
18942,79
18943,79
18944,79
18945,79
18946,79
18947,79
18948,79
18949,79
18950,79
18951,79
18952,79
18953,79
18954,79
18955,79
18956,79
18957,79
18958,79
18959,79
18960,79
18961,79
18962,79
18963,78
18964,78
18965,78
18966,78
18967,78
18968,78
18969,78
18970,78
18971,78
18972,78
18973,78
18974,78
18975,78
18976,78
18977,78
18978,78
18979,78
18980,78
18981,78
18982,78
18983,78
18984,78
18985,78
18986,78
18987,78
18988,78
18989,78
18990,78
18991,78
18992,78
18993,78
18994,78
18995,78
18996,78
18997,78
18998,78
18999,78
19000,78
19001,78
19002,78
19003,78
19004,78
19005,78
19006,78
19007,78
19008,78
19009,78
19010,78
19011,78
19012,78
19013,78
19014,78
19015,78
19016,78
19017,78
19018,78
19019,78
19020,78
19021,78
19022,78
19023,78
19024,78
19025,78
19026,78
19027,78
19028,78
19029,78
19030,78
19031,78
19032,78
19033,78
19034,77
19035,77
19036,77
19037,77
19038,77
19039,77
19040,77
19041,77
19042,77
19043,77
19044,77
19045,77
19046,77
19047,77
19048,77
19049,77
19050,76
19051,76
19052,76
19053,76
19054,76
19055,76
19056,76
19057,76
19058,76
19059,76
19060,76
19061,76
19062,76
19063,76
19064,76
19065,76
19066,76
19067,76
19068,76
19069,76
19070,76
19071,76
19072,76
19073,76
19074,76
19075,76
19076,76
19077,76
19078,76
19079,76
19080,76
19081,76
19082,76
19083,76
19084,76
19085,76
19086,76
19087,76
19088,76
19089,76
19090,76
19091,76
19092,76
19093,76
19094,76
19095,76
19096,76
19097,76
19098,76
19099,76
19100,76
19101,76
19102,76
19103,76
19104,76
19105,76
19106,76
19107,76
19108,76
19109,76
19110,76
19111,76
19112,76
19113,76
19114,76
19115,76
19116,76
19117,76
19118,76
19119,76
19120,76
19121,76
19122,76
19123,76
19124,76
19125,76
19126,76
19127,76
19128,76
19129,76
19130,76
19131,76
19132,76
19133,76
19134,76
19135,76
19136,76
19137,76
19138,76
19139,76
19140,76
19141,76
19142,76
19143,76
19144,76
19145,76
19146,76
19147,75
19148,75
19149,75
19150,75
19151,75
19152,75
19153,75
19154,75
19155,75
19156,75
19157,75
19158,75
19159,75
19160,75
19161,75
19162,75
19163,75
19164,75
19165,75
19166,75
19167,75
19168,75
19169,75
19170,75
19171,75
19172,75
19173,75
19174,75
19175,75
19176,75
19177,75
19178,75
19179,75
19180,75
19181,75
19182,75
19183,75
19184,75
19185,75
19186,75
19187,75
19188,75
19189,75
19190,75
19191,75
19192,75
19193,75
19194,75
19195,75
19196,75
19197,75
19198,75
19199,75
19200,75
19201,75
19202,75
19203,75
19204,75
19205,75
19206,75
19207,75
19208,75
19209,75
19210,75
19211,75
19212,75
19213,75
19214,75
19215,75
19216,75
19217,75
19218,75
19219,75
19220,75
19221,75
19222,75
19223,75
19224,75
19225,75
19226,75
19227,75
19228,75
19229,75
19230,75
19231,75
19232,75
19233,75
19234,75
19235,75
19236,75
19237,75
19238,75
19239,75
19240,75
19241,75
19242,75
19243,75
19244,75
19245,75
19246,75
19247,75
19248,75
19249,75
19250,75
19251,75
19252,75
19253,75
19254,75
19255,75
19256,75
19257,75
19258,75
19259,75
19260,75
19261,75
19262,75
19263,75
19264,75
19265,75
19266,75
19267,75
19268,75
19269,75
19270,75
19271,75
19272,75
19273,75
19274,75
19275,75
19276,75
19277,75
19278,75
19279,75
19280,75
19281,75
19282,75
19283,75
19284,75
19285,75
19286,75
19287,75
19288,75
19289,75
19290,75
19291,75
19292,75
19293,75
19294,75
19295,75
19296,75
19297,75
19298,75
19299,75
19300,75
19301,75
19302,75
19303,75
19304,75
19305,75
19306,75
19307,75
19308,75
19309,75
19310,75
19311,75
19312,75
19313,75
19314,75
19315,75
19316,75
19317,75
19318,75
19319,75
19320,75
19321,75
19322,75
19323,75
19324,75
19325,75
19326,75
19327,75
19328,75
19329,75
19330,75
19331,75
19332,75
19333,75
19334,75
19335,75
19336,75
19337,75
19338,75
19339,75
19340,75
19341,75
19342,75
19343,75
19344,75
19345,75
19346,75
19347,75
19348,74
19349,74
19350,74
19351,74
19352,74
19353,74
19354,74
19355,74
19356,74
19357,74
19358,74
19359,74
19360,74
19361,74
19362,74
19363,74
19364,74
19365,74
19366,74
19367,74
19368,74
19369,74
19370,74
19371,74
19372,74
19373,74
19374,74
19375,74
19376,74
19377,74
19378,74
19379,74
19380,74
19381,74
19382,74
19383,74
19384,74
19385,74
19386,74
19387,74
19388,74
19389,74
19390,74
19391,74
19392,74
19393,74
19394,74
19395,74
19396,74
19397,73
19398,73
19399,73
19400,73
19401,73
19402,73
19403,73
19404,73
19405,73
19406,73
19407,73
19408,73
19409,73
19410,73
19411,73
19412,73
19413,73
19414,73
19415,73
19416,73
19417,73
19418,73
19419,73
19420,73
19421,73
19422,73
19423,73
19424,73
19425,73
19426,73
19427,73
19428,73
19429,73
19430,73
19431,73
19432,73
19433,73
19434,73
19435,73
19436,73
19437,73
19438,73
19439,73
19440,73
19441,73
19442,73
19443,73
19444,73
19445,73
19446,73
19447,73
19448,73
19449,73
19450,73
19451,73
19452,73
19453,73
19454,73
19455,73
19456,73
19457,73
19458,73
19459,73
19460,73
19461,73
19462,73
19463,73
19464,73
19465,73
19466,73
19467,73
19468,73
19469,73
19470,73
19471,73
19472,73
19473,73
19474,73
19475,73
19476,73
19477,73
19478,73
19479,73
19480,73
19481,73
19482,73
19483,73
19484,73
19485,73
19486,73
19487,73
19488,73
19489,73
19490,73
19491,73
19492,73
19493,73
19494,73
19495,73
19496,73
19497,73
19498,73
19499,73
19500,73
19501,73
19502,73
19503,73
19504,73
19505,73
19506,73
19507,73
19508,73
19509,73
19510,73
19511,73
19512,73
19513,73
19514,73
19515,73
19516,73
19517,73
19518,73
19519,73
19520,73
19521,73
19522,73
19523,73
19524,73
19525,73
19526,73
19527,73
19528,73
19529,73
19530,73
19531,73
19532,73
19533,73
19534,73
19535,73
19536,73
19537,73
19538,73
19539,73
19540,73
19541,73
19542,73
19543,73
19544,73
19545,73
19546,73
19547,73
19548,73
19549,73
19550,73
19551,73
19552,73
19553,73
19554,73
19555,73
19556,73
19557,73
19558,73
19559,73
19560,73
19561,73
19562,73
19563,73
19564,73
19565,73
19566,73
19567,73
19568,73
19569,73
19570,73
19571,73
19572,73
19573,73
19574,73
19575,73
19576,73
19577,73
19578,73
19579,73
19580,73
19581,73
19582,73
19583,73
19584,73
19585,73
19586,73
19587,73
19588,73
19589,73
19590,73
19591,73
19592,73
19593,73
19594,73
19595,73
19596,73
19597,73
19598,73
19599,73
19600,73
19601,73
19602,73
19603,73
19604,73
19605,73
19606,73
19607,73
19608,73
19609,73
19610,73
19611,73
19612,73
19613,73
19614,73
19615,73
19616,73
19617,73
19618,73
19619,73
19620,73
19621,73
19622,73
19623,73
19624,73
19625,73
19626,73
19627,73
19628,73
19629,73
19630,73
19631,73
19632,73
19633,73
19634,73
19635,73
19636,73
19637,72
19638,72
19639,72
19640,72
19641,72
19642,72
19643,72
19644,72
19645,72
19646,72
19647,72
19648,72
19649,72
19650,72
19651,72
19652,72
19653,72
19654,72
19655,72
19656,72
19657,72
19658,72
19659,72
19660,72
19661,72
19662,72
19663,72
19664,72
19665,72
19666,72
19667,72
19668,72
19669,72
19670,72
19671,72
19672,72
19673,72
19674,72
19675,72
19676,72
19677,72
19678,72
19679,72
19680,72
19681,72
19682,72
19683,72
19684,72
19685,72
19686,72
19687,72
19688,72
19689,72
19690,72
19691,72
19692,72
19693,72
19694,72
19695,72
19696,72
19697,72
19698,72
19699,72
19700,72
19701,72
19702,72
19703,72
19704,72
19705,72
19706,72
19707,72
19708,72
19709,72
19710,72
19711,72
19712,72
19713,72
19714,72
19715,72
19716,72
19717,72
19718,72
19719,72
19720,72
19721,72
19722,72
19723,72
19724,72
19725,72
19726,72
19727,72
19728,72
19729,72
19730,72
19731,72
19732,72
19733,72
19734,72
19735,72
19736,72
19737,72
19738,71
19739,71
19740,71
19741,71
19742,71
19743,71
19744,71
19745,71
19746,71
19747,71
19748,71
19749,71
19750,71
19751,71
19752,71
19753,71
19754,71
19755,71
19756,71
19757,71
19758,71
19759,71
19760,71
19761,71
19762,71
19763,71
19764,71
19765,71
19766,71
19767,71
19768,71
19769,71
19770,71
19771,71
19772,71
19773,71
19774,71
19775,71
19776,71
19777,71
19778,71
19779,71
19780,71
19781,71
19782,71
19783,71
19784,71
19785,71
19786,71
19787,71
19788,71
19789,71
19790,71
19791,71
19792,71
19793,71
19794,71
19795,71
19796,71
19797,71
19798,71
19799,71
19800,71
19801,71
19802,71
19803,71
19804,71
19805,71
19806,71
19807,71
19808,71
19809,71
19810,71
19811,71
19812,71
19813,71
19814,71
19815,71
19816,71
19817,71
19818,71
19819,71
19820,71
19821,71
19822,71
19823,71
19824,71
19825,71
19826,71
19827,71
19828,71
19829,71
19830,71
19831,71
19832,71
19833,71
19834,71
19835,71
19836,71
19837,71
19838,71
19839,71
19840,71
19841,71
19842,71
19843,71
19844,71
19845,71
19846,71
19847,71
19848,71
19849,71
19850,71
19851,71
19852,71
19853,71
19854,71
19855,71
19856,71
19857,71
19858,71
19859,71
19860,71
19861,71
19862,71
19863,71
19864,71
19865,71
19866,71
19867,71
19868,71
19869,71
19870,71
19871,71
19872,71
19873,71
19874,71
19875,71
19876,71
19877,71
19878,71
19879,71
19880,71
19881,71
19882,71
19883,71
19884,71
19885,71
19886,71
19887,71
19888,71
19889,71
19890,71
19891,71
19892,71
19893,71
19894,71
19895,71
19896,71
19897,71
19898,71
19899,71
19900,71
19901,71
19902,71
19903,71
19904,71
19905,71
19906,71
19907,71
19908,71
19909,71
19910,71
19911,71
19912,71
19913,71
19914,71
19915,71
19916,71
19917,71
19918,71
19919,71
19920,71
19921,71
19922,71
19923,71
19924,71
19925,71
19926,71
19927,71
19928,71
19929,71
19930,71
19931,71
19932,71
19933,71
19934,71
19935,71
19936,71
19937,71
19938,71
19939,71
19940,71
19941,71
19942,71
19943,71
19944,71
19945,71
19946,71
19947,71
19948,71
19949,71
19950,71
19951,71
19952,71
19953,71
19954,71
19955,71
19956,71
19957,71
19958,71
19959,71
19960,71
19961,71
19962,71
19963,71
19964,71
19965,71
19966,71
19967,71
19968,71
19969,71
19970,71
19971,71
19972,71
19973,71
19974,71
19975,71
19976,71
19977,71
19978,71
19979,71
19980,71
19981,71
19982,71
19983,71
19984,71
19985,71
19986,71
19987,71
19988,71
19989,71
19990,71
19991,71
19992,71
19993,71
19994,71
19995,71
19996,71
19997,71
19998,71
19999,71
20000,71
20001,71
20002,71
20003,71
20004,71
20005,71
20006,71
20007,71
20008,71
20009,71
20010,71
20011,71
20012,71
20013,71
20014,71
20015,71
20016,71
20017,71
20018,71
20019,71
20020,71
20021,71
20022,71
20023,71
20024,71
20025,71
20026,71
20027,71
20028,71
20029,71
20030,71
20031,71
20032,71
20033,71
20034,71
20035,71
20036,71
20037,71
20038,71
20039,71
20040,71
20041,71
20042,71
20043,71
20044,71
20045,71
20046,71
20047,71
20048,71
20049,71
20050,71
20051,71
20052,71
20053,71
20054,71
20055,71
20056,70
20057,70
20058,70
20059,70
20060,70
20061,70
20062,70
20063,70
20064,70
20065,70
20066,70
20067,70
20068,70
20069,70
20070,70
20071,70
20072,70
20073,70
20074,70
20075,70
20076,70
20077,70
20078,70
20079,70
20080,70
20081,70
20082,70
20083,70
20084,70
20085,70
20086,70
20087,70
20088,70
20089,70
20090,70
20091,70
20092,70
20093,70
20094,70
20095,70
20096,70
20097,70
20098,70
20099,70
20100,70
20101,70
20102,70
20103,70
20104,70
20105,70
20106,70
20107,70
20108,70
20109,70
20110,70
20111,70
20112,70
20113,70
20114,70
20115,70
20116,70
20117,70
20118,70
20119,70
20120,70
20121,70
20122,70
20123,70
20124,70
20125,70
20126,70
20127,70
20128,70
20129,70
20130,70
20131,70
20132,70
20133,70
20134,70
20135,70
20136,70
20137,70
20138,70
20139,70
20140,70
20141,70
20142,70
20143,70
20144,70
20145,70
20146,70
20147,70
20148,70
20149,70
20150,70
20151,70
20152,70
20153,70
20154,70
20155,70
20156,70
20157,70
20158,70
20159,70
20160,70
20161,70
20162,70
20163,70
20164,70
20165,70
20166,70
20167,70
20168,70
20169,70
20170,70
20171,70
20172,70
20173,70
20174,70
20175,70
20176,70
20177,70
20178,70
20179,70
20180,70
20181,70
20182,70
20183,70
20184,70
20185,70
20186,70
20187,70
20188,70
20189,70
20190,70
20191,70
20192,70
20193,70
20194,70
20195,70
20196,70
20197,70
20198,70
20199,70
20200,70
20201,70
20202,70
20203,70
20204,70
20205,70
20206,70
20207,70
20208,70
20209,70
20210,70
20211,70
20212,70
20213,70
20214,70
20215,70
20216,70
20217,70
20218,70
20219,70
20220,70
20221,70
20222,70
20223,70
20224,70
20225,70
20226,70
20227,70
20228,70
20229,70
20230,70
20231,70
20232,70
20233,70
20234,70
20235,70
20236,70
20237,70
20238,70
20239,70
20240,70
20241,70
20242,70
20243,70
20244,70
20245,70
20246,70
20247,70
20248,70
20249,70
20250,70
20251,70
20252,70
20253,70
20254,70
20255,70
20256,70
20257,70
20258,70
20259,70
20260,70
20261,70
20262,70
20263,70
20264,70
20265,70
20266,70
20267,70
20268,70
20269,70
20270,70
20271,70
20272,70
20273,70
20274,70
20275,70
20276,70
20277,70
20278,70
20279,70
20280,70
20281,70
20282,70
20283,70
20284,70
20285,70
20286,70
20287,70
20288,70
20289,70
20290,70
20291,70
20292,70
20293,70
20294,70
20295,70
20296,70
20297,70
20298,70
20299,70
20300,70
20301,70
20302,70
20303,70
20304,70
20305,70
20306,70
20307,70
20308,70
20309,70
20310,70
20311,70
20312,70
20313,70
20314,70
20315,70
20316,70
20317,70
20318,70
20319,70
20320,70
20321,70
20322,70
20323,70
20324,70
20325,70
20326,70
20327,70
20328,70
20329,70
20330,70
20331,70
20332,70
20333,70
20334,70
20335,70
20336,69
20337,69
20338,69
20339,69
20340,69
20341,69
20342,69
20343,69
20344,69
20345,69
20346,69
20347,69
20348,69
20349,69
20350,69
20351,69
20352,69
20353,69
20354,69
20355,69
20356,69
20357,69
20358,69
20359,69
20360,69
20361,69
20362,69
20363,69
20364,69
20365,69
20366,69
20367,69
20368,69
20369,69
20370,69
20371,69
20372,69
20373,69
20374,69
20375,69
20376,69
20377,69
20378,69
20379,69
20380,69
20381,69
20382,69
20383,69
20384,69
20385,69
20386,69
20387,69
20388,68
20389,68
20390,68
20391,68
20392,68
20393,68
20394,68
20395,68
20396,68
20397,68
20398,68
20399,68
20400,68
20401,68
20402,68
20403,68
20404,68
20405,68
20406,68
20407,68
20408,68
20409,68
20410,68
20411,68
20412,68
20413,68
20414,68
20415,68
20416,68
20417,68
20418,68
20419,68
20420,68
20421,68
20422,68
20423,68
20424,68
20425,68
20426,68
20427,68
20428,68
20429,68
20430,68
20431,68
20432,68
20433,68
20434,68
20435,68
20436,68
20437,68
20438,68
20439,68
20440,68
20441,68
20442,68
20443,68
20444,68
20445,68
20446,68
20447,68
20448,68
20449,68
20450,68
20451,68
20452,68
20453,68
20454,68
20455,68
20456,68
20457,68
20458,68
20459,68
20460,68
20461,68
20462,68
20463,68
20464,68
20465,68
20466,68
20467,68
20468,68
20469,68
20470,68
20471,68
20472,68
20473,68
20474,68
20475,68
20476,68
20477,68
20478,68
20479,68
20480,68
20481,68
20482,68
20483,68
20484,68
20485,68
20486,68
20487,68
20488,68
20489,68
20490,68
20491,68
20492,68
20493,68
20494,68
20495,68
20496,68
20497,68
20498,68
20499,68
20500,68
20501,68
20502,68
20503,68
20504,68
20505,68
20506,68
20507,68
20508,68
20509,68
20510,68
20511,68
20512,68
20513,68
20514,68
20515,68
20516,68
20517,68
20518,68
20519,68
20520,68
20521,68
20522,68
20523,68
20524,68
20525,68
20526,68
20527,68
20528,68
20529,68
20530,68
20531,68
20532,68
20533,68
20534,68
20535,68
20536,68
20537,68
20538,68
20539,68
20540,68
20541,68
20542,68
20543,68
20544,68
20545,68
20546,68
20547,68
20548,68
20549,68
20550,68
20551,68
20552,68
20553,68
20554,68
20555,68
20556,68
20557,68
20558,68
20559,68
20560,67
20561,66
20562,66
20563,66
20564,66
20565,66
20566,66
20567,65
20568,65
20569,65
20570,65
20571,65
20572,65
20573,65
20574,65
20575,65
20576,65
20577,65
20578,65
20579,65
20580,65
20581,65
20582,65
20583,65
20584,65
20585,65
20586,65
20587,65
20588,65
20589,65
20590,65
20591,65
20592,65
20593,65
20594,65
20595,65
20596,65
20597,65
20598,65
20599,65
20600,65
20601,65
20602,65
20603,65
20604,65
20605,65
20606,65
20607,65
20608,65
20609,65
20610,65
20611,65
20612,65
20613,65
20614,65
20615,65
20616,65
20617,65
20618,65
20619,65
20620,65
20621,65
20622,65
20623,65
20624,65
20625,65
20626,65
20627,65
20628,65
20629,65
20630,65
20631,65
20632,65
20633,65
20634,65
20635,65
20636,65
20637,65
20638,65
20639,65
20640,65
20641,65
20642,65
20643,65
20644,65
20645,65
20646,65
20647,65
20648,65
20649,65
20650,65
20651,65
20652,65
20653,65
20654,65
20655,65
20656,65
20657,65
20658,65
20659,65
20660,65
20661,65
20662,65
20663,65
20664,65
20665,65
20666,65
20667,65
20668,65
20669,65
20670,65
20671,65
20672,65
20673,65
20674,65
20675,65
20676,65
20677,65
20678,65
20679,65
20680,65
20681,65
20682,65
20683,65
20684,65
20685,65
20686,65
20687,65
20688,65
20689,65
20690,65
20691,65
20692,65
20693,65
20694,65
20695,65
20696,65
20697,65
20698,65
20699,65
20700,65
20701,65
20702,65
20703,65
20704,65
20705,65
20706,65
20707,65
20708,65
20709,65
20710,65
20711,65
20712,65
20713,65
20714,65
20715,65
20716,65
20717,65
20718,65
20719,65
20720,65
20721,65
20722,65
20723,65
20724,65
20725,65
20726,65
20727,65
20728,65
20729,65
20730,65
20731,65
20732,65
20733,65
20734,65
20735,65
20736,65
20737,65
20738,65
20739,65
20740,65
20741,65
20742,65
20743,65
20744,65
20745,65
20746,65
20747,65
20748,65
20749,65
20750,65
20751,65
20752,65
20753,65
20754,65
20755,65
20756,65
20757,65
20758,65
20759,65
20760,65
20761,65
20762,65
20763,65
20764,65
20765,65
20766,65
20767,65
20768,65
20769,65
20770,65
20771,65
20772,65
20773,65
20774,65
20775,65
20776,65
20777,65
20778,65
20779,65
20780,65
20781,65
20782,65
20783,65
20784,65
20785,65
20786,65
20787,65
20788,65
20789,65
20790,65
20791,65
20792,65
20793,65
20794,64
20795,64
20796,64
20797,64
20798,64
20799,64
20800,64
20801,64
20802,64
20803,64
20804,64
20805,64
20806,64
20807,64
20808,64
20809,64
20810,64
20811,64
20812,64
20813,64
20814,64
20815,64
20816,64
20817,64
20818,64
20819,64
20820,64
20821,64
20822,64
20823,64
20824,64
20825,64
20826,64
20827,64
20828,64
20829,64
20830,64
20831,64
20832,64
20833,64
20834,64
20835,64
20836,64
20837,64
20838,64
20839,63
20840,63
20841,63
20842,63
20843,63
20844,63
20845,63
20846,63
20847,63
20848,63
20849,63
20850,63
20851,63
20852,63
20853,63
20854,63
20855,63
20856,63
20857,63
20858,63
20859,63
20860,63
20861,63
20862,63
20863,63
20864,63
20865,63
20866,63
20867,63
20868,62
20869,62
20870,62
20871,62
20872,62
20873,62
20874,62
20875,62
20876,62
20877,62
20878,62
20879,62
20880,62
20881,62
20882,62
20883,62
20884,62
20885,62
20886,62
20887,62
20888,62
20889,62
20890,62
20891,62
20892,62
20893,62
20894,62
20895,62
20896,62
20897,62
20898,62
20899,62
20900,62
20901,62
20902,62
20903,62
20904,62
20905,62
20906,62
20907,62
20908,62
20909,62
20910,62
20911,62
20912,62
20913,62
20914,62
20915,62
20916,62
20917,62
20918,62
20919,62
20920,62
20921,62
20922,62
20923,62
20924,62
20925,62
20926,62
20927,62
20928,62
20929,62
20930,62
20931,62
20932,62
20933,62
20934,62
20935,62
20936,62
20937,62
20938,62
20939,62
20940,62
20941,62
20942,62
20943,62
20944,62
20945,62
20946,62
20947,62
20948,62
20949,62
20950,62
20951,62
20952,62
20953,62
20954,62
20955,62
20956,62
20957,62
20958,62
20959,62
20960,62
20961,62
20962,62
20963,62
20964,62
20965,62
20966,62
20967,62
20968,62
20969,62
20970,62
20971,62
20972,62
20973,62
20974,62
20975,62
20976,62
20977,62
20978,62
20979,62
20980,62
20981,62
20982,62
20983,62
20984,62
20985,62
20986,62
20987,62
20988,62
20989,62
20990,62
20991,62
20992,62
20993,62
20994,62
20995,62
20996,62
20997,62
20998,62
20999,62
21000,62
21001,62
21002,62
21003,62
21004,62
21005,62
21006,62
21007,62
21008,62
21009,62
21010,62
21011,62
21012,62
21013,62
21014,62
21015,62
21016,62
21017,62
21018,62
21019,62
21020,62
21021,62
21022,62
21023,62
21024,62
21025,62
21026,62
21027,62
21028,62
21029,62
21030,62
21031,62
21032,62
21033,62
21034,62
21035,62
21036,62
21037,62
21038,62
21039,62
21040,62
21041,62
21042,62
21043,62
21044,62
21045,62
21046,62
21047,62
21048,62
21049,62
21050,62
21051,62
21052,62
21053,62
21054,62
21055,62
21056,62
21057,62
21058,62
21059,62
21060,62
21061,62
21062,62
21063,62
21064,62
21065,62
21066,62
21067,62
21068,62
21069,62
21070,62
21071,62
21072,62
21073,62
21074,62
21075,62
21076,62
21077,62
21078,62
21079,62
21080,62
21081,62
21082,62
21083,62
21084,62
21085,62
21086,62
21087,61
21088,61
21089,61
21090,61
21091,61
21092,61
21093,61
21094,61
21095,61
21096,61
21097,61
21098,61
21099,61
21100,61
21101,61
21102,61
21103,61
21104,61
21105,61
21106,61
21107,61
21108,61
21109,61
21110,61
21111,61
21112,61
21113,61
21114,61
21115,61
21116,61
21117,61
21118,61
21119,61
21120,61
21121,61
21122,61
21123,61
21124,61
21125,61
21126,61
21127,61
21128,61
21129,61
21130,61
21131,61
21132,61
21133,61
21134,61
21135,61
21136,61
21137,61
21138,61
21139,61
21140,61
21141,61
21142,61
21143,61
21144,61
21145,61
21146,61
21147,61
21148,61
21149,61
21150,61
21151,61
21152,61
21153,61
21154,61
21155,61
21156,61
21157,61
21158,61
21159,61
21160,61
21161,61
21162,61
21163,61
21164,61
21165,61
21166,61
21167,61
21168,61
21169,61
21170,61
21171,61
21172,61
21173,61
21174,61
21175,61
21176,61
21177,61
21178,61
21179,61
21180,61
21181,61
21182,61
21183,61
21184,61
21185,61
21186,61
21187,61
21188,61
21189,61
21190,61
21191,61
21192,61
21193,61
21194,61
21195,61
21196,61
21197,61
21198,61
21199,61
21200,61
21201,61
21202,61
21203,61
21204,61
21205,61
21206,61
21207,61
21208,61
21209,61
21210,61
21211,61
21212,61
21213,61
21214,61
21215,61
21216,61
21217,61
21218,61
21219,61
21220,61
21221,61
21222,61
21223,61
21224,61
21225,61
21226,61
21227,61
21228,61
21229,61
21230,61
21231,61
21232,61
21233,61
21234,61
21235,61
21236,61
21237,61
21238,61
21239,61
21240,61
21241,61
21242,61
21243,61
21244,61
21245,61
21246,61
21247,61
21248,61
21249,61
21250,61
21251,61
21252,61
21253,61
21254,61
21255,61
21256,61
21257,61
21258,61
21259,61
21260,61
21261,61
21262,61
21263,61
21264,61
21265,61
21266,61
21267,61
21268,61
21269,61
21270,61
21271,61
21272,61
21273,61
21274,61
21275,61
21276,61
21277,61
21278,61
21279,61
21280,61
21281,61
21282,61
21283,61
21284,61
21285,61
21286,61
21287,61
21288,61
21289,61
21290,61
21291,61
21292,61
21293,61
21294,61
21295,61
21296,61
21297,61
21298,61
21299,61
21300,61
21301,61
21302,61
21303,61
21304,61
21305,61
21306,61
21307,61
21308,61
21309,61
21310,61
21311,60
21312,60
21313,60
21314,60
21315,60
21316,60
21317,60
21318,60
21319,60
21320,60
21321,60
21322,60
21323,60
21324,60
21325,60
21326,60
21327,60
21328,60
21329,60
21330,60
21331,60
21332,60
21333,60
21334,60
21335,60
21336,60
21337,60
21338,60
21339,60
21340,60
21341,60
21342,60
21343,60
21344,60
21345,60
21346,60
21347,60
21348,60
21349,60
21350,60
21351,60
21352,60
21353,60
21354,60
21355,60
21356,60
21357,60
21358,60
21359,60
21360,60
21361,60
21362,60
21363,60
21364,60
21365,60
21366,60
21367,60
21368,60
21369,60
21370,60
21371,59
21372,59
21373,59
21374,59
21375,59
21376,59
21377,59
21378,59
21379,59
21380,59
21381,59
21382,59
21383,59
21384,59
21385,59
21386,59
21387,59
21388,59
21389,59
21390,59
21391,59
21392,59
21393,59
21394,59
21395,59
21396,59
21397,59
21398,59
21399,59
21400,59
21401,59
21402,59
21403,59
21404,59
21405,59
21406,59
21407,59
21408,59
21409,59
21410,59
21411,59
21412,59
21413,59
21414,59
21415,59
21416,59
21417,59
21418,59
21419,59
21420,59
21421,59
21422,59
21423,59
21424,59
21425,59
21426,59
21427,59
21428,59
21429,59
21430,59
21431,59
21432,59
21433,59
21434,58
21435,58
21436,58
21437,58
21438,58
21439,58
21440,58
21441,58
21442,58
21443,58
21444,58
21445,58
21446,58
21447,58
21448,58
21449,58
21450,58
21451,58
21452,58
21453,58
21454,58
21455,58
21456,58
21457,58
21458,58
21459,58
21460,58
21461,58
21462,58
21463,58
21464,58
21465,58
21466,58
21467,58
21468,58
21469,58
21470,58
21471,58
21472,58
21473,58
21474,58
21475,58
21476,58
21477,58
21478,58
21479,58
21480,58
21481,58
21482,58
21483,58
21484,58
21485,58
21486,58
21487,58
21488,58
21489,58
21490,58
21491,58
21492,58
21493,58
21494,58
21495,58
21496,58
21497,58
21498,58
21499,58
21500,58
21501,58
21502,58
21503,58
21504,58
21505,58
21506,58
21507,58
21508,58
21509,58
21510,58
21511,58
21512,58
21513,58
21514,58
21515,58
21516,58
21517,58
21518,58
21519,58
21520,58
21521,58
21522,58
21523,58
21524,58
21525,58
21526,58
21527,58
21528,58
21529,58
21530,58
21531,58
21532,58
21533,58
21534,58
21535,58
21536,58
21537,58
21538,58
21539,58
21540,58
21541,58
21542,58
21543,58
21544,58
21545,58
21546,58
21547,58
21548,58
21549,58
21550,58
21551,58
21552,58
21553,58
21554,58
21555,58
21556,58
21557,58
21558,58
21559,58
21560,58
21561,58
21562,58
21563,58
21564,58
21565,58
21566,58
21567,58
21568,58
21569,58
21570,58
21571,58
21572,58
21573,58
21574,58
21575,58
21576,58
21577,58
21578,58
21579,58
21580,58
21581,58
21582,58
21583,58
21584,58
21585,58
21586,58
21587,58
21588,58
21589,58
21590,58
21591,58
21592,58
21593,58
21594,58
21595,58
21596,58
21597,58
21598,58
21599,58
21600,58
21601,58
21602,58
21603,58
21604,58
21605,58
21606,58
21607,58
21608,58
21609,58
21610,58
21611,58
21612,58
21613,58
21614,58
21615,58
21616,58
21617,58
21618,58
21619,58
21620,58
21621,58
21622,58
21623,58
21624,58
21625,58
21626,58
21627,58
21628,58
21629,58
21630,58
21631,58
21632,58
21633,58
21634,58
21635,58
21636,58
21637,58
21638,58
21639,58
21640,58
21641,58
21642,58
21643,58
21644,58
21645,58
21646,58
21647,58
21648,58
21649,58
21650,58
21651,58
21652,58
21653,58
21654,58
21655,58
21656,58
21657,58
21658,58
21659,58
21660,58
21661,58
21662,58
21663,58
21664,58
21665,58
21666,58
21667,58
21668,58
21669,58
21670,58
21671,58
21672,58
21673,58
21674,58
21675,58
21676,58
21677,58
21678,58
21679,58
21680,58
21681,58
21682,58
21683,58
21684,58
21685,58
21686,58
21687,58
21688,58
21689,58
21690,58
21691,58
21692,58
21693,58
21694,58
21695,58
21696,58
21697,58
21698,58
21699,58
21700,58
21701,58
21702,58
21703,58
21704,58
21705,58
21706,58
21707,58
21708,58
21709,58
21710,58
21711,58
21712,58
21713,58
21714,58
21715,58
21716,58
21717,58
21718,58
21719,58
21720,58
21721,58
21722,58
21723,58
21724,58
21725,58
21726,58
21727,58
21728,58
21729,58
21730,58
21731,58
21732,58
21733,58
21734,58
21735,58
21736,58
21737,58
21738,58
21739,58
21740,58
21741,58
21742,58
21743,57
21744,57
21745,57
21746,57
21747,57
21748,57
21749,57
21750,57
21751,57
21752,57
21753,57
21754,57
21755,57
21756,57
21757,57
21758,57
21759,57
21760,57
21761,57
21762,57
21763,57
21764,57
21765,57
21766,57
21767,57
21768,57
21769,57
21770,57
21771,57
21772,57
21773,57
21774,57
21775,57
21776,57
21777,57
21778,57
21779,57
21780,57
21781,57
21782,57
21783,57
21784,57
21785,57
21786,57
21787,57
21788,57
21789,57
21790,57
21791,57
21792,57
21793,57
21794,57
21795,57
21796,57
21797,57
21798,57
21799,57
21800,57
21801,57
21802,57
21803,57
21804,57
21805,57
21806,57
21807,57
21808,57
21809,57
21810,57
21811,57
21812,57
21813,57
21814,57
21815,57
21816,57
21817,57
21818,57
21819,57
21820,57
21821,57
21822,57
21823,57
21824,57
21825,57
21826,57
21827,57
21828,57
21829,57
21830,57
21831,57
21832,57
21833,57
21834,57
21835,57
21836,57
21837,57
21838,57
21839,57
21840,57
21841,57
21842,57
21843,57
21844,57
21845,57
21846,57
21847,57
21848,57
21849,57
21850,57
21851,57
21852,57
21853,57
21854,57
21855,57
21856,57
21857,57
21858,57
21859,57
21860,57
21861,57
21862,57
21863,57
21864,57
21865,57
21866,57
21867,57
21868,57
21869,57
21870,57
21871,57
21872,57
21873,57
21874,57
21875,57
21876,57
21877,57
21878,57
21879,57
21880,57
21881,57
21882,57
21883,57
21884,57
21885,57
21886,57
21887,57
21888,57
21889,57
21890,57
21891,57
21892,57
21893,57
21894,57
21895,57
21896,57
21897,57
21898,57
21899,57
21900,57
21901,57
21902,57
21903,57
21904,57
21905,57
21906,57
21907,57
21908,57
21909,57
21910,57
21911,57
21912,57
21913,57
21914,57
21915,57
21916,57
21917,57
21918,57
21919,57
21920,57
21921,57
21922,57
21923,57
21924,57
21925,57
21926,57
21927,57
21928,57
21929,57
21930,57
21931,57
21932,57
21933,57
21934,57
21935,57
21936,57
21937,57
21938,57
21939,57
21940,57
21941,57
21942,57
21943,57
21944,57
21945,57
21946,57
21947,57
21948,57
21949,57
21950,57
21951,57
21952,57
21953,57
21954,57
21955,57
21956,57
21957,56
21958,56
21959,56
21960,56
21961,56
21962,56
21963,56
21964,56
21965,56
21966,56
21967,56
21968,56
21969,56
21970,56
21971,56
21972,56
21973,56
21974,56
21975,56
21976,56
21977,56
21978,56
21979,56
21980,56
21981,56
21982,56
21983,56
21984,56
21985,56
21986,56
21987,56
21988,56
21989,56
21990,56
21991,56
21992,56
21993,56
21994,56
21995,56
21996,56
21997,56
21998,56
21999,56
22000,56
22001,56
22002,56
22003,56
22004,56
22005,56
22006,56
22007,56
22008,56
22009,56
22010,56
22011,56
22012,56
22013,56
22014,56
22015,56
22016,56
22017,56
22018,56
22019,56
22020,56
22021,56
22022,56
22023,56
22024,56
22025,56
22026,56
22027,56
22028,56
22029,56
22030,56
22031,56
22032,56
22033,56
22034,56
22035,56
22036,56
22037,56
22038,56
22039,56
22040,56
22041,56
22042,56
22043,56
22044,56
22045,56
22046,56
22047,56
22048,56
22049,56
22050,56
22051,56
22052,56
22053,56
22054,56
22055,56
22056,56
22057,56
22058,56
22059,56
22060,56
22061,56
22062,56
22063,56
22064,56
22065,56
22066,56
22067,56
22068,56
22069,56
22070,56
22071,56
22072,56
22073,56
22074,56
22075,56
22076,56
22077,56
22078,56
22079,56
22080,56
22081,56
22082,56
22083,56
22084,56
22085,56
22086,56
22087,56
22088,56
22089,56
22090,56
22091,56
22092,56
22093,56
22094,56
22095,56
22096,56
22097,56
22098,56
22099,56
22100,56
22101,56
22102,56
22103,56
22104,56
22105,56
22106,56
22107,56
22108,56
22109,56
22110,56
22111,56
22112,56
22113,56
22114,56
22115,56
22116,56
22117,56
22118,56
22119,56
22120,56
22121,56
22122,56
22123,56
22124,56
22125,56
22126,56
22127,56
22128,56
22129,56
22130,56
22131,56
22132,56
22133,56
22134,56
22135,56
22136,56
22137,56
22138,56
22139,56
22140,56
22141,56
22142,56
22143,56
22144,56
22145,56
22146,56
22147,56
22148,56
22149,56
22150,56
22151,56
22152,56
22153,56
22154,56
22155,56
22156,56
22157,56
22158,56
22159,56
22160,56
22161,56
22162,56
22163,56
22164,56
22165,56
22166,56
22167,56
22168,56
22169,56
22170,56
22171,56
22172,56
22173,56
22174,56
22175,56
22176,56
22177,56
22178,56
22179,56
22180,56
22181,56
22182,56
22183,56
22184,56
22185,56
22186,56
22187,56
22188,56
22189,56
22190,56
22191,56
22192,56
22193,56
22194,56
22195,56
22196,56
22197,56
22198,56
22199,56
22200,56
22201,56
22202,56
22203,56
22204,56
22205,56
22206,56
22207,56
22208,56
22209,56
22210,56
22211,56
22212,56
22213,56
22214,56
22215,56
22216,56
22217,56
22218,56
22219,56
22220,56
22221,56
22222,56
22223,56
22224,56
22225,56
22226,56
22227,56
22228,56
22229,56
22230,56
22231,56
22232,56
22233,56
22234,56
22235,56
22236,56
22237,56
22238,56
22239,56
22240,56
22241,56
22242,56
22243,56
22244,56
22245,56
22246,56
22247,56
22248,56
22249,56
22250,56
22251,56
22252,56
22253,56
22254,56
22255,56
22256,56
22257,56
22258,56
22259,56
22260,56
22261,56
22262,56
22263,56
22264,56
22265,56
22266,56
22267,56
22268,56
22269,56
22270,56
22271,56
22272,56
22273,56
22274,56
22275,56
22276,56
22277,56
22278,56
22279,56
22280,56
22281,56
22282,56
22283,56
22284,56
22285,56
22286,56
22287,56
22288,56
22289,56
22290,56
22291,56
22292,56
22293,56
22294,56
22295,56
22296,56
22297,56
22298,56
22299,56
22300,56
22301,56
22302,56
22303,56
22304,56
22305,56
22306,56
22307,56
22308,56
22309,56
22310,56
22311,56
22312,56
22313,56
22314,56
22315,56
22316,56
22317,56
22318,56
22319,56
22320,56
22321,56
22322,56
22323,56
22324,56
22325,56
22326,56
22327,56
22328,56
22329,56
22330,56
22331,56
22332,56
22333,56
22334,56
22335,56
22336,56
22337,56
22338,56
22339,56
22340,56
22341,56
22342,56
22343,56
22344,56
22345,56
22346,56
22347,56
22348,56
22349,56
22350,56
22351,56
22352,56
22353,56
22354,56
22355,56
22356,56
22357,56
22358,56
22359,56
22360,56
22361,56
22362,56
22363,56
22364,56
22365,56
22366,56
22367,56
22368,56
22369,56
22370,56
22371,56
22372,56
22373,56
22374,56
22375,56
22376,56
22377,56
22378,56
22379,56
22380,56
22381,56
22382,56
22383,56
22384,56
22385,56
22386,56
22387,56
22388,56
22389,56
22390,56
22391,56
22392,56
22393,56
22394,56
22395,56
22396,56
22397,56
22398,56
22399,56
22400,56
22401,56
22402,56
22403,56
22404,56
22405,56
22406,56
22407,56
22408,56
22409,56
22410,56
22411,56
22412,56
22413,56
22414,56
22415,56
22416,56
22417,56
22418,56
22419,56
22420,56
22421,56
22422,56
22423,56
22424,56
22425,56
22426,56
22427,56
22428,56
22429,56
22430,56
22431,56
22432,56
22433,56
22434,56
22435,56
22436,56
22437,56
22438,56
22439,55
22440,55
22441,55
22442,55
22443,55
22444,55
22445,55
22446,55
22447,55
22448,55
22449,55
22450,55
22451,55
22452,55
22453,55
22454,55
22455,55
22456,55
22457,55
22458,55
22459,55
22460,55
22461,55
22462,55
22463,55
22464,55
22465,55
22466,55
22467,55
22468,55
22469,55
22470,55
22471,55
22472,55
22473,55
22474,55
22475,55
22476,55
22477,55
22478,55
22479,55
22480,55
22481,55
22482,55
22483,55
22484,55
22485,55
22486,55
22487,55
22488,55
22489,55
22490,55
22491,55
22492,55
22493,55
22494,55
22495,55
22496,55
22497,55
22498,55
22499,54
22500,54
22501,54
22502,54
22503,54
22504,54
22505,54
22506,54
22507,54
22508,54
22509,54
22510,54
22511,54
22512,54
22513,54
22514,54
22515,54
22516,54
22517,54
22518,54
22519,54
22520,54
22521,54
22522,54
22523,54
22524,54
22525,54
22526,54
22527,54
22528,54
22529,54
22530,54
22531,54
22532,54
22533,54
22534,54
22535,54
22536,54
22537,54
22538,54
22539,54
22540,54
22541,54
22542,54
22543,54
22544,54
22545,54
22546,54
22547,54
22548,54
22549,54
22550,54
22551,54
22552,54
22553,54
22554,54
22555,54
22556,54
22557,54
22558,54
22559,54
22560,54
22561,54
22562,54
22563,54
22564,54
22565,54
22566,54
22567,54
22568,54
22569,54
22570,54
22571,54
22572,54
22573,54
22574,54
22575,54
22576,54
22577,54
22578,54
22579,54
22580,54
22581,54
22582,54
22583,54
22584,54
22585,54
22586,54
22587,54
22588,54
22589,54
22590,54
22591,54
22592,54
22593,54
22594,54
22595,54
22596,54
22597,54
22598,54
22599,54
22600,54
22601,54
22602,54
22603,54
22604,54
22605,54
22606,54
22607,54
22608,54
22609,54
22610,54
22611,54
22612,54
22613,54
22614,54
22615,54
22616,54
22617,54
22618,54
22619,54
22620,54
22621,54
22622,54
22623,54
22624,54
22625,54
22626,54
22627,54
22628,54
22629,54
22630,54
22631,54
22632,54
22633,54
22634,54
22635,54
22636,54
22637,54
22638,54
22639,54
22640,54
22641,54
22642,54
22643,54
22644,54
22645,54
22646,54
22647,54
22648,54
22649,54
22650,54
22651,54
22652,54
22653,54
22654,54
22655,54
22656,54
22657,54
22658,54
22659,54
22660,54
22661,54
22662,54
22663,54
22664,54
22665,54
22666,54
22667,54
22668,53
22669,53
22670,53
22671,53
22672,53
22673,53
22674,53
22675,53
22676,53
22677,53
22678,53
22679,53
22680,53
22681,53
22682,53
22683,53
22684,53
22685,53
22686,53
22687,53
22688,53
22689,53
22690,53
22691,53
22692,53
22693,53
22694,53
22695,53
22696,53
22697,53
22698,53
22699,53
22700,53
22701,53
22702,53
22703,53
22704,53
22705,53
22706,53
22707,53
22708,53
22709,53
22710,53
22711,52
22712,52
22713,52
22714,52
22715,52
22716,52
22717,52
22718,52
22719,52
22720,52
22721,52
22722,52
22723,52
22724,52
22725,52
22726,52
22727,52
22728,52
22729,52
22730,52
22731,52
22732,52
22733,52
22734,52
22735,52
22736,52
22737,52
22738,52
22739,52
22740,52
22741,52
22742,52
22743,52
22744,52
22745,52
22746,52
22747,52
22748,52
22749,52
22750,52
22751,52
22752,52
22753,52
22754,52
22755,52
22756,52
22757,52
22758,52
22759,52
22760,52
22761,52
22762,52
22763,52
22764,52
22765,52
22766,52
22767,52
22768,52
22769,52
22770,52
22771,52
22772,52
22773,52
22774,52
22775,52
22776,52
22777,52
22778,52
22779,52
22780,52
22781,52
22782,52
22783,52
22784,52
22785,52
22786,52
22787,52
22788,52
22789,52
22790,52
22791,52
22792,52
22793,52
22794,52
22795,52
22796,52
22797,52
22798,52
22799,52
22800,52
22801,52
22802,52
22803,52
22804,52
22805,52
22806,52
22807,51
22808,51
22809,51
22810,51
22811,51
22812,51
22813,51
22814,51
22815,51
22816,51
22817,51
22818,51
22819,51
22820,51
22821,51
22822,51
22823,51
22824,51
22825,51
22826,51
22827,51
22828,51
22829,51
22830,51
22831,51
22832,51
22833,51
22834,51
22835,50
22836,50
22837,50
22838,50
22839,50
22840,50
22841,50
22842,50
22843,50
22844,50
22845,50
22846,50
22847,50
22848,50
22849,50
22850,50
22851,50
22852,50
22853,50
22854,50
22855,50
22856,50
22857,50
22858,50
22859,50
22860,50
22861,50
22862,50
22863,50
22864,50
22865,50
22866,50
22867,50
22868,50
22869,50
22870,50
22871,50
22872,50
22873,50
22874,50
22875,50
22876,50
22877,50
22878,50
22879,50
22880,50
22881,50
22882,50
22883,50
22884,50
22885,50
22886,50
22887,50
22888,50
22889,50
22890,50
22891,50
22892,50
22893,50
22894,50
22895,50
22896,50
22897,50
22898,50
22899,50
22900,50
22901,50
22902,50
22903,50
22904,50
22905,50
22906,50
22907,50
22908,50
22909,50
22910,50
22911,50
22912,50
22913,50
22914,50
22915,50
22916,50
22917,50
22918,50
22919,50
22920,50
22921,50
22922,50
22923,50
22924,50
22925,50
22926,50
22927,50
22928,50
22929,50
22930,50
22931,50
22932,50
22933,50
22934,50
22935,50
22936,50
22937,50
22938,50
22939,50
22940,50
22941,50
22942,50
22943,50
22944,50
22945,50
22946,50
22947,50
22948,50
22949,50
22950,50
22951,50
22952,50
22953,50
22954,50
22955,50
22956,50
22957,50
22958,50
22959,50
22960,50
22961,50
22962,50
22963,50
22964,50
22965,50
22966,50
22967,50
22968,50
22969,50
22970,50
22971,50
22972,50
22973,50
22974,50
22975,50
22976,50
22977,50
22978,50
22979,50
22980,50
22981,50
22982,50
22983,50
22984,50
22985,50
22986,50
22987,50
22988,50
22989,50
22990,50
22991,50
22992,50
22993,50
22994,50
22995,50
22996,50
22997,50
22998,50
22999,50
23000,50
23001,50
23002,50
23003,50
23004,50
23005,50
23006,50
23007,50
23008,50
23009,50
23010,50
23011,50
23012,50
23013,50
23014,50
23015,50
23016,50
23017,50
23018,50
23019,50
23020,50
23021,50
23022,50
23023,50
23024,50
23025,50
23026,50
23027,50
23028,50
23029,50
23030,50
23031,50
23032,50
23033,50
23034,50
23035,50
23036,50
23037,50
23038,50
23039,50
23040,50
23041,50
23042,50
23043,50
23044,50
23045,50
23046,50
23047,50
23048,50
23049,50
23050,50
23051,50
23052,50
23053,50
23054,50
23055,49
23056,49
23057,49
23058,49
23059,49
23060,49
23061,49
23062,49
23063,49
23064,49
23065,49
23066,49
23067,49
23068,49
23069,49
23070,49
23071,49
23072,49
23073,49
23074,49
23075,49
23076,49
23077,49
23078,49
23079,49
23080,49
23081,49
23082,49
23083,49
23084,49
23085,49
23086,49
23087,49
23088,49
23089,49
23090,49
23091,49
23092,49
23093,49
23094,49
23095,49
23096,49
23097,49
23098,49
23099,49
23100,49
23101,49
23102,49
23103,49
23104,49
23105,49
23106,49
23107,49
23108,49
23109,49
23110,49
23111,49
23112,49
23113,49
23114,49
23115,49
23116,49
23117,49
23118,49
23119,49
23120,49
23121,49
23122,49
23123,49
23124,49
23125,49
23126,49
23127,49
23128,49
23129,49
23130,49
23131,49
23132,49
23133,49
23134,49
23135,49
23136,49
23137,49
23138,49
23139,49
23140,49
23141,49
23142,49
23143,49
23144,49
23145,49
23146,49
23147,49
23148,49
23149,49
23150,49
23151,48
23152,48
23153,48
23154,48
23155,48
23156,48
23157,48
23158,48
23159,48
23160,48
23161,48
23162,48
23163,48
23164,48
23165,48
23166,48
23167,48
23168,48
23169,48
23170,48
23171,48
23172,48
23173,48
23174,48
23175,48
23176,48
23177,48
23178,48
23179,48
23180,48
23181,48
23182,48
23183,48
23184,48
23185,48
23186,48
23187,48
23188,48
23189,48
23190,48
23191,48
23192,48
23193,48
23194,48
23195,48
23196,48
23197,48
23198,48
23199,48
23200,48
23201,48
23202,48
23203,48
23204,48
23205,48
23206,48
23207,48
23208,48
23209,48
23210,48
23211,48
23212,48
23213,48
23214,48
23215,48
23216,48
23217,48
23218,48
23219,48
23220,48
23221,48
23222,48
23223,48
23224,48
23225,48
23226,48
23227,48
23228,48
23229,48
23230,48
23231,48
23232,48
23233,48
23234,48
23235,48
23236,48
23237,48
23238,48
23239,48
23240,48
23241,48
23242,48
23243,48
23244,48
23245,48
23246,48
23247,48
23248,48
23249,48
23250,48
23251,48
23252,48
23253,48
23254,48
23255,48
23256,48
23257,48
23258,48
23259,48
23260,48
23261,48
23262,48
23263,48
23264,48
23265,48
23266,48
23267,48
23268,48
23269,48
23270,48
23271,48
23272,48
23273,48
23274,48
23275,48
23276,48
23277,48
23278,48
23279,48
23280,48
23281,48
23282,48
23283,48
23284,48
23285,48
23286,48
23287,48
23288,48
23289,48
23290,48
23291,48
23292,48
23293,48
23294,48
23295,48
23296,48
23297,48
23298,48
23299,48
23300,48
23301,48
23302,48
23303,48
23304,48
23305,48
23306,48
23307,48
23308,48
23309,48
23310,48
23311,48
23312,48
23313,48
23314,48
23315,48
23316,48
23317,48
23318,48
23319,48
23320,48
23321,48
23322,48
23323,48
23324,48
23325,48
23326,48
23327,48
23328,48
23329,48
23330,48
23331,48
23332,48
23333,48
23334,48
23335,48
23336,48
23337,48
23338,48
23339,48
23340,48
23341,48
23342,48
23343,48
23344,48
23345,48
23346,48
23347,48
23348,48
23349,48
23350,48
23351,48
23352,48
23353,48
23354,48
23355,48
23356,48
23357,48
23358,48
23359,48
23360,48
23361,48
23362,48
23363,48
23364,48
23365,48
23366,48
23367,48
23368,48
23369,48
23370,48
23371,48
23372,48
23373,48
23374,48
23375,48
23376,48
23377,48
23378,48
23379,48
23380,48
23381,48
23382,48
23383,48
23384,48
23385,48
23386,48
23387,48
23388,48
23389,48
23390,48
23391,48
23392,48
23393,48
23394,48
23395,48
23396,48
23397,48
23398,48
23399,48
23400,48
23401,48
23402,48
23403,48
23404,48
23405,48
23406,48
23407,48
23408,48
23409,48
23410,48
23411,48
23412,48
23413,48
23414,48
23415,48
23416,48
23417,48
23418,48
23419,48
23420,48
23421,48
23422,48
23423,48
23424,48
23425,48
23426,48
23427,48
23428,48
23429,48
23430,48
23431,48
23432,48
23433,48
23434,48
23435,48
23436,48
23437,48
23438,48
23439,48
23440,48
23441,48
23442,48
23443,48
23444,48
23445,48
23446,48
23447,48
23448,48
23449,48
23450,48
23451,48
23452,48
23453,48
23454,48
23455,48
23456,48
23457,48
23458,48
23459,48
23460,48
23461,48
23462,48
23463,48
23464,48
23465,48
23466,48
23467,48
23468,48
23469,48
23470,48
23471,48
23472,48
23473,48
23474,48
23475,48
23476,48
23477,48
23478,48
23479,48
23480,48
23481,48
23482,48
23483,48
23484,48
23485,48
23486,48
23487,48
23488,48
23489,48
23490,48
23491,48
23492,48
23493,48
23494,48
23495,48
23496,48
23497,48
23498,48
23499,48
23500,48
23501,48
23502,48
23503,48
23504,48
23505,48
23506,48
23507,48
23508,48
23509,48
23510,48
23511,48
23512,48
23513,48
23514,48
23515,48
23516,48
23517,48
23518,48
23519,48
23520,48
23521,48
23522,48
23523,48
23524,48
23525,48
23526,48
23527,48
23528,48
23529,48
23530,48
23531,48
23532,48
23533,48
23534,48
23535,48
23536,48
23537,48
23538,48
23539,48
23540,48
23541,48
23542,48
23543,48
23544,48
23545,48
23546,48
23547,48
23548,48
23549,48
23550,48
23551,48
23552,48
23553,48
23554,48
23555,48
23556,48
23557,48
23558,48
23559,48
23560,47
23561,47
23562,47
23563,47
23564,47
23565,47
23566,47
23567,47
23568,47
23569,47
23570,47
23571,47
23572,47
23573,47
23574,47
23575,47
23576,47
23577,47
23578,47
23579,47
23580,47
23581,47
23582,47
23583,47
23584,47
23585,47
23586,47
23587,47
23588,47
23589,47
23590,47
23591,47
23592,47
23593,47
23594,47
23595,47
23596,47
23597,47
23598,47
23599,47
23600,47
23601,47
23602,47
23603,47
23604,47
23605,47
23606,47
23607,47
23608,47
23609,47
23610,47
23611,47
23612,47
23613,47
23614,47
23615,47
23616,47
23617,47
23618,47
23619,47
23620,47
23621,47
23622,47
23623,47
23624,47
23625,47
23626,47
23627,47
23628,47
23629,47
23630,47
23631,47
23632,47
23633,47
23634,47
23635,47
23636,47
23637,47
23638,47
23639,47
23640,47
23641,47
23642,47
23643,47
23644,47
23645,47
23646,47
23647,47
23648,47
23649,47
23650,47
23651,47
23652,47
23653,47
23654,47
23655,47
23656,47
23657,47
23658,47
23659,47
23660,47
23661,47
23662,47
23663,47
23664,47
23665,47
23666,47
23667,47
23668,47
23669,47
23670,47
23671,47
23672,47
23673,47
23674,47
23675,47
23676,47
23677,47
23678,47
23679,47
23680,47
23681,47
23682,47
23683,47
23684,47
23685,47
23686,47
23687,47
23688,47
23689,47
23690,47
23691,47
23692,47
23693,47
23694,47
23695,47
23696,47
23697,47
23698,47
23699,47
23700,47
23701,46
23702,46
23703,46
23704,46
23705,46
23706,46
23707,46
23708,45
23709,45
23710,45
23711,45
23712,45
23713,45
23714,45
23715,45
23716,45
23717,45
23718,45
23719,45
23720,45
23721,45
23722,45
23723,45
23724,45
23725,45
23726,45
23727,45
23728,45
23729,45
23730,45
23731,45
23732,45
23733,45
23734,45
23735,45
23736,45
23737,45
23738,45
23739,45
23740,45
23741,45
23742,45
23743,45
23744,45
23745,45
23746,45
23747,45
23748,45
23749,45
23750,45
23751,45
23752,45
23753,45
23754,45
23755,45
23756,45
23757,45
23758,45
23759,45
23760,45
23761,45
23762,45
23763,45
23764,45
23765,45
23766,45
23767,45
23768,45
23769,45
23770,45
23771,45
23772,45
23773,45
23774,45
23775,45
23776,45
23777,45
23778,45
23779,45
23780,45
23781,45
23782,45
23783,45
23784,45
23785,45
23786,45
23787,45
23788,45
23789,45
23790,45
23791,45
23792,45
23793,45
23794,45
23795,45
23796,45
23797,45
23798,45
23799,45
23800,45
23801,45
23802,45
23803,45
23804,45
23805,45
23806,45
23807,45
23808,45
23809,45
23810,45
23811,45
23812,45
23813,45
23814,45
23815,45
23816,45
23817,45
23818,45
23819,45
23820,45
23821,45
23822,45
23823,45
23824,45
23825,45
23826,45
23827,45
23828,45
23829,45
23830,45
23831,45
23832,45
23833,45
23834,45
23835,45
23836,45
23837,45
23838,45
23839,45
23840,45
23841,45
23842,45
23843,45
23844,45
23845,45
23846,45
23847,45
23848,45
23849,45
23850,45
23851,45
23852,45
23853,45
23854,45
23855,45
23856,45
23857,45
23858,45
23859,45
23860,45
23861,45
23862,45
23863,45
23864,45
23865,45
23866,45
23867,45
23868,45
23869,45
23870,45
23871,45
23872,45
23873,45
23874,45
23875,45
23876,45
23877,45
23878,45
23879,45
23880,45
23881,45
23882,45
23883,45
23884,45
23885,45
23886,45
23887,45
23888,45
23889,45
23890,45
23891,45
23892,45
23893,45
23894,45
23895,45
23896,45
23897,45
23898,45
23899,45
23900,45
23901,45
23902,45
23903,45
23904,45
23905,45
23906,45
23907,45
23908,45
23909,45
23910,45
23911,45
23912,45
23913,45
23914,45
23915,45
23916,45
23917,45
23918,45
23919,45
23920,45
23921,45
23922,45
23923,45
23924,45
23925,45
23926,45
23927,45
23928,45
23929,45
23930,45
23931,45
23932,45
23933,45
23934,45
23935,45
23936,45
23937,45
23938,45
23939,45
23940,45
23941,45
23942,45
23943,45
23944,45
23945,45
23946,45
23947,45
23948,45
23949,45
23950,45
23951,45
23952,45
23953,45
23954,45
23955,45
23956,45
23957,45
23958,45
23959,45
23960,45
23961,45
23962,45
23963,45
23964,45
23965,45
23966,45
23967,45
23968,45
23969,45
23970,45
23971,45
23972,45
23973,45
23974,45
23975,45
23976,45
23977,45
23978,45
23979,45
23980,45
23981,45
23982,45
23983,45
23984,45
23985,45
23986,45
23987,45
23988,45
23989,45
23990,45
23991,45
23992,45
23993,45
23994,45
23995,45
23996,45
23997,45
23998,45
23999,45
24000,45
24001,45
24002,45
24003,45
24004,45
24005,45
24006,45
24007,45
24008,45
24009,44
24010,44
24011,44
24012,44
24013,44
24014,44
24015,44
24016,44
24017,44
24018,44
24019,44
24020,44
24021,44
24022,44
24023,44
24024,44
24025,44
24026,44
24027,44
24028,44
24029,44
24030,44
24031,44
24032,44
24033,44
24034,44
24035,44
24036,44
24037,44
24038,44
24039,44
24040,44
24041,44
24042,44
24043,44
24044,44
24045,44
24046,44
24047,44
24048,44
24049,44
24050,44
24051,44
24052,44
24053,44
24054,44
24055,44
24056,44
24057,44
24058,44
24059,44
24060,44
24061,44
24062,44
24063,44
24064,44
24065,44
24066,44
24067,44
24068,44
24069,44
24070,44
24071,44
24072,44
24073,44
24074,44
24075,44
24076,44
24077,44
24078,44
24079,44
24080,44
24081,44
24082,44
24083,44
24084,44
24085,44
24086,44
24087,44
24088,44
24089,44
24090,44
24091,44
24092,44
24093,44
24094,44
24095,44
24096,44
24097,44
24098,44
24099,44
24100,44
24101,44
24102,44
24103,44
24104,44
24105,44
24106,44
24107,44
24108,44
24109,44
24110,44
24111,44
24112,44
24113,44
24114,44
24115,44
24116,44
24117,44
24118,44
24119,44
24120,44
24121,44
24122,44
24123,44
24124,44
24125,44
24126,44
24127,44
24128,44
24129,44
24130,44
24131,44
24132,44
24133,44
24134,44
24135,44
24136,44
24137,44
24138,44
24139,44
24140,44
24141,44
24142,44
24143,44
24144,44
24145,44
24146,44
24147,44
24148,44
24149,44
24150,44
24151,44
24152,44
24153,44
24154,44
24155,44
24156,44
24157,44
24158,44
24159,44
24160,44
24161,44
24162,44
24163,44
24164,44
24165,44
24166,44
24167,44
24168,44
24169,44
24170,44
24171,44
24172,44
24173,44
24174,44
24175,44
24176,44
24177,44
24178,44
24179,44
24180,44
24181,44
24182,44
24183,44
24184,44
24185,44
24186,44
24187,44
24188,44
24189,44
24190,44
24191,44
24192,44
24193,44
24194,44
24195,44
24196,44
24197,44
24198,44
24199,44
24200,44
24201,44
24202,44
24203,44
24204,44
24205,44
24206,44
24207,44
24208,44
24209,44
24210,44
24211,44
24212,44
24213,44
24214,44
24215,44
24216,44
24217,44
24218,44
24219,44
24220,44
24221,44
24222,44
24223,44
24224,44
24225,44
24226,44
24227,44
24228,44
24229,44
24230,44
24231,44
24232,44
24233,44
24234,44
24235,44
24236,44
24237,44
24238,44
24239,44
24240,44
24241,44
24242,44
24243,44
24244,44
24245,44
24246,44
24247,44
24248,44
24249,44
24250,44
24251,44
24252,44
24253,44
24254,44
24255,44
24256,44
24257,44
24258,44
24259,44
24260,44
24261,44
24262,44
24263,44
24264,44
24265,44
24266,44
24267,44
24268,44
24269,44
24270,44
24271,44
24272,44
24273,44
24274,44
24275,44
24276,44
24277,44
24278,44
24279,44
24280,44
24281,44
24282,44
24283,44
24284,44
24285,44
24286,44
24287,44
24288,44
24289,44
24290,44
24291,44
24292,44
24293,44
24294,44
24295,44
24296,44
24297,44
24298,44
24299,44
24300,44
24301,44
24302,44
24303,44
24304,44
24305,44
24306,44
24307,44
24308,44
24309,44
24310,44
24311,44
24312,44
24313,44
24314,44
24315,44
24316,44
24317,44
24318,44
24319,44
24320,44
24321,44
24322,44
24323,44
24324,44
24325,44
24326,44
24327,44
24328,44
24329,44
24330,44
24331,44
24332,44
24333,44
24334,44
24335,44
24336,44
24337,44
24338,44
24339,44
24340,44
24341,44
24342,44
24343,44
24344,44
24345,44
24346,44
24347,44
24348,44
24349,44
24350,44
24351,44
24352,44
24353,44
24354,44
24355,44
24356,44
24357,44
24358,44
24359,44
24360,44
24361,44
24362,44
24363,44
24364,44
24365,44
24366,44
24367,44
24368,44
24369,44
24370,44
24371,44
24372,44
24373,44
24374,44
24375,44
24376,44
24377,44
24378,44
24379,44
24380,44
24381,44
24382,44
24383,44
24384,44
24385,44
24386,44
24387,44
24388,44
24389,44
24390,44
24391,44
24392,44
24393,44
24394,44
24395,44
24396,44
24397,44
24398,44
24399,44
24400,44
24401,44
24402,44
24403,44
24404,44
24405,44
24406,44
24407,44
24408,44
24409,44
24410,44
24411,44
24412,44
24413,44
24414,44
24415,44
24416,44
24417,44
24418,44
24419,44
24420,44
24421,44
24422,44
24423,44
24424,44
24425,44
24426,44
24427,44
24428,44
24429,44
24430,44
24431,44
24432,44
24433,44
24434,44
24435,44
24436,44
24437,44
24438,44
24439,44
24440,44
24441,44
24442,44
24443,44
24444,44
24445,44
24446,44
24447,44
24448,44
24449,44
24450,44
24451,44
24452,44
24453,44
24454,44
24455,44
24456,44
24457,44
24458,44
24459,44
24460,44
24461,44
24462,44
24463,44
24464,44
24465,44
24466,44
24467,44
24468,44
24469,44
24470,44
24471,44
24472,44
24473,44
24474,44
24475,44
24476,44
24477,44
24478,44
24479,44
24480,44
24481,44
24482,44
24483,44
24484,44
24485,44
24486,44
24487,44
24488,44
24489,44
24490,44
24491,44
24492,44
24493,44
24494,44
24495,44
24496,44
24497,44
24498,44
24499,44
24500,44
24501,44
24502,44
24503,44
24504,44
24505,44
24506,44
24507,44
24508,44
24509,44
24510,44
24511,44
24512,44
24513,44
24514,44
24515,44
24516,44
24517,44
24518,44
24519,44
24520,44
24521,44
24522,44
24523,44
24524,44
24525,44
24526,44
24527,44
24528,44
24529,44
24530,44
24531,44
24532,44
24533,44
24534,44
24535,44
24536,44
24537,44
24538,44
24539,44
24540,44
24541,44
24542,44
24543,44
24544,44
24545,44
24546,44
24547,44
24548,44
24549,44
24550,44
24551,44
24552,44
24553,44
24554,44
24555,44
24556,44
24557,44
24558,43
24559,43
24560,43
24561,43
24562,43
24563,43
24564,43
24565,43
24566,43
24567,43
24568,43
24569,43
24570,43
24571,43
24572,43
24573,43
24574,43
24575,43
24576,43
24577,43
24578,43
24579,43
24580,43
24581,43
24582,43
24583,43
24584,43
24585,43
24586,43
24587,43
24588,43
24589,43
24590,43
24591,43
24592,43
24593,43
24594,43
24595,43
24596,43
24597,43
24598,43
24599,43
24600,43
24601,43
24602,43
24603,42
24604,42
24605,42
24606,42
24607,42
24608,42
24609,42
24610,42
24611,42
24612,42
24613,42
24614,42
24615,42
24616,42
24617,42
24618,42
24619,42
24620,42
24621,42
24622,42
24623,42
24624,42
24625,42
24626,42
24627,42
24628,42
24629,42
24630,42
24631,42
24632,42
24633,42
24634,42
24635,42
24636,42
24637,42
24638,42
24639,42
24640,42
24641,42
24642,42
24643,42
24644,42
24645,42
24646,42
24647,42
24648,42
24649,42
24650,42
24651,42
24652,42
24653,42
24654,42
24655,42
24656,42
24657,42
24658,42
24659,42
24660,42
24661,42
24662,42
24663,42
24664,42
24665,42
24666,42
24667,42
24668,42
24669,42
24670,42
24671,42
24672,42
24673,42
24674,42
24675,42
24676,42
24677,42
24678,42
24679,42
24680,42
24681,42
24682,42
24683,42
24684,42
24685,42
24686,42
24687,42
24688,42
24689,42
24690,42
24691,42
24692,42
24693,42
24694,42
24695,42
24696,42
24697,42
24698,42
24699,42
24700,42
24701,42
24702,42
24703,42
24704,42
24705,42
24706,42
24707,42
24708,42
24709,42
24710,42
24711,42
24712,42
24713,42
24714,42
24715,42
24716,42
24717,42
24718,42
24719,42
24720,42
24721,42
24722,42
24723,42
24724,42
24725,42
24726,42
24727,42
24728,42
24729,42
24730,42
24731,42
24732,42
24733,42
24734,42
24735,42
24736,42
24737,42
24738,42
24739,42
24740,42
24741,42
24742,42
24743,42
24744,42
24745,42
24746,42
24747,42
24748,42
24749,42
24750,42
24751,42
24752,42
24753,42
24754,42
24755,42
24756,42
24757,42
24758,42
24759,42
24760,42
24761,42
24762,42
24763,42
24764,42
24765,42
24766,42
24767,42
24768,42
24769,42
24770,42
24771,42
24772,42
24773,42
24774,42
24775,42
24776,42
24777,42
24778,42
24779,42
24780,42
24781,42
24782,42
24783,42
24784,42
24785,42
24786,42
24787,42
24788,42
24789,42
24790,41
24791,41
24792,41
24793,41
24794,41
24795,41
24796,41
24797,41
24798,41
24799,41
24800,41
24801,41
24802,41
24803,41
24804,41
24805,41
24806,41
24807,41
24808,41
24809,41
24810,41
24811,41
24812,41
24813,41
24814,41
24815,41
24816,41
24817,41
24818,41
24819,41
24820,41
24821,41
24822,41
24823,41
24824,41
24825,41
24826,41
24827,41
24828,41
24829,41
24830,41
24831,41
24832,41
24833,41
24834,41
24835,41
24836,41
24837,41
24838,41
24839,41
24840,41
24841,41
24842,41
24843,41
24844,41
24845,41
24846,41
24847,41
24848,41
24849,41
24850,41
24851,41
24852,41
24853,41
24854,41
24855,41
24856,41
24857,41
24858,41
24859,41
24860,41
24861,41
24862,41
24863,41
24864,41
24865,41
24866,41
24867,41
24868,41
24869,41
24870,41
24871,41
24872,41
24873,41
24874,41
24875,41
24876,41
24877,41
24878,41
24879,41
24880,41
24881,41
24882,41
24883,41
24884,41
24885,41
24886,41
24887,41
24888,41
24889,41
24890,41
24891,41
24892,41
24893,41
24894,41
24895,41
24896,41
24897,41
24898,41
24899,41
24900,41
24901,41
24902,41
24903,41
24904,41
24905,41
24906,41
24907,41
24908,41
24909,41
24910,41
24911,41
24912,41
24913,41
24914,41
24915,41
24916,41
24917,41
24918,41
24919,40
24920,40
24921,40
24922,40
24923,40
24924,40
24925,40
24926,40
24927,40
24928,40
24929,40
24930,40
24931,40
24932,40
24933,40
24934,40
24935,40
24936,40
24937,40
24938,40
24939,40
24940,40
24941,40
24942,40
24943,40
24944,40
24945,40
24946,40
24947,40
24948,40
24949,40
24950,40
24951,40
24952,40
24953,40
24954,40
24955,40
24956,40
24957,40
24958,40
24959,40
24960,40
24961,40
24962,40
24963,40
24964,40
24965,40
24966,40
24967,40
24968,40
24969,40
24970,40
24971,40
24972,40
24973,40
24974,40
24975,40
24976,40
24977,40
24978,40
24979,40
24980,40
24981,40
24982,40
24983,40
24984,40
24985,40
24986,40
24987,40
24988,40
24989,40
24990,40
24991,40
24992,40
24993,40
24994,40
24995,40
24996,40
24997,40
24998,40
24999,40
25000,40
25001,40
25002,40
25003,40
25004,40
25005,40
25006,40
25007,40
25008,40
25009,40
25010,40
25011,40
25012,40
25013,40
25014,40
25015,40
25016,40
25017,40
25018,40
25019,40
25020,40
25021,40
25022,40
25023,40
25024,40
25025,40
25026,40
25027,40
25028,40
25029,40
25030,40
25031,40
25032,40
25033,40
25034,40
25035,40
25036,40
25037,40
25038,40
25039,40
25040,40
25041,40
25042,40
25043,40
25044,40
25045,40
25046,40
25047,40
25048,40
25049,40
25050,40
25051,40
25052,40
25053,40
25054,40
25055,40
25056,40
25057,40
25058,40
25059,40
25060,40
25061,40
25062,40
25063,40
25064,40
25065,40
25066,40
25067,40
25068,40
25069,40
25070,40
25071,40
25072,40
25073,40
25074,40
25075,40
25076,40
25077,40
25078,40
25079,40
25080,40
25081,40
25082,40
25083,40
25084,40
25085,40
25086,40
25087,40
25088,40
25089,40
25090,40
25091,40
25092,40
25093,40
25094,40
25095,40
25096,40
25097,40
25098,40
25099,40
25100,40
25101,40
25102,40
25103,40
25104,40
25105,40
25106,40
25107,40
25108,40
25109,40
25110,40
25111,40
25112,40
25113,40
25114,40
25115,40
25116,40
25117,40
25118,40
25119,40
25120,40
25121,40
25122,40
25123,40
25124,40
25125,40
25126,40
25127,40
25128,40
25129,40
25130,40
25131,40
25132,40
25133,40
25134,40
25135,40
25136,40
25137,40
25138,40
25139,40
25140,40
25141,40
25142,40
25143,40
25144,40
25145,40
25146,40
25147,40
25148,40
25149,40
25150,40
25151,40
25152,40
25153,40
25154,40
25155,40
25156,40
25157,40
25158,40
25159,40
25160,40
25161,40
25162,40
25163,40
25164,40
25165,40
25166,40
25167,40
25168,40
25169,40
25170,40
25171,40
25172,40
25173,40
25174,40
25175,40
25176,40
25177,40
25178,40
25179,40
25180,40
25181,40
25182,40
25183,40
25184,40
25185,40
25186,40
25187,40
25188,40
25189,40
25190,40
25191,40
25192,40
25193,40
25194,40
25195,40
25196,40
25197,40
25198,40
25199,40
25200,40
25201,40
25202,40
25203,40
25204,40
25205,40
25206,40
25207,40
25208,40
25209,40
25210,40
25211,40
25212,40
25213,40
25214,40
25215,40
25216,40
25217,40
25218,40
25219,40
25220,40
25221,40
25222,40
25223,40
25224,40
25225,40
25226,40
25227,40
25228,40
25229,40
25230,40
25231,40
25232,40
25233,40
25234,40
25235,40
25236,40
25237,40
25238,40
25239,40
25240,40
25241,40
25242,40
25243,40
25244,40
25245,40
25246,40
25247,40
25248,40
25249,40
25250,40
25251,40
25252,40
25253,40
25254,40
25255,40
25256,40
25257,40
25258,40
25259,40
25260,40
25261,40
25262,40
25263,40
25264,40
25265,40
25266,40
25267,40
25268,40
25269,40
25270,40
25271,40
25272,40
25273,40
25274,40
25275,40
25276,40
25277,40
25278,40
25279,40
25280,40
25281,40
25282,40
25283,40
25284,40
25285,40
25286,40
25287,40
25288,40
25289,40
25290,40
25291,40
25292,40
25293,40
25294,40
25295,40
25296,40
25297,40
25298,40
25299,40
25300,40
25301,40
25302,40
25303,40
25304,40
25305,40
25306,40
25307,40
25308,40
25309,40
25310,40
25311,40
25312,40
25313,40
25314,40
25315,40
25316,40
25317,40
25318,40
25319,40
25320,40
25321,40
25322,40
25323,40
25324,40
25325,40
25326,40
25327,40
25328,40
25329,40
25330,40
25331,40
25332,40
25333,40
25334,40
25335,40
25336,40
25337,40
25338,40
25339,40
25340,40
25341,40
25342,40
25343,40
25344,40
25345,40
25346,40
25347,40
25348,40
25349,40
25350,40
25351,40
25352,40
25353,40
25354,40
25355,40
25356,40
25357,40
25358,40
25359,40
25360,40
25361,40
25362,40
25363,40
25364,40
25365,40
25366,40
25367,40
25368,40
25369,40
25370,40
25371,40
25372,40
25373,40
25374,40
25375,40
25376,40
25377,40
25378,40
25379,40
25380,40
25381,40
25382,40
25383,40
25384,40
25385,40
25386,40
25387,40
25388,40
25389,40
25390,40
25391,40
25392,40
25393,40
25394,40
25395,40
25396,40
25397,40
25398,40
25399,40
25400,40
25401,40
25402,40
25403,40
25404,40
25405,40
25406,40
25407,40
25408,40
25409,40
25410,40
25411,40
25412,40
25413,40
25414,40
25415,40
25416,40
25417,40
25418,40
25419,40
25420,40
25421,40
25422,40
25423,40
25424,40
25425,40
25426,40
25427,40
25428,40
25429,40
25430,40
25431,40
25432,40
25433,40
25434,40
25435,40
25436,40
25437,40
25438,40
25439,40
25440,40
25441,40
25442,40
25443,40
25444,40
25445,40
25446,40
25447,40
25448,40
25449,40
25450,40
25451,40
25452,40
25453,40
25454,40
25455,40
25456,40
25457,40
25458,40
25459,40
25460,40
25461,40
25462,40
25463,40
25464,40
25465,40
25466,40
25467,40
25468,40
25469,40
25470,40
25471,40
25472,40
25473,40
25474,40
25475,40
25476,40
25477,40
25478,40
25479,40
25480,40
25481,40
25482,40
25483,40
25484,40
25485,40
25486,40
25487,40
25488,40
25489,40
25490,40
25491,40
25492,40
25493,40
25494,40
25495,40
25496,40
25497,40
25498,40
25499,40
25500,40
25501,40
25502,40
25503,40
25504,40
25505,40
25506,40
25507,40
25508,40
25509,40
25510,40
25511,40
25512,40
25513,40
25514,40
25515,40
25516,40
25517,40
25518,40
25519,40
25520,40
25521,40
25522,40
25523,40
25524,40
25525,40
25526,40
25527,40
25528,40
25529,40
25530,40
25531,40
25532,40
25533,40
25534,40
25535,40
25536,40
25537,40
25538,40
25539,40
25540,40
25541,40
25542,40
25543,40
25544,40
25545,40
25546,40
25547,40
25548,40
25549,40
25550,40
25551,40
25552,40
25553,40
25554,40
25555,40
25556,40
25557,40
25558,40
25559,40
25560,40
25561,40
25562,40
25563,40
25564,40
25565,40
25566,40
25567,40
25568,40
25569,40
25570,40
25571,40
25572,40
25573,40
25574,40
25575,40
25576,40
25577,40
25578,40
25579,40
25580,40
25581,40
25582,40
25583,40
25584,40
25585,40
25586,40
25587,40
25588,40
25589,40
25590,40
25591,40
25592,40
25593,40
25594,40
25595,40
25596,40
25597,40
25598,40
25599,40
25600,40
25601,40
25602,40
25603,40
25604,40
25605,40
25606,40
25607,40
25608,40
25609,40
25610,40
25611,40
25612,40
25613,40
25614,40
25615,40
25616,40
25617,40
25618,40
25619,40
25620,40
25621,40
25622,40
25623,40
25624,40
25625,40
25626,40
25627,40
25628,40
25629,40
25630,40
25631,40
25632,40
25633,40
25634,40
25635,40
25636,40
25637,40
25638,40
25639,40
25640,40
25641,40
25642,40
25643,40
25644,40
25645,40
25646,40
25647,40
25648,40
25649,40
25650,40
25651,40
25652,40
25653,40
25654,39
25655,39
25656,39
25657,39
25658,39
25659,39
25660,39
25661,39
25662,39
25663,39
25664,39
25665,39
25666,39
25667,39
25668,39
25669,39
25670,39
25671,39
25672,39
25673,39
25674,39
25675,39
25676,39
25677,39
25678,39
25679,39
25680,39
25681,39
25682,39
25683,39
25684,39
25685,39
25686,39
25687,39
25688,39
25689,39
25690,39
25691,39
25692,39
25693,39
25694,39
25695,39
25696,39
25697,39
25698,39
25699,39
25700,39
25701,39
25702,39
25703,39
25704,39
25705,39
25706,39
25707,39
25708,39
25709,39
25710,39
25711,39
25712,39
25713,39
25714,39
25715,39
25716,39
25717,39
25718,39
25719,39
25720,39
25721,39
25722,39
25723,39
25724,39
25725,39
25726,39
25727,39
25728,39
25729,39
25730,39
25731,39
25732,39
25733,39
25734,39
25735,39
25736,39
25737,39
25738,39
25739,39
25740,39
25741,39
25742,39
25743,39
25744,39
25745,39
25746,39
25747,39
25748,39
25749,39
25750,39
25751,39
25752,39
25753,39
25754,39
25755,39
25756,39
25757,39
25758,39
25759,39
25760,39
25761,39
25762,39
25763,39
25764,39
25765,39
25766,39
25767,39
25768,39
25769,39
25770,39
25771,39
25772,39
25773,39
25774,39
25775,39
25776,39
25777,39
25778,39
25779,39
25780,39
25781,39
25782,39
25783,39
25784,39
25785,39
25786,39
25787,39
25788,39
25789,39
25790,39
25791,39
25792,39
25793,39
25794,39
25795,39
25796,39
25797,39
25798,39
25799,39
25800,39
25801,39
25802,39
25803,39
25804,39
25805,39
25806,39
25807,39
25808,39
25809,39
25810,39
25811,39
25812,39
25813,39
25814,39
25815,39
25816,39
25817,39
25818,39
25819,39
25820,39
25821,39
25822,39
25823,39
25824,39
25825,39
25826,39
25827,39
25828,39
25829,39
25830,39
25831,39
25832,39
25833,39
25834,39
25835,39
25836,39
25837,39
25838,39
25839,39
25840,39
25841,39
25842,39
25843,39
25844,39
25845,39
25846,39
25847,39
25848,39
25849,39
25850,39
25851,39
25852,39
25853,39
25854,39
25855,39
25856,39
25857,39
25858,39
25859,39
25860,39
25861,39
25862,39
25863,39
25864,39
25865,39
25866,39
25867,39
25868,38
25869,38
25870,38
25871,38
25872,38
25873,38
25874,38
25875,38
25876,38
25877,38
25878,38
25879,38
25880,38
25881,38
25882,38
25883,38
25884,38
25885,38
25886,38
25887,38
25888,38
25889,38
25890,38
25891,38
25892,38
25893,38
25894,38
25895,37
25896,37
25897,37
25898,37
25899,37
25900,37
25901,37
25902,37
25903,37
25904,37
25905,37
25906,37
25907,37
25908,37
25909,37
25910,37
25911,37
25912,37
25913,37
25914,37
25915,37
25916,37
25917,37
25918,37
25919,37
25920,37
25921,37
25922,37
25923,37
25924,37
25925,37
25926,37
25927,37
25928,37
25929,37
25930,37
25931,37
25932,37
25933,37
25934,37
25935,37
25936,37
25937,37
25938,37
25939,37
25940,37
25941,37
25942,37
25943,37
25944,37
25945,37
25946,37
25947,37
25948,37
25949,37
25950,37
25951,37
25952,37
25953,37
25954,37
25955,37
25956,37
25957,37
25958,37
25959,37
25960,37
25961,37
25962,37
25963,37
25964,37
25965,37
25966,37
25967,37
25968,37
25969,37
25970,37
25971,37
25972,37
25973,37
25974,37
25975,37
25976,37
25977,37
25978,37
25979,37
25980,37
25981,37
25982,37
25983,37
25984,37
25985,37
25986,37
25987,37
25988,37
25989,37
25990,37
25991,37
25992,37
25993,37
25994,37
25995,37
25996,37
25997,37
25998,37
25999,37
26000,37
26001,37
26002,37
26003,37
26004,37
26005,37
26006,37
26007,37
26008,37
26009,37
26010,37
26011,37
26012,37
26013,37
26014,37
26015,37
26016,37
26017,37
26018,37
26019,37
26020,37
26021,37
26022,37
26023,37
26024,37
26025,37
26026,37
26027,37
26028,37
26029,37
26030,37
26031,37
26032,37
26033,37
26034,37
26035,37
26036,37
26037,37
26038,37
26039,37
26040,37
26041,37
26042,37
26043,37
26044,37
26045,37
26046,37
26047,37
26048,37
26049,37
26050,37
26051,37
26052,37
26053,37
26054,37
26055,37
26056,37
26057,37
26058,37
26059,37
26060,37
26061,37
26062,37
26063,37
26064,37
26065,37
26066,37
26067,37
26068,37
26069,37
26070,37
26071,37
26072,37
26073,37
26074,37
26075,37
26076,37
26077,37
26078,37
26079,37
26080,37
26081,37
26082,37
26083,37
26084,37
26085,37
26086,37
26087,37
26088,37
26089,37
26090,37
26091,37
26092,37
26093,37
26094,37
26095,37
26096,37
26097,37
26098,37
26099,37
26100,37
26101,37
26102,37
26103,37
26104,37
26105,37
26106,37
26107,37
26108,37
26109,37
26110,37
26111,37
26112,37
26113,37
26114,37
26115,37
26116,37
26117,37
26118,37
26119,37
26120,37
26121,37
26122,37
26123,37
26124,37
26125,37
26126,37
26127,37
26128,37
26129,37
26130,37
26131,37
26132,37
26133,37
26134,37
26135,37
26136,37
26137,37
26138,37
26139,37
26140,37
26141,37
26142,37
26143,37
26144,37
26145,37
26146,37
26147,37
26148,37
26149,37
26150,37
26151,37
26152,37
26153,37
26154,37
26155,37
26156,37
26157,37
26158,37
26159,37
26160,37
26161,37
26162,37
26163,37
26164,37
26165,37
26166,37
26167,37
26168,37
26169,37
26170,37
26171,37
26172,37
26173,37
26174,37
26175,37
26176,37
26177,37
26178,37
26179,37
26180,37
26181,37
26182,37
26183,37
26184,37
26185,37
26186,37
26187,37
26188,37
26189,37
26190,37
26191,37
26192,37
26193,37
26194,37
26195,37
26196,37
26197,37
26198,37
26199,37
26200,37
26201,37
26202,37
26203,37
26204,37
26205,37
26206,37
26207,37
26208,37
26209,37
26210,37
26211,37
26212,37
26213,37
26214,37
26215,37
26216,37
26217,37
26218,37
26219,37
26220,37
26221,37
26222,37
26223,37
26224,37
26225,37
26226,37
26227,37
26228,37
26229,37
26230,37
26231,37
26232,37
26233,37
26234,37
26235,37
26236,37
26237,37
26238,37
26239,37
26240,37
26241,37
26242,37
26243,37
26244,37
26245,37
26246,37
26247,37
26248,37
26249,37
26250,37
26251,37
26252,37
26253,37
26254,37
26255,37
26256,37
26257,37
26258,37
26259,37
26260,37
26261,37
26262,37
26263,37
26264,37
26265,37
26266,37
26267,37
26268,37
26269,37
26270,37
26271,37
26272,37
26273,37
26274,37
26275,37
26276,37
26277,37
26278,37
26279,37
26280,37
26281,37
26282,37
26283,37
26284,37
26285,37
26286,37
26287,37
26288,37
26289,37
26290,37
26291,37
26292,37
26293,37
26294,37
26295,37
26296,37
26297,37
26298,37
26299,37
26300,37
26301,37
26302,37
26303,37
26304,37
26305,37
26306,37
26307,37
26308,37
26309,37
26310,37
26311,37
26312,37
26313,37
26314,37
26315,37
26316,37
26317,37
26318,37
26319,37
26320,37
26321,37
26322,37
26323,37
26324,37
26325,37
26326,37
26327,37
26328,37
26329,37
26330,37
26331,37
26332,37
26333,37
26334,37
26335,37
26336,37
26337,37
26338,37
26339,37
26340,37
26341,37
26342,37
26343,37
26344,37
26345,37
26346,37
26347,37
26348,37
26349,37
26350,37
26351,37
26352,37
26353,37
26354,37
26355,37
26356,37
26357,37
26358,37
26359,37
26360,37
26361,37
26362,37
26363,37
26364,37
26365,37
26366,37
26367,37
26368,37
26369,37
26370,37
26371,37
26372,37
26373,37
26374,37
26375,37
26376,37
26377,37
26378,37
26379,37
26380,37
26381,37
26382,37
26383,37
26384,37
26385,37
26386,37
26387,37
26388,37
26389,37
26390,37
26391,37
26392,37
26393,37
26394,37
26395,37
26396,37
26397,37
26398,37
26399,37
26400,37
26401,37
26402,37
26403,37
26404,37
26405,37
26406,37
26407,37
26408,37
26409,37
26410,37
26411,37
26412,37
26413,37
26414,37
26415,37
26416,37
26417,37
26418,37
26419,37
26420,37
26421,37
26422,37
26423,37
26424,37
26425,37
26426,37
26427,37
26428,37
26429,37
26430,37
26431,37
26432,37
26433,37
26434,37
26435,37
26436,37
26437,37
26438,37
26439,37
26440,37
26441,37
26442,37
26443,37
26444,37
26445,37
26446,37
26447,37
26448,37
26449,37
26450,37
26451,37
26452,37
26453,37
26454,37
26455,37
26456,37
26457,37
26458,37
26459,37
26460,37
26461,37
26462,37
26463,37
26464,37
26465,37
26466,37
26467,37
26468,37
26469,37
26470,37
26471,37
26472,37
26473,37
26474,37
26475,37
26476,37
26477,37
26478,37
26479,37
26480,37
26481,37
26482,37
26483,37
26484,37
26485,37
26486,37
26487,37
26488,37
26489,37
26490,37
26491,37
26492,37
26493,37
26494,37
26495,37
26496,37
26497,37
26498,37
26499,37
26500,37
26501,37
26502,37
26503,37
26504,37
26505,37
26506,37
26507,37
26508,37
26509,37
26510,37
26511,37
26512,37
26513,37
26514,37
26515,37
26516,37
26517,37
26518,37
26519,37
26520,37
26521,37
26522,37
26523,37
26524,37
26525,37
26526,37
26527,37
26528,37
26529,37
26530,37
26531,37
26532,37
26533,37
26534,37
26535,37
26536,37
26537,37
26538,37
26539,37
26540,37
26541,37
26542,37
26543,37
26544,37
26545,37
26546,37
26547,37
26548,37
26549,37
26550,37
26551,37
26552,37
26553,37
26554,37
26555,37
26556,37
26557,37
26558,37
26559,37
26560,37
26561,37
26562,37
26563,37
26564,37
26565,37
26566,37
26567,37
26568,37
26569,37
26570,37
26571,37
26572,37
26573,37
26574,37
26575,37
26576,37
26577,37
26578,37
26579,37
26580,37
26581,37
26582,37
26583,37
26584,37
26585,37
26586,37
26587,37
26588,37
26589,37
26590,37
26591,37
26592,37
26593,37
26594,37
26595,37
26596,37
26597,37
26598,37
26599,37
26600,37
26601,37
26602,37
26603,37
26604,37
26605,37
26606,37
26607,37
26608,37
26609,37
26610,37
26611,37
26612,37
26613,37
26614,37
26615,37
26616,37
26617,37
26618,37
26619,37
26620,37
26621,37
26622,37
26623,37
26624,37
26625,37
26626,37
26627,37
26628,37
26629,37
26630,37
26631,37
26632,37
26633,37
26634,37
26635,37
26636,37
26637,37
26638,37
26639,37
26640,37
26641,37
26642,37
26643,37
26644,37
26645,37
26646,37
26647,37
26648,37
26649,37
26650,37
26651,37
26652,37
26653,37
26654,37
26655,37
26656,37
26657,37
26658,37
26659,37
26660,37
26661,37
26662,37
26663,37
26664,37
26665,37
26666,37
26667,37
26668,37
26669,37
26670,37
26671,37
26672,37
26673,37
26674,37
26675,37
26676,37
26677,37
26678,37
26679,37
26680,37
26681,37
26682,37
26683,37
26684,37
26685,37
26686,37
26687,37
26688,37
26689,37
26690,37
26691,37
26692,37
26693,37
26694,37
26695,37
26696,37
26697,37
26698,37
26699,37
26700,37
26701,37
26702,37
26703,37
26704,37
26705,37
26706,37
26707,37
26708,37
26709,37
26710,37
26711,37
26712,37
26713,37
26714,37
26715,37
26716,37
26717,37
26718,37
26719,37
26720,37
26721,37
26722,37
26723,37
26724,37
26725,37
26726,37
26727,37
26728,37
26729,37
26730,37
26731,37
26732,37
26733,37
26734,37
26735,37
26736,37
26737,37
26738,37
26739,37
26740,37
26741,37
26742,37
26743,37
26744,37
26745,37
26746,37
26747,37
26748,37
26749,37
26750,37
26751,37
26752,37
26753,37
26754,37
26755,37
26756,37
26757,37
26758,37
26759,37
26760,37
26761,37
26762,37
26763,37
26764,37
26765,37
26766,37
26767,37
26768,37
26769,37
26770,37
26771,37
26772,37
26773,37
26774,37
26775,37
26776,37
26777,37
26778,37
26779,37
26780,37
26781,37
26782,37
26783,37
26784,37
26785,37
26786,37
26787,37
26788,37
26789,37
26790,37
26791,37
26792,37
26793,37
26794,37
26795,37
26796,37
26797,37
26798,37
26799,37
26800,37
26801,37
26802,37
26803,37
26804,37
26805,37
26806,37
26807,37
26808,37
26809,37
26810,37
26811,37
26812,37
26813,37
26814,37
26815,37
26816,37
26817,37
26818,37
26819,37
26820,37
26821,37
26822,37
26823,37
26824,37
26825,37
26826,37
26827,37
26828,37
26829,37
26830,37
26831,37
26832,37
26833,37
26834,37
26835,37
26836,37
26837,37
26838,37
26839,37
26840,37
26841,37
26842,37
26843,37
26844,37
26845,37
26846,37
26847,37
26848,37
26849,37
26850,37
26851,37
26852,37
26853,37
26854,37
26855,37
26856,37
26857,37
26858,37
26859,37
26860,37
26861,37
26862,37
26863,37
26864,37
26865,37
26866,37
26867,37
26868,37
26869,37
26870,37
26871,37
26872,37
26873,37
26874,37
26875,37
26876,37
26877,37
26878,37
26879,37
26880,37
26881,37
26882,37
26883,37
26884,37
26885,37
26886,37
26887,37
26888,37
26889,37
26890,37
26891,37
26892,37
26893,37
26894,37
26895,37
26896,37
26897,37
26898,37
26899,37
26900,37
26901,37
26902,37
26903,37
26904,37
26905,37
26906,37
26907,37
26908,37
26909,37
26910,37
26911,37
26912,37
26913,37
26914,37
26915,37
26916,37
26917,37
26918,37
26919,37
26920,37
26921,37
26922,37
26923,37
26924,37
26925,37
26926,37
26927,37
26928,37
26929,37
26930,37
26931,37
26932,37
26933,37
26934,37
26935,37
26936,37
26937,37
26938,37
26939,37
26940,37
26941,37
26942,37
26943,37
26944,37
26945,37
26946,37
26947,37
26948,37
26949,37
26950,37
26951,37
26952,37
26953,37
26954,37
26955,37
26956,37
26957,37
26958,37
26959,37
26960,37
26961,37
26962,37
26963,37
26964,37
26965,37
26966,37
26967,37
26968,37
26969,37
26970,37
26971,37
26972,37
26973,37
26974,37
26975,37
26976,37
26977,37
26978,37
26979,37
26980,37
26981,37
26982,37
26983,37
26984,37
26985,37
26986,37
26987,37
26988,37
26989,37
26990,37
26991,37
26992,37
26993,37
26994,37
26995,37
26996,37
26997,37
26998,37
26999,37
27000,37
27001,37
27002,37
27003,37
27004,37
27005,37
27006,37
27007,37
27008,37
27009,37
27010,37
27011,37
27012,37
27013,37
27014,37
27015,37
27016,37
27017,37
27018,37
27019,37
27020,37
27021,37
27022,37
27023,37
27024,37
27025,37
27026,37
27027,37
27028,37
27029,37
27030,37
27031,37
27032,37
27033,37
27034,37
27035,37
27036,37
27037,37
27038,37
27039,37
27040,37
27041,37
27042,37
27043,37
27044,37
27045,37
27046,37
27047,37
27048,37
27049,37
27050,37
27051,37
27052,37
27053,37
27054,37
27055,37
27056,37
27057,37
27058,37
27059,37
27060,37
27061,37
27062,37
27063,37
27064,37
27065,37
27066,37
27067,37
27068,37
27069,37
27070,37
27071,37
27072,37
27073,36
27074,36
27075,36
27076,36
27077,36
27078,36
27079,36
27080,36
27081,36
27082,36
27083,36
27084,36
27085,36
27086,36
27087,36
27088,36
27089,36
27090,36
27091,36
27092,36
27093,36
27094,36
27095,36
27096,36
27097,36
27098,36
27099,36
27100,36
27101,36
27102,36
27103,36
27104,36
27105,36
27106,36
27107,36
27108,36
27109,36
27110,36
27111,36
27112,36
27113,36
27114,36
27115,36
27116,36
27117,36
27118,36
27119,36
27120,36
27121,36
27122,36
27123,36
27124,36
27125,36
27126,36
27127,36
27128,36
27129,36
27130,36
27131,36
27132,36
27133,36
27134,36
27135,36
27136,36
27137,36
27138,36
27139,36
27140,36
27141,36
27142,36
27143,36
27144,36
27145,36
27146,36
27147,36
27148,36
27149,36
27150,36
27151,36
27152,36
27153,36
27154,36
27155,36
27156,36
27157,36
27158,36
27159,36
27160,36
27161,36
27162,36
27163,36
27164,36
27165,36
27166,36
27167,36
27168,36
27169,36
27170,36
27171,36
27172,36
27173,36
27174,36
27175,36
27176,36
27177,36
27178,36
27179,36
27180,36
27181,36
27182,36
27183,36
27184,36
27185,36
27186,36
27187,36
27188,36
27189,36
27190,36
27191,36
27192,36
27193,36
27194,36
27195,36
27196,36
27197,36
27198,36
27199,36
27200,36
27201,36
27202,36
27203,36
27204,36
27205,36
27206,36
27207,36
27208,36
27209,36
27210,36
27211,36
27212,36
27213,36
27214,36
27215,36
27216,36
27217,36
27218,36
27219,36
27220,36
27221,36
27222,36
27223,36
27224,36
27225,36
27226,36
27227,36
27228,36
27229,36
27230,36
27231,36
27232,36
27233,36
27234,36
27235,36
27236,36
27237,36
27238,36
27239,36
27240,36
27241,36
27242,36
27243,36
27244,36
27245,36
27246,36
27247,36
27248,36
27249,36
27250,36
27251,36
27252,36
27253,36
27254,36
27255,36
27256,36
27257,36
27258,36
27259,36
27260,36
27261,36
27262,36
27263,36
27264,36
27265,36
27266,36
27267,36
27268,36
27269,36
27270,36
27271,36
27272,36
27273,36
27274,36
27275,36
27276,36
27277,36
27278,36
27279,36
27280,36
27281,36
27282,36
27283,36
27284,36
27285,36
27286,36
27287,36
27288,36
27289,36
27290,36
27291,36
27292,36
27293,36
27294,36
27295,36
27296,36
27297,36
27298,36
27299,36
27300,36
27301,36
27302,36
27303,36
27304,36
27305,36
27306,36
27307,36
27308,36
27309,36
27310,36
27311,36
27312,36
27313,36
27314,36
27315,35
27316,35
27317,35
27318,35
27319,35
27320,35
27321,35
27322,35
27323,35
27324,35
27325,35
27326,35
27327,35
27328,35
27329,35
27330,35
27331,35
27332,35
27333,35
27334,35
27335,35
27336,35
27337,35
27338,35
27339,35
27340,35
27341,35
27342,35
27343,35
27344,35
27345,35
27346,35
27347,35
27348,35
27349,35
27350,35
27351,35
27352,35
27353,35
27354,35
27355,35
27356,35
27357,35
27358,35
27359,35
27360,35
27361,35
27362,35
27363,35
27364,35
27365,35
27366,35
27367,35
27368,35
27369,35
27370,35
27371,35
27372,35
27373,35
27374,35
27375,35
27376,35
27377,35
27378,35
27379,35
27380,35
27381,35
27382,35
27383,35
27384,35
27385,35
27386,35
27387,35
27388,35
27389,35
27390,35
27391,35
27392,35
27393,35
27394,35
27395,35
27396,35
27397,35
27398,35
27399,35
27400,35
27401,35
27402,35
27403,35
27404,35
27405,35
27406,35
27407,35
27408,35
27409,35
27410,35
27411,35
27412,35
27413,35
27414,35
27415,35
27416,35
27417,35
27418,35
27419,35
27420,35
27421,35
27422,35
27423,35
27424,35
27425,35
27426,35
27427,35
27428,35
27429,35
27430,35
27431,35
27432,35
27433,35
27434,35
27435,35
27436,35
27437,35
27438,35
27439,35
27440,35
27441,35
27442,35
27443,35
27444,35
27445,35
27446,35
27447,35
27448,35
27449,35
27450,35
27451,35
27452,35
27453,35
27454,35
27455,35
27456,35
27457,35
27458,35
27459,35
27460,35
27461,35
27462,35
27463,35
27464,35
27465,35
27466,35
27467,35
27468,35
27469,35
27470,35
27471,35
27472,35
27473,35
27474,35
27475,35
27476,35
27477,35
27478,35
27479,35
27480,35
27481,35
27482,35
27483,35
27484,35
27485,35
27486,35
27487,35
27488,35
27489,35
27490,35
27491,35
27492,35
27493,35
27494,35
27495,35
27496,35
27497,35
27498,35
27499,35
27500,35
27501,35
27502,35
27503,35
27504,35
27505,35
27506,35
27507,35
27508,35
27509,35
27510,35
27511,35
27512,35
27513,35
27514,35
27515,35
27516,35
27517,35
27518,35
27519,35
27520,35
27521,35
27522,35
27523,35
27524,35
27525,35
27526,35
27527,35
27528,35
27529,35
27530,35
27531,35
27532,35
27533,35
27534,35
27535,35
27536,35
27537,35
27538,35
27539,35
27540,35
27541,35
27542,35
27543,35
27544,35
27545,35
27546,35
27547,35
27548,35
27549,35
27550,35
27551,35
27552,35
27553,35
27554,35
27555,35
27556,35
27557,35
27558,35
27559,35
27560,35
27561,35
27562,35
27563,35
27564,35
27565,35
27566,35
27567,35
27568,35
27569,35
27570,35
27571,35
27572,35
27573,35
27574,35
27575,35
27576,35
27577,35
27578,35
27579,35
27580,35
27581,35
27582,35
27583,35
27584,35
27585,35
27586,35
27587,35
27588,35
27589,35
27590,35
27591,35
27592,35
27593,35
27594,35
27595,35
27596,35
27597,35
27598,35
27599,35
27600,35
27601,35
27602,35
27603,35
27604,35
27605,35
27606,35
27607,35
27608,35
27609,35
27610,35
27611,35
27612,35
27613,35
27614,35
27615,35
27616,35
27617,35
27618,35
27619,35
27620,35
27621,35
27622,35
27623,35
27624,35
27625,35
27626,35
27627,35
27628,35
27629,35
27630,35
27631,35
27632,35
27633,35
27634,35
27635,35
27636,35
27637,35
27638,35
27639,35
27640,35
27641,35
27642,35
27643,35
27644,35
27645,35
27646,35
27647,35
27648,35
27649,35
27650,35
27651,35
27652,35
27653,35
27654,35
27655,35
27656,35
27657,35
27658,35
27659,35
27660,35
27661,35
27662,35
27663,35
27664,35
27665,35
27666,35
27667,35
27668,35
27669,35
27670,35
27671,35
27672,35
27673,35
27674,35
27675,35
27676,35
27677,35
27678,35
27679,35
27680,35
27681,35
27682,35
27683,35
27684,35
27685,35
27686,35
27687,35
27688,35
27689,35
27690,35
27691,35
27692,35
27693,35
27694,35
27695,35
27696,35
27697,35
27698,35
27699,35
27700,35
27701,35
27702,35
27703,35
27704,35
27705,35
27706,35
27707,35
27708,35
27709,35
27710,35
27711,35
27712,35
27713,35
27714,35
27715,35
27716,35
27717,35
27718,35
27719,35
27720,35
27721,35
27722,35
27723,35
27724,35
27725,35
27726,35
27727,35
27728,35
27729,34
27730,34
27731,34
27732,34
27733,34
27734,34
27735,34
27736,34
27737,34
27738,34
27739,34
27740,34
27741,34
27742,34
27743,34
27744,34
27745,34
27746,34
27747,34
27748,34
27749,34
27750,34
27751,34
27752,34
27753,34
27754,33
27755,33
27756,33
27757,33
27758,33
27759,33
27760,33
27761,33
27762,33
27763,33
27764,33
27765,33
27766,33
27767,33
27768,33
27769,33
27770,33
27771,33
27772,33
27773,33
27774,33
27775,33
27776,33
27777,33
27778,33
27779,33
27780,33
27781,33
27782,33
27783,33
27784,33
27785,33
27786,32
27787,32
27788,32
27789,32
27790,32
27791,32
27792,32
27793,32
27794,32
27795,32
27796,32
27797,32
27798,32
27799,32
27800,32
27801,32
27802,32
27803,32
27804,32
27805,32
27806,32
27807,32
27808,32
27809,32
27810,32
27811,32
27812,32
27813,32
27814,32
27815,32
27816,32
27817,32
27818,32
27819,32
27820,32
27821,32
27822,32
27823,32
27824,32
27825,32
27826,32
27827,32
27828,32
27829,32
27830,32
27831,32
27832,32
27833,32
27834,32
27835,32
27836,32
27837,32
27838,32
27839,32
27840,32
27841,32
27842,32
27843,32
27844,32
27845,32
27846,32
27847,32
27848,32
27849,32
27850,32
27851,32
27852,32
27853,32
27854,32
27855,32
27856,32
27857,32
27858,32
27859,32
27860,32
27861,32
27862,32
27863,32
27864,32
27865,32
27866,32
27867,32
27868,32
27869,32
27870,32
27871,32
27872,32
27873,32
27874,32
27875,32
27876,32
27877,32
27878,32
27879,32
27880,32
27881,32
27882,32
27883,31
27884,31
27885,31
27886,31
27887,31
27888,31
27889,31
27890,31
27891,31
27892,31
27893,31
27894,31
27895,31
27896,31
27897,31
27898,30
27899,30
27900,30
27901,30
27902,30
27903,30
27904,30
27905,30
27906,30
27907,30
27908,30
27909,30
27910,30
27911,30
27912,30
27913,30
27914,30
27915,30
27916,30
27917,30
27918,30
27919,30
27920,30
27921,30
27922,30
27923,30
27924,30
27925,30
27926,30
27927,30
27928,30
27929,30
27930,30
27931,30
27932,30
27933,30
27934,30
27935,30
27936,30
27937,30
27938,30
27939,30
27940,30
27941,30
27942,30
27943,30
27944,30
27945,30
27946,30
27947,30
27948,30
27949,30
27950,30
27951,30
27952,30
27953,30
27954,30
27955,30
27956,30
27957,30
27958,30
27959,30
27960,30
27961,30
27962,30
27963,30
27964,30
27965,30
27966,30
27967,30
27968,30
27969,30
27970,30
27971,30
27972,30
27973,30
27974,30
27975,30
27976,30
27977,30
27978,30
27979,30
27980,30
27981,30
27982,30
27983,30
27984,30
27985,30
27986,30
27987,30
27988,30
27989,30
27990,30
27991,30
27992,30
27993,30
27994,30
27995,30
27996,30
27997,30
27998,30
27999,30
28000,30
28001,30
28002,30
28003,30
28004,30
28005,30
28006,30
28007,30
28008,30
28009,30
28010,30
28011,30
28012,30
28013,30
28014,30
28015,30
28016,30
28017,30
28018,30
28019,30
28020,30
28021,30
28022,30
28023,30
28024,30
28025,30
28026,30
28027,30
28028,30
28029,30
28030,30
28031,30
28032,30
28033,30
28034,30
28035,30
28036,30
28037,30
28038,30
28039,30
28040,30
28041,30
28042,30
28043,30
28044,30
28045,30
28046,30
28047,30
28048,30
28049,30
28050,30
28051,30
28052,30
28053,30
28054,30
28055,30
28056,30
28057,30
28058,30
28059,30
28060,30
28061,30
28062,30
28063,30
28064,30
28065,30
28066,30
28067,30
28068,30
28069,30
28070,30
28071,30
28072,30
28073,30
28074,30
28075,30
28076,30
28077,30
28078,30
28079,30
28080,30
28081,30
28082,30
28083,30
28084,30
28085,30
28086,30
28087,30
28088,30
28089,30
28090,30
28091,30
28092,30
28093,30
28094,30
28095,30
28096,30
28097,30
28098,30
28099,30
28100,30
28101,30
28102,30
28103,30
28104,30
28105,30
28106,30
28107,30
28108,30
28109,30
28110,30
28111,30
28112,30
28113,30
28114,30
28115,30
28116,30
28117,30
28118,30
28119,30
28120,30
28121,30
28122,30
28123,30
28124,30
28125,30
28126,30
28127,30
28128,30
28129,30
28130,30
28131,30
28132,30
28133,30
28134,30
28135,30
28136,30
28137,30
28138,30
28139,30
28140,30
28141,30
28142,30
28143,30
28144,30
28145,30
28146,30
28147,30
28148,30
28149,30
28150,30
28151,30
28152,30
28153,30
28154,30
28155,30
28156,30
28157,30
28158,30
28159,30
28160,30
28161,30
28162,30
28163,29
28164,29
28165,29
28166,29
28167,29
28168,29
28169,29
28170,29
28171,29
28172,29
28173,29
28174,29
28175,29
28176,29
28177,29
28178,29
28179,29
28180,29
28181,29
28182,29
28183,29
28184,29
28185,29
28186,29
28187,29
28188,29
28189,29
28190,29
28191,29
28192,29
28193,29
28194,29
28195,29
28196,29
28197,29
28198,29
28199,29
28200,29
28201,29
28202,29
28203,29
28204,29
28205,29
28206,29
28207,29
28208,29
28209,29
28210,29
28211,29
28212,29
28213,29
28214,29
28215,29
28216,29
28217,29
28218,29
28219,29
28220,29
28221,29
28222,29
28223,29
28224,29
28225,29
28226,29
28227,29
28228,29
28229,29
28230,29
28231,29
28232,29
28233,29
28234,29
28235,29
28236,29
28237,29
28238,29
28239,29
28240,29
28241,29
28242,29
28243,29
28244,29
28245,29
28246,29
28247,29
28248,29
28249,29
28250,29
28251,29
28252,29
28253,29
28254,29
28255,29
28256,29
28257,29
28258,29
28259,29
28260,29
28261,29
28262,29
28263,29
28264,29
28265,29
28266,29
28267,29
28268,29
28269,29
28270,29
28271,29
28272,29
28273,29
28274,29
28275,29
28276,29
28277,29
28278,29
28279,29
28280,29
28281,29
28282,29
28283,29
28284,29
28285,29
28286,29
28287,29
28288,29
28289,29
28290,29
28291,29
28292,29
28293,29
28294,29
28295,29
28296,29
28297,29
28298,29
28299,29
28300,29
28301,29
28302,29
28303,29
28304,29
28305,29
28306,29
28307,29
28308,29
28309,29
28310,29
28311,29
28312,29
28313,29
28314,29
28315,29
28316,29
28317,29
28318,29
28319,29
28320,29
28321,29
28322,29
28323,29
28324,29
28325,29
28326,29
28327,29
28328,29
28329,29
28330,29
28331,29
28332,29
28333,29
28334,29
28335,29
28336,29
28337,29
28338,29
28339,29
28340,29
28341,29
28342,29
28343,29
28344,29
28345,29
28346,29
28347,29
28348,29
28349,29
28350,29
28351,29
28352,29
28353,29
28354,29
28355,29
28356,29
28357,29
28358,29
28359,29
28360,29
28361,29
28362,29
28363,29
28364,29
28365,29
28366,29
28367,29
28368,29
28369,29
28370,29
28371,29
28372,29
28373,29
28374,29
28375,29
28376,29
28377,29
28378,29
28379,29
28380,29
28381,29
28382,29
28383,29
28384,29
28385,29
28386,29
28387,29
28388,29
28389,29
28390,29
28391,29
28392,29
28393,29
28394,29
28395,29
28396,29
28397,29
28398,29
28399,29
28400,29
28401,29
28402,29
28403,29
28404,29
28405,29
28406,29
28407,29
28408,29
28409,29
28410,29
28411,29
28412,29
28413,29
28414,29
28415,29
28416,29
28417,29
28418,29
28419,29
28420,29
28421,29
28422,29
28423,29
28424,29
28425,29
28426,29
28427,29
28428,29
28429,29
28430,29
28431,29
28432,29
28433,29
28434,29
28435,29
28436,29
28437,29
28438,29
28439,29
28440,29
28441,29
28442,29
28443,29
28444,29
28445,29
28446,29
28447,29
28448,29
28449,29
28450,29
28451,29
28452,29
28453,29
28454,29
28455,29
28456,29
28457,29
28458,29
28459,29
28460,29
28461,29
28462,29
28463,29
28464,29
28465,29
28466,29
28467,29
28468,29
28469,29
28470,29
28471,29
28472,29
28473,29
28474,29
28475,29
28476,29
28477,29
28478,29
28479,29
28480,29
28481,29
28482,29
28483,29
28484,29
28485,29
28486,29
28487,29
28488,29
28489,29
28490,29
28491,29
28492,29
28493,29
28494,29
28495,29
28496,29
28497,29
28498,29
28499,29
28500,29
28501,29
28502,29
28503,29
28504,29
28505,29
28506,29
28507,29
28508,29
28509,29
28510,29
28511,29
28512,29
28513,29
28514,29
28515,29
28516,29
28517,29
28518,29
28519,29
28520,29
28521,29
28522,29
28523,29
28524,29
28525,29
28526,29
28527,29
28528,29
28529,29
28530,29
28531,29
28532,29
28533,29
28534,29
28535,29
28536,29
28537,29
28538,29
28539,29
28540,29
28541,29
28542,29
28543,29
28544,29
28545,29
28546,29
28547,29
28548,29
28549,29
28550,29
28551,29
28552,29
28553,29
28554,29
28555,29
28556,29
28557,29
28558,29
28559,29
28560,29
28561,29
28562,29
28563,29
28564,29
28565,29
28566,29
28567,29
28568,29
28569,29
28570,29
28571,29
28572,29
28573,29
28574,29
28575,29
28576,29
28577,29
28578,29
28579,29
28580,29
28581,29
28582,29
28583,29
28584,29
28585,29
28586,29
28587,29
28588,29
28589,29
28590,29
28591,29
28592,29
28593,29
28594,29
28595,29
28596,29
28597,29
28598,29
28599,29
28600,29
28601,29
28602,29
28603,29
28604,29
28605,29
28606,29
28607,29
28608,29
28609,29
28610,29
28611,29
28612,29
28613,28
28614,28
28615,28
28616,28
28617,28
28618,28
28619,28
28620,28
28621,28
28622,28
28623,28
28624,28
28625,28
28626,28
28627,28
28628,28
28629,28
28630,28
28631,28
28632,28
28633,28
28634,28
28635,28
28636,28
28637,28
28638,28
28639,28
28640,28
28641,28
28642,28
28643,28
28644,28
28645,28
28646,28
28647,28
28648,28
28649,28
28650,28
28651,28
28652,28
28653,28
28654,28
28655,28
28656,28
28657,28
28658,28
28659,28
28660,28
28661,28
28662,28
28663,28
28664,28
28665,28
28666,28
28667,28
28668,28
28669,28
28670,28
28671,28
28672,28
28673,28
28674,28
28675,28
28676,28
28677,28
28678,28
28679,28
28680,28
28681,28
28682,28
28683,28
28684,28
28685,28
28686,28
28687,28
28688,28
28689,28
28690,28
28691,28
28692,28
28693,28
28694,28
28695,28
28696,28
28697,28
28698,28
28699,28
28700,28
28701,28
28702,28
28703,28
28704,28
28705,27
28706,27
28707,27
28708,27
28709,27
28710,27
28711,27
28712,27
28713,27
28714,27
28715,27
28716,27
28717,27
28718,27
28719,27
28720,27
28721,27
28722,27
28723,27
28724,27
28725,27
28726,27
28727,27
28728,27
28729,27
28730,27
28731,27
28732,27
28733,27
28734,27
28735,27
28736,27
28737,27
28738,27
28739,27
28740,27
28741,27
28742,27
28743,27
28744,27
28745,27
28746,27
28747,27
28748,27
28749,27
28750,27
28751,27
28752,27
28753,27
28754,27
28755,27
28756,27
28757,27
28758,27
28759,27
28760,27
28761,27
28762,27
28763,27
28764,27
28765,27
28766,27
28767,27
28768,27
28769,27
28770,27
28771,27
28772,27
28773,27
28774,27
28775,27
28776,27
28777,27
28778,27
28779,27
28780,27
28781,27
28782,27
28783,27
28784,27
28785,27
28786,27
28787,27
28788,27
28789,27
28790,27
28791,27
28792,27
28793,27
28794,27
28795,27
28796,27
28797,27
28798,27
28799,27
28800,27
28801,27
28802,27
28803,27
28804,27
28805,27
28806,27
28807,27
28808,27
28809,27
28810,27
28811,27
28812,27
28813,27
28814,27
28815,27
28816,27
28817,27
28818,27
28819,27
28820,27
28821,27
28822,27
28823,27
28824,27
28825,27
28826,27
28827,27
28828,27
28829,27
28830,27
28831,27
28832,27
28833,27
28834,27
28835,27
28836,27
28837,27
28838,27
28839,27
28840,27
28841,27
28842,27
28843,27
28844,27
28845,27
28846,27
28847,27
28848,27
28849,27
28850,27
28851,27
28852,27
28853,27
28854,27
28855,27
28856,27
28857,27
28858,27
28859,27
28860,27
28861,27
28862,27
28863,27
28864,27
28865,27
28866,27
28867,27
28868,27
28869,27
28870,27
28871,27
28872,27
28873,27
28874,27
28875,27
28876,27
28877,27
28878,27
28879,27
28880,27
28881,27
28882,27
28883,27
28884,27
28885,27
28886,27
28887,27
28888,27
28889,27
28890,27
28891,27
28892,27
28893,27
28894,27
28895,27
28896,27
28897,27
28898,27
28899,27
28900,27
28901,27
28902,27
28903,27
28904,27
28905,27
28906,27
28907,27
28908,27
28909,27
28910,27
28911,27
28912,27
28913,27
28914,27
28915,27
28916,27
28917,27
28918,27
28919,27
28920,27
28921,27
28922,27
28923,27
28924,27
28925,27
28926,27
28927,27
28928,27
28929,27
28930,27
28931,27
28932,27
28933,27
28934,27
28935,27
28936,27
28937,27
28938,27
28939,27
28940,27
28941,27
28942,27
28943,27
28944,27
28945,27
28946,27
28947,27
28948,27
28949,27
28950,27
28951,27
28952,27
28953,27
28954,27
28955,27
28956,27
28957,27
28958,27
28959,27
28960,27
28961,27
28962,27
28963,27
28964,27
28965,27
28966,27
28967,27
28968,27
28969,27
28970,27
28971,27
28972,27
28973,27
28974,27
28975,27
28976,27
28977,27
28978,27
28979,27
28980,27
28981,27
28982,27
28983,27
28984,27
28985,27
28986,27
28987,27
28988,27
28989,27
28990,27
28991,27
28992,27
28993,27
28994,27
28995,27
28996,27
28997,27
28998,27
28999,27
29000,27
29001,27
29002,27
29003,27
29004,27
29005,27
29006,27
29007,27
29008,27
29009,27
29010,27
29011,27
29012,27
29013,27
29014,27
29015,27
29016,27
29017,27
29018,27
29019,27
29020,27
29021,27
29022,27
29023,27
29024,27
29025,27
29026,27
29027,27
29028,27
29029,27
29030,27
29031,27
29032,27
29033,27
29034,27
29035,27
29036,27
29037,27
29038,27
29039,27
29040,27
29041,27
29042,27
29043,27
29044,27
29045,27
29046,27
29047,27
29048,27
29049,27
29050,27
29051,27
29052,27
29053,27
29054,27
29055,27
29056,27
29057,27
29058,26
29059,26
29060,26
29061,26
29062,26
29063,26
29064,26
29065,26
29066,26
29067,26
29068,26
29069,26
29070,26
29071,26
29072,26
29073,26
29074,26
29075,26
29076,26
29077,26
29078,26
29079,26
29080,26
29081,26
29082,26
29083,26
29084,26
29085,26
29086,26
29087,26
29088,26
29089,26
29090,26
29091,26
29092,26
29093,26
29094,26
29095,26
29096,26
29097,26
29098,26
29099,26
29100,26
29101,26
29102,26
29103,26
29104,26
29105,26
29106,26
29107,26
29108,26
29109,26
29110,26
29111,26
29112,26
29113,26
29114,26
29115,26
29116,26
29117,26
29118,26
29119,26
29120,26
29121,26
29122,26
29123,26
29124,26
29125,26
29126,26
29127,26
29128,26
29129,26
29130,26
29131,26
29132,26
29133,26
29134,26
29135,26
29136,26
29137,26
29138,26
29139,26
29140,26
29141,26
29142,26
29143,26
29144,26
29145,26
29146,26
29147,26
29148,26
29149,26
29150,26
29151,26
29152,26
29153,26
29154,26
29155,26
29156,26
29157,26
29158,26
29159,26
29160,26
29161,26
29162,26
29163,26
29164,26
29165,26
29166,26
29167,26
29168,26
29169,26
29170,26
29171,26
29172,26
29173,26
29174,26
29175,26
29176,26
29177,26
29178,26
29179,26
29180,26
29181,26
29182,26
29183,26
29184,26
29185,26
29186,26
29187,26
29188,26
29189,26
29190,26
29191,26
29192,26
29193,26
29194,26
29195,26
29196,26
29197,26
29198,26
29199,26
29200,26
29201,26
29202,26
29203,26
29204,26
29205,26
29206,26
29207,26
29208,26
29209,26
29210,26
29211,26
29212,26
29213,26
29214,26
29215,26
29216,26
29217,26
29218,26
29219,26
29220,26
29221,26
29222,26
29223,26
29224,26
29225,26
29226,26
29227,26
29228,26
29229,26
29230,26
29231,26
29232,26
29233,26
29234,26
29235,26
29236,26
29237,26
29238,26
29239,26
29240,26
29241,26
29242,26
29243,26
29244,26
29245,26
29246,26
29247,26
29248,26
29249,26
29250,26
29251,26
29252,26
29253,26
29254,26
29255,26
29256,26
29257,26
29258,26
29259,26
29260,26
29261,26
29262,26
29263,26
29264,26
29265,26
29266,26
29267,26
29268,26
29269,26
29270,26
29271,26
29272,26
29273,26
29274,26
29275,26
29276,26
29277,26
29278,26
29279,26
29280,26
29281,26
29282,26
29283,26
29284,26
29285,26
29286,26
29287,26
29288,26
29289,26
29290,26
29291,26
29292,26
29293,26
29294,26
29295,26
29296,26
29297,26
29298,26
29299,26
29300,26
29301,26
29302,26
29303,26
29304,26
29305,26
29306,26
29307,26
29308,26
29309,26
29310,26
29311,26
29312,26
29313,26
29314,26
29315,26
29316,26
29317,26
29318,26
29319,26
29320,26
29321,26
29322,26
29323,26
29324,26
29325,26
29326,26
29327,26
29328,26
29329,26
29330,26
29331,26
29332,26
29333,26
29334,26
29335,26
29336,26
29337,26
29338,26
29339,26
29340,26
29341,26
29342,26
29343,26
29344,26
29345,26
29346,26
29347,26
29348,26
29349,26
29350,26
29351,26
29352,26
29353,26
29354,26
29355,26
29356,26
29357,26
29358,26
29359,26
29360,26
29361,26
29362,26
29363,26
29364,26
29365,26
29366,26
29367,26
29368,26
29369,26
29370,26
29371,26
29372,26
29373,26
29374,26
29375,26
29376,26
29377,26
29378,26
29379,26
29380,26
29381,26
29382,26
29383,26
29384,26
29385,26
29386,26
29387,26
29388,26
29389,26
29390,26
29391,26
29392,26
29393,26
29394,26
29395,26
29396,26
29397,26
29398,26
29399,26
29400,25
29401,25
29402,25
29403,25
29404,25
29405,25
29406,25
29407,25
29408,25
29409,25
29410,25
29411,25
29412,25
29413,25
29414,25
29415,25
29416,25
29417,25
29418,25
29419,25
29420,25
29421,25
29422,25
29423,25
29424,25
29425,25
29426,25
29427,25
29428,25
29429,25
29430,25
29431,25
29432,25
29433,25
29434,25
29435,25
29436,25
29437,25
29438,25
29439,25
29440,25
29441,25
29442,25
29443,25
29444,25
29445,25
29446,25
29447,25
29448,25
29449,25
29450,25
29451,25
29452,25
29453,25
29454,25
29455,25
29456,25
29457,25
29458,25
29459,25
29460,25
29461,25
29462,25
29463,25
29464,25
29465,25
29466,25
29467,25
29468,25
29469,25
29470,25
29471,25
29472,25
29473,25
29474,25
29475,25
29476,25
29477,25
29478,25
29479,25
29480,25
29481,25
29482,25
29483,25
29484,25
29485,25
29486,25
29487,25
29488,25
29489,25
29490,25
29491,25
29492,25
29493,25
29494,25
29495,25
29496,25
29497,25
29498,25
29499,25
29500,25
29501,25
29502,25
29503,25
29504,25
29505,25
29506,25
29507,25
29508,25
29509,25
29510,25
29511,25
29512,25
29513,25
29514,25
29515,25
29516,25
29517,25
29518,25
29519,25
29520,25
29521,25
29522,25
29523,25
29524,25
29525,25
29526,25
29527,25
29528,25
29529,25
29530,25
29531,25
29532,25
29533,25
29534,25
29535,25
29536,25
29537,25
29538,25
29539,25
29540,25
29541,25
29542,25
29543,25
29544,25
29545,25
29546,25
29547,25
29548,25
29549,25
29550,25
29551,25
29552,25
29553,25
29554,25
29555,25
29556,25
29557,25
29558,25
29559,25
29560,25
29561,25
29562,25
29563,25
29564,25
29565,25
29566,25
29567,25
29568,25
29569,25
29570,25
29571,25
29572,25
29573,25
29574,25
29575,25
29576,25
29577,25
29578,25
29579,25
29580,25
29581,25
29582,25
29583,25
29584,25
29585,25
29586,25
29587,25
29588,25
29589,25
29590,25
29591,25
29592,25
29593,25
29594,25
29595,25
29596,25
29597,25
29598,25
29599,25
29600,25
29601,25
29602,25
29603,25
29604,25
29605,25
29606,25
29607,25
29608,25
29609,25
29610,25
29611,25
29612,25
29613,25
29614,24
29615,24
29616,24
29617,24
29618,24
29619,24
29620,24
29621,24
29622,24
29623,24
29624,24
29625,24
29626,24
29627,24
29628,24
29629,24
29630,24
29631,24
29632,24
29633,24
29634,24
29635,24
29636,24
29637,24
29638,24
29639,24
29640,24
29641,24
29642,24
29643,24
29644,24
29645,24
29646,24
29647,24
29648,24
29649,24
29650,24
29651,24
29652,24
29653,24
29654,24
29655,24
29656,24
29657,24
29658,24
29659,24
29660,24
29661,24
29662,24
29663,24
29664,24
29665,24
29666,24
29667,24
29668,24
29669,24
29670,24
29671,24
29672,24
29673,24
29674,24
29675,24
29676,24
29677,24
29678,24
29679,24
29680,24
29681,24
29682,24
29683,24
29684,24
29685,24
29686,24
29687,24
29688,24
29689,24
29690,24
29691,24
29692,24
29693,24
29694,24
29695,24
29696,24
29697,24
29698,24
29699,24
29700,24
29701,24
29702,24
29703,24
29704,24
29705,24
29706,24
29707,24
29708,24
29709,24
29710,24
29711,24
29712,24
29713,24
29714,24
29715,24
29716,24
29717,24
29718,24
29719,24
29720,24
29721,24
29722,24
29723,24
29724,24
29725,24
29726,24
29727,24
29728,24
29729,24
29730,24
29731,24
29732,24
29733,24
29734,24
29735,24
29736,24
29737,24
29738,24
29739,24
29740,24
29741,24
29742,24
29743,24
29744,24
29745,24
29746,24
29747,24
29748,24
29749,24
29750,24
29751,24
29752,24
29753,24
29754,24
29755,24
29756,24
29757,24
29758,24
29759,24
29760,24
29761,24
29762,24
29763,24
29764,24
29765,24
29766,24
29767,24
29768,24
29769,24
29770,24
29771,24
29772,24
29773,24
29774,24
29775,24
29776,24
29777,24
29778,24
29779,24
29780,24
29781,24
29782,24
29783,24
29784,24
29785,24
29786,24
29787,24
29788,24
29789,24
29790,24
29791,24
29792,24
29793,24
29794,24
29795,24
29796,24
29797,24
29798,24
29799,24
29800,24
29801,24
29802,24
29803,24
29804,24
29805,24
29806,24
29807,24
29808,24
29809,24
29810,24
29811,24
29812,24
29813,24
29814,24
29815,24
29816,24
29817,24
29818,24
29819,24
29820,24
29821,24
29822,24
29823,24
29824,24
29825,24
29826,24
29827,24
29828,24
29829,24
29830,24
29831,24
29832,24
29833,24
29834,24
29835,24
29836,24
29837,24
29838,24
29839,24
29840,24
29841,24
29842,24
29843,24
29844,24
29845,24
29846,24
29847,24
29848,24
29849,24
29850,24
29851,24
29852,24
29853,24
29854,24
29855,24
29856,24
29857,24
29858,24
29859,24
29860,24
29861,24
29862,24
29863,24
29864,24
29865,24
29866,24
29867,24
29868,24
29869,24
29870,24
29871,24
29872,24
29873,24
29874,24
29875,24
29876,24
29877,24
29878,24
29879,24
29880,24
29881,24
29882,24
29883,24
29884,24
29885,24
29886,24
29887,24
29888,24
29889,24
29890,24
29891,24
29892,24
29893,24
29894,24
29895,24
29896,24
29897,24
29898,24
29899,24
29900,24
29901,24
29902,24
29903,24
29904,24
29905,24
29906,24
29907,24
29908,24
29909,24
29910,24
29911,24
29912,24
29913,24
29914,24
29915,24
29916,24
29917,24
29918,24
29919,24
29920,24
29921,24
29922,24
29923,24
29924,24
29925,24
29926,24
29927,24
29928,24
29929,24
29930,24
29931,24
29932,24
29933,24
29934,24
29935,24
29936,24
29937,24
29938,24
29939,24
29940,24
29941,24
29942,24
29943,24
29944,24
29945,24
29946,24
29947,24
29948,24
29949,24
29950,24
29951,24
29952,24
29953,24
29954,24
29955,24
29956,24
29957,24
29958,24
29959,24
29960,24
29961,24
29962,24
29963,24
29964,24
29965,24
29966,24
29967,24
29968,24
29969,24
29970,24
29971,24
29972,24
29973,24
29974,24
29975,24
29976,24
29977,24
29978,24
29979,24
29980,24
29981,24
29982,24
29983,24
29984,24
29985,24
29986,24
29987,24
29988,24
29989,24
29990,24
29991,24
29992,24
29993,24
29994,24
29995,24
29996,24
29997,24
29998,24
29999,24
30000,24
30001,24
30002,24
30003,24
30004,24
30005,24
30006,24
30007,24
30008,24
30009,24
30010,24
30011,24
30012,24
30013,24
30014,24
30015,24
30016,24
30017,24
30018,24
30019,24
30020,24
30021,24
30022,24
30023,24
30024,24
30025,24
30026,24
30027,24
30028,24
30029,24
30030,24
30031,24
30032,24
30033,24
30034,24
30035,24
30036,24
30037,24
30038,24
30039,24
30040,24
30041,24
30042,24
30043,24
30044,24
30045,24
30046,24
30047,24
30048,24
30049,24
30050,24
30051,24
30052,24
30053,24
30054,24
30055,23
30056,23
30057,23
30058,23
30059,23
30060,23
30061,23
30062,23
30063,23
30064,23
30065,23
30066,23
30067,23
30068,23
30069,23
30070,23
30071,23
30072,23
30073,23
30074,23
30075,23
30076,23
30077,23
30078,23
30079,23
30080,23
30081,23
30082,23
30083,23
30084,23
30085,23
30086,23
30087,23
30088,23
30089,23
30090,23
30091,23
30092,23
30093,23
30094,23
30095,23
30096,23
30097,23
30098,23
30099,23
30100,23
30101,23
30102,23
30103,23
30104,23
30105,23
30106,23
30107,23
30108,23
30109,23
30110,23
30111,23
30112,23
30113,23
30114,23
30115,23
30116,23
30117,23
30118,23
30119,23
30120,23
30121,23
30122,23
30123,23
30124,23
30125,23
30126,23
30127,23
30128,23
30129,23
30130,23
30131,23
30132,23
30133,22
30134,22
30135,22
30136,22
30137,22
30138,22
30139,22
30140,22
30141,22
30142,22
30143,22
30144,22
30145,22
30146,22
30147,22
30148,22
30149,22
30150,22
30151,22
30152,22
30153,22
30154,22
30155,22
30156,22
30157,22
30158,22
30159,22
30160,22
30161,22
30162,22
30163,22
30164,22
30165,22
30166,22
30167,22
30168,22
30169,22
30170,22
30171,22
30172,22
30173,22
30174,22
30175,22
30176,22
30177,22
30178,22
30179,22
30180,22
30181,22
30182,22
30183,22
30184,22
30185,22
30186,22
30187,22
30188,22
30189,22
30190,22
30191,22
30192,22
30193,22
30194,22
30195,22
30196,22
30197,22
30198,22
30199,22
30200,22
30201,22
30202,22
30203,22
30204,22
30205,22
30206,22
30207,22
30208,22
30209,22
30210,22
30211,22
30212,22
30213,22
30214,22
30215,22
30216,22
30217,22
30218,22
30219,22
30220,22
30221,22
30222,22
30223,22
30224,22
30225,22
30226,22
30227,22
30228,22
30229,22
30230,22
30231,22
30232,22
30233,22
30234,22
30235,22
30236,22
30237,22
30238,22
30239,22
30240,22
30241,22
30242,22
30243,22
30244,22
30245,22
30246,22
30247,22
30248,22
30249,22
30250,22
30251,22
30252,22
30253,22
30254,22
30255,22
30256,22
30257,22
30258,22
30259,22
30260,22
30261,22
30262,22
30263,22
30264,22
30265,22
30266,22
30267,22
30268,22
30269,22
30270,22
30271,22
30272,22
30273,22
30274,22
30275,22
30276,22
30277,22
30278,22
30279,22
30280,22
30281,22
30282,22
30283,22
30284,22
30285,22
30286,22
30287,22
30288,22
30289,22
30290,22
30291,22
30292,22
30293,22
30294,22
30295,22
30296,22
30297,22
30298,22
30299,22
30300,22
30301,22
30302,22
30303,22
30304,22
30305,22
30306,22
30307,22
30308,22
30309,22
30310,22
30311,22
30312,22
30313,22
30314,22
30315,22
30316,22
30317,22
30318,22
30319,22
30320,22
30321,22
30322,22
30323,22
30324,22
30325,22
30326,22
30327,22
30328,22
30329,22
30330,22
30331,22
30332,22
30333,22
30334,22
30335,22
30336,22
30337,22
30338,22
30339,22
30340,22
30341,22
30342,22
30343,22
30344,22
30345,22
30346,22
30347,22
30348,22
30349,22
30350,22
30351,22
30352,22
30353,22
30354,22
30355,22
30356,22
30357,22
30358,22
30359,22
30360,22
30361,22
30362,22
30363,22
30364,22
30365,22
30366,22
30367,22
30368,22
30369,22
30370,22
30371,22
30372,22
30373,22
30374,22
30375,22
30376,22
30377,22
30378,22
30379,22
30380,22
30381,22
30382,22
30383,22
30384,22
30385,22
30386,22
30387,22
30388,22
30389,22
30390,22
30391,22
30392,22
30393,22
30394,22
30395,22
30396,22
30397,22
30398,22
30399,22
30400,22
30401,22
30402,22
30403,22
30404,22
30405,22
30406,22
30407,22
30408,22
30409,22
30410,22
30411,22
30412,22
30413,22
30414,22
30415,22
30416,22
30417,22
30418,22
30419,22
30420,22
30421,22
30422,22
30423,22
30424,22
30425,22
30426,22
30427,22
30428,22
30429,22
30430,22
30431,22
30432,22
30433,22
30434,22
30435,22
30436,22
30437,22
30438,22
30439,22
30440,22
30441,22
30442,22
30443,22
30444,22
30445,22
30446,22
30447,22
30448,22
30449,22
30450,22
30451,22
30452,22
30453,22
30454,22
30455,22
30456,22
30457,22
30458,22
30459,22
30460,22
30461,22
30462,22
30463,22
30464,22
30465,22
30466,22
30467,22
30468,22
30469,22
30470,22
30471,22
30472,22
30473,22
30474,22
30475,22
30476,22
30477,22
30478,22
30479,22
30480,22
30481,22
30482,22
30483,22
30484,22
30485,22
30486,22
30487,22
30488,22
30489,22
30490,22
30491,22
30492,22
30493,22
30494,22
30495,22
30496,22
30497,22
30498,22
30499,22
30500,22
30501,22
30502,22
30503,22
30504,22
30505,22
30506,22
30507,22
30508,22
30509,22
30510,22
30511,22
30512,22
30513,22
30514,22
30515,22
30516,22
30517,22
30518,22
30519,22
30520,22
30521,22
30522,22
30523,22
30524,22
30525,22
30526,22
30527,22
30528,22
30529,22
30530,22
30531,22
30532,22
30533,22
30534,22
30535,22
30536,22
30537,22
30538,22
30539,22
30540,22
30541,22
30542,22
30543,22
30544,22
30545,22
30546,22
30547,22
30548,22
30549,22
30550,22
30551,22
30552,22
30553,22
30554,22
30555,22
30556,22
30557,22
30558,22
30559,22
30560,22
30561,22
30562,22
30563,22
30564,22
30565,22
30566,22
30567,22
30568,22
30569,22
30570,22
30571,22
30572,22
30573,22
30574,22
30575,22
30576,22
30577,22
30578,22
30579,22
30580,22
30581,22
30582,22
30583,22
30584,22
30585,22
30586,22
30587,22
30588,22
30589,22
30590,22
30591,22
30592,22
30593,22
30594,22
30595,22
30596,22
30597,22
30598,22
30599,22
30600,22
30601,22
30602,22
30603,22
30604,22
30605,22
30606,22
30607,22
30608,22
30609,22
30610,22
30611,22
30612,22
30613,22
30614,22
30615,22
30616,22
30617,22
30618,22
30619,22
30620,22
30621,22
30622,22
30623,22
30624,22
30625,22
30626,22
30627,22
30628,22
30629,22
30630,22
30631,22
30632,22
30633,22
30634,22
30635,22
30636,22
30637,22
30638,22
30639,22
30640,22
30641,22
30642,22
30643,22
30644,22
30645,22
30646,22
30647,22
30648,22
30649,22
30650,22
30651,22
30652,22
30653,22
30654,22
30655,22
30656,22
30657,22
30658,22
30659,22
30660,22
30661,22
30662,22
30663,22
30664,22
30665,22
30666,22
30667,22
30668,22
30669,22
30670,22
30671,22
30672,22
30673,22
30674,22
30675,22
30676,22
30677,22
30678,22
30679,22
30680,22
30681,22
30682,22
30683,22
30684,22
30685,22
30686,22
30687,22
30688,22
30689,22
30690,22
30691,22
30692,22
30693,22
30694,22
30695,22
30696,22
30697,22
30698,22
30699,22
30700,22
30701,22
30702,22
30703,22
30704,22
30705,22
30706,22
30707,22
30708,22
30709,22
30710,22
30711,22
30712,22
30713,22
30714,22
30715,22
30716,22
30717,22
30718,22
30719,22
30720,22
30721,22
30722,22
30723,22
30724,22
30725,22
30726,22
30727,22
30728,22
30729,22
30730,22
30731,22
30732,22
30733,22
30734,22
30735,22
30736,22
30737,22
30738,22
30739,22
30740,22
30741,22
30742,22
30743,22
30744,22
30745,22
30746,22
30747,22
30748,22
30749,22
30750,22
30751,22
30752,22
30753,22
30754,22
30755,22
30756,22
30757,22
30758,22
30759,22
30760,22
30761,22
30762,22
30763,22
30764,22
30765,22
30766,22
30767,22
30768,22
30769,21
30770,21
30771,21
30772,21
30773,21
30774,21
30775,21
30776,21
30777,21
30778,21
30779,21
30780,21
30781,21
30782,21
30783,21
30784,21
30785,21
30786,21
30787,21
30788,21
30789,21
30790,21
30791,21
30792,21
30793,21
30794,21
30795,21
30796,21
30797,21
30798,21
30799,21
30800,21
30801,21
30802,21
30803,21
30804,21
30805,21
30806,21
30807,21
30808,21
30809,21
30810,21
30811,21
30812,21
30813,21
30814,21
30815,21
30816,21
30817,21
30818,21
30819,21
30820,21
30821,21
30822,21
30823,21
30824,21
30825,21
30826,21
30827,21
30828,21
30829,21
30830,21
30831,21
30832,21
30833,21
30834,21
30835,21
30836,21
30837,20
30838,20
30839,20
30840,20
30841,20
30842,20
30843,20
30844,20
30845,20
30846,20
30847,20
30848,20
30849,20
30850,20
30851,20
30852,20
30853,20
30854,20
30855,20
30856,20
30857,20
30858,20
30859,20
30860,20
30861,20
30862,20
30863,20
30864,20
30865,20
30866,20
30867,20
30868,20
30869,20
30870,20
30871,20
30872,20
30873,20
30874,20
30875,20
30876,20
30877,20
30878,20
30879,20
30880,20
30881,20
30882,20
30883,20
30884,20
30885,20
30886,20
30887,20
30888,20
30889,20
30890,20
30891,20
30892,20
30893,20
30894,20
30895,20
30896,20
30897,20
30898,20
30899,20
30900,20
30901,20
30902,20
30903,20
30904,20
30905,20
30906,20
30907,20
30908,20
30909,20
30910,20
30911,20
30912,20
30913,20
30914,20
30915,20
30916,20
30917,20
30918,20
30919,20
30920,20
30921,20
30922,20
30923,20
30924,20
30925,20
30926,20
30927,20
30928,20
30929,20
30930,20
30931,20
30932,20
30933,20
30934,20
30935,20
30936,20
30937,20
30938,20
30939,20
30940,20
30941,20
30942,20
30943,20
30944,20
30945,20
30946,20
30947,20
30948,20
30949,20
30950,20
30951,20
30952,20
30953,20
30954,20
30955,20
30956,20
30957,20
30958,20
30959,20
30960,20
30961,20
30962,20
30963,20
30964,20
30965,20
30966,20
30967,20
30968,20
30969,20
30970,20
30971,20
30972,20
30973,20
30974,20
30975,20
30976,20
30977,20
30978,20
30979,20
30980,20
30981,20
30982,20
30983,20
30984,20
30985,20
30986,20
30987,20
30988,20
30989,20
30990,20
30991,20
30992,20
30993,20
30994,20
30995,20
30996,20
30997,20
30998,20
30999,20
31000,20
31001,20
31002,20
31003,20
31004,20
31005,20
31006,20
31007,20
31008,20
31009,20
31010,20
31011,20
31012,20
31013,20
31014,20
31015,20
31016,20
31017,20
31018,20
31019,20
31020,20
31021,20
31022,20
31023,20
31024,20
31025,20
31026,20
31027,20
31028,20
31029,20
31030,20
31031,20
31032,20
31033,20
31034,20
31035,20
31036,20
31037,20
31038,20
31039,20
31040,20
31041,20
31042,20
31043,20
31044,20
31045,20
31046,20
31047,20
31048,20
31049,20
31050,20
31051,20
31052,20
31053,20
31054,20
31055,20
31056,20
31057,20
31058,20
31059,20
31060,20
31061,20
31062,20
31063,20
31064,20
31065,20
31066,20
31067,20
31068,20
31069,20
31070,20
31071,20
31072,20
31073,20
31074,20
31075,20
31076,20
31077,20
31078,20
31079,20
31080,20
31081,20
31082,20
31083,20
31084,20
31085,20
31086,20
31087,20
31088,20
31089,20
31090,20
31091,20
31092,20
31093,20
31094,20
31095,20
31096,20
31097,20
31098,20
31099,20
31100,20
31101,20
31102,20
31103,20
31104,20
31105,20
31106,20
31107,20
31108,20
31109,20
31110,20
31111,20
31112,20
31113,20
31114,20
31115,20
31116,20
31117,20
31118,20
31119,20
31120,20
31121,20
31122,20
31123,20
31124,20
31125,20
31126,20
31127,20
31128,20
31129,20
31130,20
31131,20
31132,20
31133,20
31134,20
31135,20
31136,20
31137,20
31138,20
31139,20
31140,20
31141,20
31142,20
31143,20
31144,20
31145,20
31146,20
31147,20
31148,20
31149,20
31150,20
31151,20
31152,20
31153,20
31154,20
31155,20
31156,20
31157,20
31158,20
31159,20
31160,20
31161,20
31162,20
31163,20
31164,20
31165,20
31166,20
31167,20
31168,20
31169,20
31170,20
31171,20
31172,20
31173,20
31174,20
31175,20
31176,20
31177,20
31178,20
31179,20
31180,20
31181,20
31182,20
31183,20
31184,20
31185,20
31186,20
31187,20
31188,20
31189,20
31190,20
31191,20
31192,20
31193,20
31194,20
31195,20
31196,20
31197,20
31198,20
31199,20
31200,20
31201,20
31202,20
31203,20
31204,20
31205,20
31206,20
31207,20
31208,20
31209,20
31210,20
31211,20
31212,20
31213,20
31214,20
31215,20
31216,20
31217,20
31218,20
31219,20
31220,20
31221,20
31222,20
31223,20
31224,20
31225,20
31226,20
31227,20
31228,20
31229,20
31230,20
31231,20
31232,20
31233,20
31234,20
31235,20
31236,20
31237,20
31238,20
31239,20
31240,20
31241,20
31242,20
31243,20
31244,20
31245,20
31246,20
31247,20
31248,20
31249,20
31250,20
31251,20
31252,20
31253,20
31254,20
31255,20
31256,20
31257,20
31258,20
31259,20
31260,20
31261,20
31262,20
31263,20
31264,20
31265,20
31266,20
31267,20
31268,20
31269,20
31270,20
31271,20
31272,20
31273,20
31274,20
31275,20
31276,20
31277,20
31278,20
31279,20
31280,20
31281,20
31282,20
31283,20
31284,20
31285,20
31286,20
31287,20
31288,20
31289,20
31290,20
31291,20
31292,20
31293,20
31294,20
31295,20
31296,20
31297,20
31298,20
31299,20
31300,20
31301,20
31302,20
31303,20
31304,20
31305,20
31306,20
31307,20
31308,20
31309,20
31310,20
31311,20
31312,20
31313,20
31314,20
31315,20
31316,20
31317,20
31318,20
31319,20
31320,20
31321,20
31322,20
31323,20
31324,20
31325,20
31326,20
31327,20
31328,20
31329,20
31330,20
31331,20
31332,20
31333,20
31334,20
31335,20
31336,20
31337,20
31338,20
31339,20
31340,20
31341,20
31342,20
31343,20
31344,20
31345,20
31346,20
31347,20
31348,20
31349,20
31350,20
31351,20
31352,20
31353,20
31354,20
31355,20
31356,20
31357,20
31358,20
31359,20
31360,20
31361,20
31362,20
31363,20
31364,20
31365,20
31366,20
31367,20
31368,20
31369,20
31370,20
31371,20
31372,20
31373,20
31374,20
31375,20
31376,20
31377,20
31378,20
31379,20
31380,20
31381,20
31382,20
31383,20
31384,20
31385,20
31386,20
31387,20
31388,20
31389,20
31390,20
31391,20
31392,20
31393,20
31394,20
31395,20
31396,20
31397,20
31398,20
31399,20
31400,20
31401,20
31402,20
31403,20
31404,20
31405,20
31406,20
31407,20
31408,20
31409,20
31410,20
31411,20
31412,20
31413,20
31414,20
31415,20
31416,20
31417,20
31418,20
31419,20
31420,20
31421,20
31422,20
31423,20
31424,20
31425,20
31426,20
31427,20
31428,20
31429,20
31430,20
31431,20
31432,20
31433,20
31434,20
31435,20
31436,20
31437,20
31438,20
31439,20
31440,20
31441,20
31442,20
31443,20
31444,20
31445,20
31446,20
31447,20
31448,20
31449,20
31450,20
31451,20
31452,20
31453,20
31454,20
31455,20
31456,20
31457,20
31458,20
31459,20
31460,20
31461,20
31462,20
31463,20
31464,20
31465,20
31466,20
31467,20
31468,20
31469,20
31470,20
31471,20
31472,20
31473,20
31474,20
31475,20
31476,20
31477,20
31478,20
31479,20
31480,20
31481,20
31482,20
31483,20
31484,20
31485,20
31486,20
31487,20
31488,20
31489,20
31490,19
31491,19
31492,19
31493,19
31494,19
31495,19
31496,19
31497,19
31498,19
31499,19
31500,19
31501,19
31502,19
31503,19
31504,19
31505,19
31506,19
31507,19
31508,19
31509,19
31510,19
31511,19
31512,19
31513,19
31514,19
31515,19
31516,19
31517,19
31518,19
31519,19
31520,19
31521,19
31522,19
31523,19
31524,19
31525,19
31526,19
31527,19
31528,19
31529,19
31530,19
31531,19
31532,19
31533,19
31534,19
31535,19
31536,19
31537,19
31538,19
31539,19
31540,19
31541,19
31542,19
31543,19
31544,19
31545,19
31546,19
31547,19
31548,19
31549,19
31550,19
31551,19
31552,19
31553,19
31554,19
31555,19
31556,19
31557,19
31558,19
31559,19
31560,19
31561,19
31562,19
31563,19
31564,19
31565,19
31566,19
31567,19
31568,19
31569,19
31570,19
31571,19
31572,19
31573,19
31574,19
31575,19
31576,19
31577,19
31578,19
31579,19
31580,19
31581,19
31582,19
31583,19
31584,19
31585,19
31586,19
31587,19
31588,19
31589,19
31590,19
31591,19
31592,19
31593,19
31594,19
31595,19
31596,19
31597,19
31598,19
31599,19
31600,19
31601,19
31602,19
31603,19
31604,19
31605,19
31606,19
31607,19
31608,19
31609,19
31610,19
31611,19
31612,19
31613,19
31614,19
31615,19
31616,19
31617,19
31618,19
31619,19
31620,19
31621,19
31622,19
31623,19
31624,19
31625,19
31626,19
31627,19
31628,19
31629,19
31630,19
31631,19
31632,19
31633,19
31634,19
31635,19
31636,19
31637,19
31638,19
31639,19
31640,19
31641,19
31642,19
31643,19
31644,19
31645,19
31646,19
31647,19
31648,19
31649,19
31650,19
31651,19
31652,19
31653,19
31654,19
31655,19
31656,19
31657,19
31658,19
31659,19
31660,19
31661,19
31662,19
31663,19
31664,19
31665,19
31666,19
31667,19
31668,19
31669,19
31670,19
31671,19
31672,19
31673,19
31674,19
31675,19
31676,19
31677,19
31678,19
31679,19
31680,19
31681,19
31682,19
31683,19
31684,19
31685,19
31686,19
31687,19
31688,19
31689,19
31690,19
31691,19
31692,19
31693,19
31694,19
31695,19
31696,19
31697,19
31698,19
31699,19
31700,19
31701,19
31702,19
31703,19
31704,19
31705,19
31706,19
31707,19
31708,19
31709,19
31710,19
31711,19
31712,19
31713,19
31714,19
31715,19
31716,19
31717,19
31718,19
31719,19
31720,19
31721,19
31722,19
31723,19
31724,19
31725,19
31726,19
31727,19
31728,19
31729,19
31730,19
31731,19
31732,19
31733,19
31734,19
31735,19
31736,19
31737,19
31738,19
31739,19
31740,19
31741,19
31742,19
31743,19
31744,19
31745,19
31746,19
31747,19
31748,19
31749,19
31750,19
31751,19
31752,19
31753,19
31754,19
31755,19
31756,19
31757,19
31758,19
31759,19
31760,19
31761,19
31762,19
31763,19
31764,19
31765,19
31766,19
31767,19
31768,19
31769,19
31770,19
31771,19
31772,19
31773,19
31774,19
31775,19
31776,19
31777,19
31778,19
31779,19
31780,19
31781,19
31782,19
31783,19
31784,19
31785,19
31786,19
31787,19
31788,19
31789,19
31790,19
31791,19
31792,19
31793,19
31794,19
31795,19
31796,19
31797,19
31798,19
31799,19
31800,19
31801,19
31802,19
31803,19
31804,19
31805,19
31806,19
31807,19
31808,19
31809,19
31810,19
31811,19
31812,19
31813,19
31814,19
31815,19
31816,19
31817,19
31818,19
31819,19
31820,19
31821,19
31822,19
31823,19
31824,19
31825,19
31826,19
31827,19
31828,19
31829,19
31830,19
31831,19
31832,19
31833,19
31834,19
31835,19
31836,19
31837,19
31838,19
31839,19
31840,19
31841,19
31842,19
31843,19
31844,19
31845,19
31846,19
31847,19
31848,19
31849,19
31850,19
31851,19
31852,19
31853,19
31854,19
31855,19
31856,19
31857,19
31858,19
31859,19
31860,19
31861,19
31862,19
31863,19
31864,19
31865,19
31866,19
31867,19
31868,19
31869,19
31870,19
31871,19
31872,19
31873,19
31874,19
31875,19
31876,19
31877,19
31878,19
31879,19
31880,19
31881,19
31882,19
31883,18
31884,18
31885,18
31886,18
31887,18
31888,18
31889,18
31890,18
31891,18
31892,18
31893,18
31894,18
31895,18
31896,18
31897,18
31898,18
31899,18
31900,18
31901,18
31902,18
31903,18
31904,18
31905,18
31906,18
31907,18
31908,18
31909,18
31910,18
31911,18
31912,18
31913,18
31914,18
31915,18
31916,18
31917,18
31918,18
31919,18
31920,18
31921,18
31922,18
31923,18
31924,18
31925,18
31926,18
31927,18
31928,18
31929,18
31930,18
31931,18
31932,18
31933,18
31934,18
31935,18
31936,18
31937,18
31938,18
31939,18
31940,18
31941,18
31942,18
31943,18
31944,18
31945,18
31946,18
31947,18
31948,18
31949,18
31950,18
31951,18
31952,18
31953,18
31954,18
31955,18
31956,18
31957,18
31958,18
31959,18
31960,18
31961,18
31962,18
31963,18
31964,18
31965,18
31966,18
31967,18
31968,18
31969,18
31970,18
31971,18
31972,18
31973,18
31974,18
31975,18
31976,18
31977,18
31978,18
31979,18
31980,18
31981,18
31982,18
31983,18
31984,18
31985,18
31986,18
31987,18
31988,18
31989,18
31990,18
31991,18
31992,18
31993,18
31994,18
31995,18
31996,18
31997,18
31998,18
31999,18
32000,18
32001,18
32002,18
32003,18
32004,18
32005,18
32006,18
32007,18
32008,18
32009,18
32010,18
32011,18
32012,18
32013,18
32014,18
32015,18
32016,18
32017,18
32018,18
32019,18
32020,18
32021,18
32022,18
32023,18
32024,18
32025,18
32026,18
32027,18
32028,18
32029,18
32030,18
32031,18
32032,18
32033,18
32034,18
32035,18
32036,18
32037,18
32038,18
32039,18
32040,18
32041,18
32042,18
32043,18
32044,18
32045,18
32046,18
32047,18
32048,18
32049,18
32050,18
32051,18
32052,18
32053,18
32054,18
32055,18
32056,18
32057,18
32058,18
32059,18
32060,18
32061,18
32062,18
32063,18
32064,18
32065,18
32066,18
32067,18
32068,18
32069,18
32070,18
32071,18
32072,18
32073,18
32074,18
32075,18
32076,18
32077,18
32078,18
32079,18
32080,18
32081,18
32082,18
32083,18
32084,18
32085,18
32086,18
32087,18
32088,18
32089,18
32090,18
32091,18
32092,18
32093,18
32094,18
32095,18
32096,18
32097,18
32098,18
32099,18
32100,18
32101,18
32102,18
32103,18
32104,18
32105,18
32106,18
32107,18
32108,18
32109,18
32110,18
32111,18
32112,18
32113,18
32114,18
32115,18
32116,18
32117,18
32118,18
32119,18
32120,18
32121,18
32122,18
32123,18
32124,18
32125,18
32126,18
32127,18
32128,18
32129,18
32130,18
32131,18
32132,18
32133,18
32134,18
32135,18
32136,18
32137,18
32138,18
32139,18
32140,18
32141,18
32142,18
32143,18
32144,18
32145,18
32146,18
32147,18
32148,18
32149,18
32150,18
32151,18
32152,18
32153,18
32154,18
32155,18
32156,18
32157,18
32158,18
32159,18
32160,18
32161,18
32162,18
32163,18
32164,18
32165,18
32166,18
32167,18
32168,18
32169,18
32170,18
32171,18
32172,18
32173,18
32174,18
32175,18
32176,18
32177,18
32178,18
32179,18
32180,18
32181,18
32182,18
32183,18
32184,18
32185,18
32186,18
32187,18
32188,18
32189,18
32190,18
32191,18
32192,18
32193,18
32194,18
32195,18
32196,18
32197,18
32198,18
32199,18
32200,18
32201,18
32202,18
32203,18
32204,18
32205,18
32206,18
32207,18
32208,18
32209,18
32210,18
32211,18
32212,18
32213,18
32214,18
32215,18
32216,18
32217,18
32218,18
32219,18
32220,18
32221,18
32222,18
32223,18
32224,18
32225,18
32226,18
32227,18
32228,18
32229,18
32230,18
32231,18
32232,18
32233,18
32234,18
32235,18
32236,18
32237,18
32238,18
32239,18
32240,18
32241,18
32242,18
32243,18
32244,18
32245,18
32246,18
32247,18
32248,18
32249,18
32250,18
32251,18
32252,18
32253,18
32254,18
32255,18
32256,18
32257,18
32258,18
32259,18
32260,18
32261,18
32262,18
32263,18
32264,18
32265,18
32266,18
32267,18
32268,18
32269,18
32270,18
32271,18
32272,18
32273,18
32274,18
32275,18
32276,18
32277,18
32278,18
32279,18
32280,17
32281,17
32282,17
32283,17
32284,17
32285,17
32286,17
32287,17
32288,17
32289,17
32290,17
32291,17
32292,17
32293,17
32294,16
32295,16
32296,16
32297,16
32298,16
32299,16
32300,16
32301,16
32302,16
32303,16
32304,16
32305,16
32306,16
32307,16
32308,16
32309,16
32310,16
32311,16
32312,16
32313,16
32314,16
32315,16
32316,16
32317,16
32318,16
32319,16
32320,16
32321,16
32322,16
32323,16
32324,16
32325,16
32326,16
32327,16
32328,16
32329,16
32330,16
32331,16
32332,16
32333,16
32334,16
32335,16
32336,16
32337,16
32338,16
32339,16
32340,16
32341,16
32342,16
32343,16
32344,16
32345,16
32346,16
32347,16
32348,16
32349,16
32350,16
32351,16
32352,16
32353,16
32354,16
32355,16
32356,16
32357,16
32358,16
32359,16
32360,16
32361,16
32362,16
32363,16
32364,16
32365,16
32366,16
32367,16
32368,16
32369,16
32370,15
32371,15
32372,15
32373,14
32374,14
32375,14
32376,14
32377,14
32378,14
32379,14
32380,14
32381,14
32382,14
32383,14
32384,14
32385,14
32386,14
32387,14
32388,14
32389,14
32390,14
32391,14
32392,14
32393,14
32394,14
32395,14
32396,14
32397,14
32398,14
32399,14
32400,14
32401,14
32402,14
32403,14
32404,14
32405,14
32406,14
32407,14
32408,14
32409,14
32410,14
32411,14
32412,14
32413,14
32414,14
32415,14
32416,14
32417,14
32418,14
32419,14
32420,14
32421,14
32422,14
32423,14
32424,14
32425,14
32426,14
32427,14
32428,14
32429,14
32430,14
32431,14
32432,14
32433,14
32434,14
32435,14
32436,14
32437,14
32438,14
32439,14
32440,14
32441,14
32442,14
32443,14
32444,14
32445,14
32446,14
32447,14
32448,14
32449,14
32450,14
32451,14
32452,14
32453,14
32454,14
32455,14
32456,14
32457,14
32458,14
32459,14
32460,14
32461,14
32462,14
32463,14
32464,14
32465,14
32466,14
32467,14
32468,14
32469,14
32470,14
32471,14
32472,14
32473,14
32474,14
32475,14
32476,14
32477,14
32478,14
32479,14
32480,14
32481,14
32482,14
32483,14
32484,14
32485,14
32486,14
32487,14
32488,14
32489,14
32490,14
32491,14
32492,14
32493,14
32494,14
32495,14
32496,14
32497,14
32498,14
32499,14
32500,14
32501,14
32502,14
32503,14
32504,14
32505,14
32506,14
32507,14
32508,14
32509,14
32510,14
32511,14
32512,14
32513,14
32514,14
32515,14
32516,14
32517,14
32518,14
32519,14
32520,14
32521,14
32522,14
32523,14
32524,14
32525,14
32526,14
32527,14
32528,14
32529,14
32530,14
32531,14
32532,14
32533,14
32534,14
32535,14
32536,14
32537,14
32538,14
32539,14
32540,14
32541,14
32542,14
32543,14
32544,13
32545,13
32546,13
32547,13
32548,13
32549,13
32550,13
32551,13
32552,13
32553,13
32554,13
32555,13
32556,13
32557,13
32558,13
32559,13
32560,13
32561,13
32562,13
32563,13
32564,13
32565,13
32566,13
32567,13
32568,13
32569,13
32570,13
32571,13
32572,13
32573,13
32574,13
32575,13
32576,13
32577,13
32578,13
32579,13
32580,13
32581,13
32582,13
32583,13
32584,13
32585,13
32586,13
32587,13
32588,13
32589,13
32590,13
32591,13
32592,13
32593,13
32594,13
32595,13
32596,13
32597,13
32598,13
32599,13
32600,13
32601,13
32602,13
32603,13
32604,13
32605,13
32606,13
32607,13
32608,13
32609,13
32610,13
32611,13
32612,13
32613,13
32614,13
32615,13
32616,13
32617,13
32618,13
32619,13
32620,13
32621,13
32622,13
32623,13
32624,13
32625,13
32626,13
32627,13
32628,13
32629,13
32630,13
32631,13
32632,13
32633,13
32634,13
32635,13
32636,13
32637,13
32638,13
32639,13
32640,13
32641,13
32642,13
32643,13
32644,13
32645,13
32646,13
32647,13
32648,13
32649,13
32650,13
32651,13
32652,13
32653,13
32654,13
32655,13
32656,13
32657,13
32658,13
32659,13
32660,13
32661,13
32662,13
32663,13
32664,13
32665,13
32666,13
32667,13
32668,13
32669,13
32670,13
32671,13
32672,13
32673,13
32674,13
32675,13
32676,13
32677,13
32678,13
32679,13
32680,13
32681,13
32682,13
32683,13
32684,13
32685,13
32686,13
32687,13
32688,13
32689,13
32690,13
32691,13
32692,13
32693,13
32694,13
32695,13
32696,13
32697,13
32698,13
32699,13
32700,13
32701,13
32702,13
32703,13
32704,13
32705,13
32706,13
32707,13
32708,12
32709,12
32710,12
32711,12
32712,12
32713,12
32714,12
32715,12
32716,12
32717,12
32718,12
32719,12
32720,12
32721,12
32722,12
32723,12
32724,12
32725,12
32726,12
32727,12
32728,12
32729,12
32730,12
32731,12
32732,12
32733,12
32734,12
32735,12
32736,12
32737,12
32738,12
32739,12
32740,12
32741,12
32742,12
32743,12
32744,12
32745,12
32746,12
32747,12
32748,12
32749,12
32750,12
32751,12
32752,12
32753,12
32754,12
32755,12
32756,12
32757,12
32758,12
32759,12
32760,12
32761,12
32762,12
32763,12
32764,12
32765,12
32766,12
32767,12
32768,12
32769,12
32770,12
32771,12
32772,12
32773,12
32774,12
32775,12
32776,12
32777,12
32778,12
32779,12
32780,12
32781,12
32782,12
32783,12
32784,12
32785,12
32786,12
32787,12
32788,12
32789,12
32790,12
32791,12
32792,12
32793,12
32794,12
32795,12
32796,12
32797,12
32798,12
32799,12
32800,12
32801,12
32802,12
32803,12
32804,12
32805,12
32806,12
32807,12
32808,12
32809,12
32810,12
32811,12
32812,12
32813,12
32814,12
32815,12
32816,12
32817,12
32818,12
32819,12
32820,12
32821,12
32822,12
32823,12
32824,12
32825,12
32826,12
32827,12
32828,12
32829,12
32830,12
32831,12
32832,12
32833,12
32834,12
32835,12
32836,12
32837,12
32838,12
32839,12
32840,12
32841,12
32842,12
32843,12
32844,12
32845,12
32846,12
32847,12
32848,12
32849,12
32850,12
32851,12
32852,12
32853,12
32854,12
32855,12
32856,12
32857,12
32858,12
32859,12
32860,12
32861,12
32862,12
32863,12
32864,12
32865,12
32866,12
32867,12
32868,12
32869,12
32870,12
32871,12
32872,12
32873,12
32874,12
32875,12
32876,12
32877,12
32878,12
32879,12
32880,12
32881,12
32882,12
32883,12
32884,12
32885,12
32886,12
32887,12
32888,12
32889,12
32890,12
32891,12
32892,12
32893,12
32894,12
32895,12
32896,12
32897,12
32898,12
32899,12
32900,12
32901,12
32902,12
32903,12
32904,12
32905,12
32906,12
32907,12
32908,12
32909,12
32910,12
32911,12
32912,12
32913,12
32914,12
32915,12
32916,12
32917,12
32918,12
32919,12
32920,12
32921,12
32922,12
32923,12
32924,12
32925,12
32926,12
32927,12
32928,12
32929,12
32930,12
32931,12
32932,12
32933,12
32934,12
32935,12
32936,12
32937,12
32938,12
32939,12
32940,12
32941,12
32942,12
32943,12
32944,12
32945,12
32946,12
32947,12
32948,12
32949,12
32950,12
32951,12
32952,12
32953,12
32954,12
32955,12
32956,12
32957,12
32958,12
32959,12
32960,12
32961,12
32962,12
32963,12
32964,12
32965,12
32966,12
32967,12
32968,12
32969,12
32970,12
32971,12
32972,12
32973,12
32974,12
32975,12
32976,12
32977,12
32978,12
32979,12
32980,12
32981,12
32982,12
32983,12
32984,12
32985,12
32986,12
32987,12
32988,12
32989,12
32990,12
32991,12
32992,12
32993,12
32994,12
32995,12
32996,12
32997,12
32998,12
32999,12
33000,12
33001,12
33002,12
33003,12
33004,12
33005,12
33006,12
33007,12
33008,12
33009,12
33010,12
33011,12
33012,12
33013,12
33014,12
33015,12
33016,12
33017,12
33018,12
33019,12
33020,12
33021,12
33022,12
33023,12
33024,12
33025,12
33026,12
33027,12
33028,12
33029,12
33030,12
33031,12
33032,12
33033,12
33034,12
33035,12
33036,12
33037,12
33038,12
33039,12
33040,12
33041,12
33042,12
33043,12
33044,12
33045,12
33046,12
33047,12
33048,12
33049,12
33050,12
33051,12
33052,12
33053,12
33054,12
33055,12
33056,12
33057,12
33058,12
33059,12
33060,12
33061,12
33062,12
33063,12
33064,12
33065,12
33066,12
33067,12
33068,12
33069,12
33070,12
33071,12
33072,12
33073,12
33074,12
33075,12
33076,12
33077,12
33078,12
33079,12
33080,12
33081,12
33082,12
33083,12
33084,12
33085,12
33086,12
33087,12
33088,12
33089,12
33090,12
33091,12
33092,12
33093,12
33094,12
33095,12
33096,12
33097,12
33098,12
33099,12
33100,12
33101,12
33102,12
33103,12
33104,12
33105,12
33106,12
33107,12
33108,12
33109,12
33110,12
33111,12
33112,12
33113,12
33114,12
33115,12
33116,12
33117,12
33118,12
33119,12
33120,12
33121,12
33122,12
33123,12
33124,12
33125,12
33126,12
33127,12
33128,12
33129,12
33130,12
33131,12
33132,12
33133,12
33134,12
33135,12
33136,12
33137,12
33138,12
33139,12
33140,12
33141,12
33142,12
33143,12
33144,12
33145,12
33146,12
33147,12
33148,12
33149,12
33150,12
33151,12
33152,12
33153,12
33154,12
33155,12
33156,12
33157,12
33158,12
33159,12
33160,12
33161,12
33162,12
33163,12
33164,12
33165,12
33166,12
33167,12
33168,12
33169,12
33170,12
33171,12
33172,12
33173,12
33174,12
33175,12
33176,12
33177,12
33178,12
33179,12
33180,12
33181,12
33182,12
33183,12
33184,12
33185,12
33186,12
33187,12
33188,12
33189,12
33190,12
33191,12
33192,12
33193,12
33194,12
33195,12
33196,12
33197,12
33198,12
33199,12
33200,12
33201,12
33202,12
33203,12
33204,12
33205,12
33206,12
33207,12
33208,12
33209,12
33210,12
33211,12
33212,12
33213,12
33214,12
33215,12
33216,12
33217,12
33218,12
33219,12
33220,12
33221,12
33222,12
33223,12
33224,12
33225,12
33226,12
33227,12
33228,12
33229,12
33230,12
33231,12
33232,12
33233,12
33234,12
33235,12
33236,12
33237,12
33238,12
33239,12
33240,12
33241,12
33242,12
33243,12
33244,12
33245,12
33246,12
33247,12
33248,12
33249,12
33250,12
33251,12
33252,12
33253,12
33254,12
33255,12
33256,12
33257,12
33258,12
33259,12
33260,12
33261,12
33262,12
33263,12
33264,12
33265,12
33266,12
33267,12
33268,12
33269,12
33270,12
33271,12
33272,12
33273,12
33274,12
33275,12
33276,12
33277,12
33278,12
33279,12
33280,12
33281,12
33282,12
33283,12
33284,12
33285,12
33286,12
33287,12
33288,12
33289,12
33290,12
33291,12
33292,12
33293,12
33294,12
33295,12
33296,12
33297,12
33298,12
33299,12
33300,12
33301,12
33302,12
33303,12
33304,12
33305,12
33306,12
33307,12
33308,12
33309,12
33310,12
33311,12
33312,12
33313,12
33314,12
33315,12
33316,12
33317,12
33318,12
33319,12
33320,12
33321,12
33322,12
33323,12
33324,12
33325,12
33326,12
33327,12
33328,12
33329,12
33330,12
33331,12
33332,12
33333,12
33334,12
33335,12
33336,12
33337,12
33338,12
33339,12
33340,12
33341,12
33342,12
33343,12
33344,12
33345,12
33346,12
33347,12
33348,12
33349,12
33350,12
33351,12
33352,12
33353,12
33354,12
33355,12
33356,12
33357,12
33358,12
33359,12
33360,12
33361,12
33362,12
33363,12
33364,12
33365,12
33366,12
33367,12
33368,12
33369,12
33370,12
33371,12
33372,12
33373,12
33374,12
33375,12
33376,12
33377,12
33378,12
33379,12
33380,12
33381,12
33382,12
33383,12
33384,12
33385,12
33386,12
33387,12
33388,12
33389,12
33390,12
33391,12
33392,12
33393,12
33394,12
33395,12
33396,12
33397,12
33398,12
33399,12
33400,12
33401,12
33402,12
33403,12
33404,12
33405,12
33406,12
33407,12
33408,12
33409,12
33410,12
33411,12
33412,12
33413,12
33414,12
33415,12
33416,12
33417,12
33418,12
33419,12
33420,12
33421,12
33422,12
33423,12
33424,12
33425,12
33426,12
33427,12
33428,12
33429,12
33430,12
33431,12
33432,12
33433,12
33434,12
33435,12
33436,12
33437,12
33438,12
33439,12
33440,12
33441,12
33442,12
33443,12
33444,12
33445,12
33446,12
33447,12
33448,12
33449,12
33450,12
33451,12
33452,12
33453,12
33454,12
33455,12
33456,12
33457,12
33458,12
33459,12
33460,12
33461,12
33462,12
33463,12
33464,12
33465,12
33466,12
33467,12
33468,12
33469,12
33470,12
33471,12
33472,12
33473,12
33474,12
33475,12
33476,12
33477,12
33478,12
33479,12
33480,12
33481,12
33482,12
33483,12
33484,12
33485,12
33486,12
33487,12
33488,12
33489,12
33490,12
33491,12
33492,12
33493,12
33494,12
33495,12
33496,12
33497,12
33498,12
33499,12
33500,12
33501,12
33502,12
33503,12
33504,12
33505,12
33506,12
33507,12
33508,12
33509,12
33510,12
33511,12
33512,12
33513,12
33514,12
33515,12
33516,12
33517,12
33518,12
33519,12
33520,12
33521,12
33522,12
33523,12
33524,12
33525,12
33526,12
33527,12
33528,12
33529,12
33530,12
33531,12
33532,12
33533,12
33534,12
33535,12
33536,12
33537,12
33538,12
33539,12
33540,12
33541,12
33542,12
33543,12
33544,12
33545,12
33546,12
33547,12
33548,12
33549,12
33550,12
33551,12
33552,12
33553,12
33554,12
33555,12
33556,12
33557,12
33558,12
33559,12
33560,12
33561,12
33562,12
33563,12
33564,12
33565,12
33566,12
33567,12
33568,12
33569,12
33570,12
33571,12
33572,12
33573,12
33574,12
33575,12
33576,12
33577,12
33578,12
33579,12
33580,12
33581,12
33582,12
33583,12
33584,12
33585,12
33586,12
33587,12
33588,12
33589,12
33590,12
33591,12
33592,12
33593,12
33594,12
33595,12
33596,12
33597,12
33598,12
33599,12
33600,12
33601,12
33602,12
33603,12
33604,12
33605,12
33606,12
33607,12
33608,12
33609,12
33610,12
33611,12
33612,12
33613,12
33614,12
33615,12
33616,12
33617,12
33618,12
33619,12
33620,12
33621,12
33622,12
33623,12
33624,12
33625,12
33626,12
33627,12
33628,12
33629,12
33630,12
33631,12
33632,12
33633,12
33634,12
33635,12
33636,12
33637,12
33638,12
33639,12
33640,12
33641,12
33642,12
33643,12
33644,12
33645,12
33646,12
33647,12
33648,12
33649,12
33650,12
33651,12
33652,12
33653,12
33654,12
33655,12
33656,12
33657,12
33658,12
33659,12
33660,12
33661,12
33662,12
33663,12
33664,12
33665,12
33666,12
33667,12
33668,12
33669,12
33670,12
33671,12
33672,12
33673,12
33674,12
33675,12
33676,12
33677,12
33678,12
33679,12
33680,12
33681,12
33682,12
33683,12
33684,12
33685,12
33686,12
33687,12
33688,12
33689,12
33690,12
33691,12
33692,12
33693,12
33694,12
33695,12
33696,12
33697,12
33698,12
33699,12
33700,12
33701,12
33702,12
33703,12
33704,12
33705,12
33706,12
33707,12
33708,12
33709,12
33710,12
33711,12
33712,12
33713,12
33714,12
33715,12
33716,12
33717,12
33718,12
33719,12
33720,12
33721,12
33722,12
33723,12
33724,12
33725,12
33726,12
33727,12
33728,12
33729,12
33730,12
33731,12
33732,12
33733,12
33734,12
33735,12
33736,12
33737,12
33738,12
33739,12
33740,12
33741,12
33742,12
33743,12
33744,12
33745,12
33746,12
33747,12
33748,12
33749,12
33750,12
33751,12
33752,12
33753,12
33754,12
33755,12
33756,12
33757,12
33758,12
33759,12
33760,12
33761,12
33762,12
33763,12
33764,12
33765,12
33766,12
33767,12
33768,12
33769,12
33770,12
33771,12
33772,12
33773,12
33774,12
33775,12
33776,12
33777,12
33778,12
33779,12
33780,12
33781,12
33782,12
33783,12
33784,12
33785,12
33786,12
33787,12
33788,12
33789,12
33790,12
33791,12
33792,12
33793,12
33794,12
33795,12
33796,12
33797,12
33798,12
33799,12
33800,12
33801,12
33802,12
33803,12
33804,12
33805,12
33806,12
33807,12
33808,12
33809,12
33810,12
33811,12
33812,12
33813,12
33814,12
33815,12
33816,12
33817,12
33818,12
33819,12
33820,12
33821,12
33822,12
33823,12
33824,12
33825,12
33826,12
33827,12
33828,12
33829,12
33830,12
33831,12
33832,12
33833,12
33834,12
33835,12
33836,12
33837,12
33838,12
33839,12
33840,12
33841,12
33842,12
33843,12
33844,12
33845,12
33846,12
33847,12
33848,12
33849,12
33850,12
33851,12
33852,12
33853,12
33854,12
33855,12
33856,12
33857,12
33858,12
33859,12
33860,12
33861,12
33862,12
33863,12
33864,12
33865,12
33866,12
33867,12
33868,12
33869,12
33870,12
33871,12
33872,12
33873,12
33874,12
33875,12
33876,12
33877,12
33878,12
33879,12
33880,12
33881,12
33882,12
33883,12
33884,12
33885,12
33886,12
33887,12
33888,12
33889,12
33890,12
33891,12
33892,12
33893,12
33894,12
33895,12
33896,12
33897,12
33898,12
33899,12
33900,12
33901,12
33902,12
33903,12
33904,12
33905,12
33906,12
33907,12
33908,12
33909,12
33910,12
33911,12
33912,12
33913,12
33914,12
33915,12
33916,12
33917,12
33918,12
33919,12
33920,12
33921,12
33922,12
33923,12
33924,12
33925,12
33926,12
33927,12
33928,12
33929,12
33930,12
33931,12
33932,12
33933,12
33934,12
33935,12
33936,12
33937,12
33938,12
33939,12
33940,12
33941,12
33942,12
33943,12
33944,12
33945,12
33946,12
33947,12
33948,12
33949,12
33950,12
33951,12
33952,12
33953,12
33954,12
33955,12
33956,12
33957,12
33958,12
33959,12
33960,12
33961,12
33962,12
33963,12
33964,12
33965,12
33966,12
33967,12
33968,12
33969,12
33970,12
33971,12
33972,12
33973,12
33974,12
33975,12
33976,12
33977,12
33978,12
33979,12
33980,12
33981,12
33982,12
33983,12
33984,12
33985,12
33986,12
33987,12
33988,12
33989,12
33990,12
33991,12
33992,12
33993,12
33994,12
33995,12
33996,12
33997,12
33998,12
33999,12
34000,12
34001,12
34002,12
34003,12
34004,12
34005,12
34006,12
34007,12
34008,12
34009,12
34010,12
34011,12
34012,12
34013,12
34014,12
34015,12
34016,12
34017,12
34018,12
34019,12
34020,12
34021,12
34022,12
34023,12
34024,12
34025,12
34026,12
34027,12
34028,12
34029,12
34030,12
34031,12
34032,12
34033,12
34034,12
34035,12
34036,12
34037,12
34038,12
34039,12
34040,12
34041,12
34042,12
34043,12
34044,12
34045,12
34046,12
34047,12
34048,12
34049,12
34050,12
34051,12
34052,12
34053,12
34054,12
34055,12
34056,12
34057,12
34058,12
34059,12
34060,12
34061,12
34062,12
34063,12
34064,12
34065,12
34066,12
34067,12
34068,12
34069,12
34070,12
34071,12
34072,12
34073,12
34074,12
34075,12
34076,12
34077,12
34078,12
34079,12
34080,12
34081,12
34082,12
34083,12
34084,12
34085,12
34086,12
34087,12
34088,12
34089,12
34090,12
34091,12
34092,12
34093,12
34094,12
34095,12
34096,12
34097,12
34098,12
34099,12
34100,12
34101,12
34102,12
34103,12
34104,12
34105,12
34106,12
34107,12
34108,12
34109,12
34110,12
34111,12
34112,12
34113,12
34114,12
34115,12
34116,12
34117,12
34118,12
34119,12
34120,12
34121,12
34122,12
34123,12
34124,12
34125,12
34126,12
34127,12
34128,12
34129,12
34130,12
34131,12
34132,12
34133,12
34134,12
34135,12
34136,12
34137,12
34138,12
34139,12
34140,12
34141,12
34142,12
34143,12
34144,12
34145,12
34146,12
34147,12
34148,12
34149,12
34150,12
34151,12
34152,12
34153,12
34154,12
34155,12
34156,12
34157,12
34158,12
34159,12
34160,12
34161,12
34162,12
34163,12
34164,12
34165,12
34166,12
34167,12
34168,12
34169,12
34170,12
34171,12
34172,12
34173,12
34174,12
34175,12
34176,12
34177,12
34178,12
34179,12
34180,12
34181,12
34182,12
34183,12
34184,12
34185,12
34186,12
34187,12
34188,12
34189,12
34190,12
34191,12
34192,12
34193,12
34194,12
34195,12
34196,12
34197,12
34198,12
34199,12
34200,12
34201,12
34202,12
34203,12
34204,12
34205,12
34206,12
34207,12
34208,12
34209,12
34210,12
34211,12
34212,12
34213,12
34214,12
34215,12
34216,12
34217,12
34218,12
34219,12
34220,12
34221,12
34222,12
34223,12
34224,12
34225,12
34226,12
34227,12
34228,12
34229,12
34230,12
34231,12
34232,12
34233,12
34234,12
34235,12
34236,12
34237,12
34238,12
34239,12
34240,12
34241,12
34242,12
34243,12
34244,12
34245,12
34246,12
34247,12
34248,12
34249,12
34250,12
34251,12
34252,12
34253,12
34254,12
34255,12
34256,12
34257,12
34258,12
34259,12
34260,12
34261,12
34262,12
34263,12
34264,12
34265,12
34266,12
34267,12
34268,12
34269,12
34270,12
34271,12
34272,12
34273,12
34274,12
34275,12
34276,12
34277,12
34278,12
34279,12
34280,12
34281,12
34282,12
34283,12
34284,12
34285,12
34286,12
34287,12
34288,12
34289,12
34290,12
34291,12
34292,12
34293,12
34294,12
34295,12
34296,12
34297,12
34298,12
34299,12
34300,12
34301,12
34302,12
34303,12
34304,12
34305,12
34306,12
34307,12
34308,12
34309,12
34310,12
34311,12
34312,12
34313,12
34314,12
34315,12
34316,12
34317,12
34318,12
34319,12
34320,12
34321,12
34322,12
34323,12
34324,12
34325,12
34326,12
34327,12
34328,12
34329,12
34330,12
34331,12
34332,12
34333,12
34334,12
34335,12
34336,12
34337,12
34338,12
34339,12
34340,12
34341,12
34342,12
34343,12
34344,12
34345,12
34346,12
34347,12
34348,12
34349,12
34350,12
34351,12
34352,12
34353,12
34354,12
34355,12
34356,12
34357,12
34358,12
34359,12
34360,12
34361,12
34362,12
34363,12
34364,12
34365,12
34366,12
34367,12
34368,12
34369,12
34370,12
34371,12
34372,12
34373,12
34374,12
34375,12
34376,12
34377,12
34378,12
34379,12
34380,12
34381,12
34382,12
34383,12
34384,12
34385,12
34386,12
34387,12
34388,12
34389,12
34390,12
34391,12
34392,12
34393,12
34394,12
34395,12
34396,12
34397,12
34398,12
34399,12
34400,11
34401,11
34402,11
34403,11
34404,11
34405,11
34406,11
34407,11
34408,11
34409,11
34410,11
34411,11
34412,11
34413,11
34414,11
34415,11
34416,11
34417,11
34418,11
34419,11
34420,11
34421,11
34422,11
34423,11
34424,11
34425,11
34426,11
34427,11
34428,11
34429,11
34430,11
34431,11
34432,11
34433,11
34434,11
34435,11
34436,11
34437,11
34438,11
34439,11
34440,11
34441,11
34442,11
34443,11
34444,11
34445,11
34446,11
34447,11
34448,11
34449,11
34450,11
34451,11
34452,11
34453,11
34454,11
34455,11
34456,11
34457,11
34458,11
34459,11
34460,11
34461,11
34462,11
34463,11
34464,11
34465,11
34466,11
34467,11
34468,11
34469,11
34470,11
34471,11
34472,11
34473,11
34474,11
34475,11
34476,11
34477,11
34478,11
34479,11
34480,11
34481,11
34482,11
34483,11
34484,11
34485,11
34486,11
34487,11
34488,11
34489,11
34490,11
34491,11
34492,11
34493,11
34494,11
34495,11
34496,11
34497,11
34498,11
34499,11
34500,11
34501,11
34502,11
34503,11
34504,11
34505,11
34506,11
34507,11
34508,11
34509,11
34510,11
34511,11
34512,11
34513,11
34514,11
34515,11
34516,11
34517,11
34518,11
34519,11
34520,11
34521,11
34522,11
34523,11
34524,11
34525,11
34526,11
34527,11
34528,11
34529,11
34530,11
34531,11
34532,11
34533,11
34534,11
34535,11
34536,11
34537,11
34538,11
34539,11
34540,11
34541,11
34542,11
34543,11
34544,11
34545,11
34546,11
34547,11
34548,11
34549,11
34550,11
34551,11
34552,11
34553,11
34554,11
34555,11
34556,11
34557,11
34558,11
34559,11
34560,11
34561,11
34562,11
34563,11
34564,11
34565,11
34566,11
34567,11
34568,11
34569,11
34570,11
34571,11
34572,11
34573,11
34574,11
34575,11
34576,11
34577,11
34578,11
34579,11
34580,11
34581,11
34582,11
34583,11
34584,11
34585,11
34586,11
34587,11
34588,11
34589,11
34590,11
34591,11
34592,11
34593,11
34594,11
34595,11
34596,11
34597,11
34598,11
34599,11
34600,11
34601,11
34602,11
34603,11
34604,11
34605,11
34606,11
34607,11
34608,11
34609,11
34610,11
34611,11
34612,11
34613,11
34614,11
34615,11
34616,11
34617,11
34618,11
34619,11
34620,11
34621,11
34622,11
34623,11
34624,11
34625,11
34626,11
34627,11
34628,11
34629,11
34630,11
34631,11
34632,11
34633,11
34634,11
34635,11
34636,11
34637,11
34638,11
34639,11
34640,11
34641,11
34642,11
34643,11
34644,11
34645,11
34646,11
34647,11
34648,11
34649,11
34650,11
34651,11
34652,11
34653,11
34654,11
34655,11
34656,11
34657,11
34658,11
34659,11
34660,11
34661,11
34662,11
34663,11
34664,11
34665,11
34666,11
34667,11
34668,11
34669,11
34670,11
34671,11
34672,11
34673,11
34674,11
34675,11
34676,11
34677,11
34678,11
34679,11
34680,11
34681,11
34682,11
34683,11
34684,11
34685,11
34686,11
34687,11
34688,11
34689,11
34690,11
34691,11
34692,11
34693,11
34694,11
34695,11
34696,11
34697,11
34698,11
34699,11
34700,11
34701,11
34702,11
34703,11
34704,11
34705,11
34706,11
34707,11
34708,11
34709,11
34710,11
34711,11
34712,11
34713,11
34714,11
34715,11
34716,11
34717,11
34718,11
34719,11
34720,11
34721,11
34722,11
34723,11
34724,11
34725,11
34726,11
34727,11
34728,11
34729,11
34730,11
34731,11
34732,11
34733,11
34734,11
34735,11
34736,11
34737,11
34738,11
34739,11
34740,11
34741,11
34742,11
34743,11
34744,11
34745,11
34746,11
34747,11
34748,11
34749,11
34750,11
34751,11
34752,11
34753,11
34754,11
34755,11
34756,11
34757,11
34758,11
34759,11
34760,11
34761,11
34762,11
34763,11
34764,11
34765,11
34766,11
34767,11
34768,11
34769,11
34770,11
34771,11
34772,11
34773,11
34774,11
34775,11
34776,11
34777,11
34778,11
34779,11
34780,11
34781,11
34782,11
34783,11
34784,11
34785,11
34786,11
34787,11
34788,11
34789,11
34790,11
34791,11
34792,11
34793,11
34794,11
34795,11
34796,11
34797,11
34798,11
34799,11
34800,11
34801,11
34802,11
34803,11
34804,11
34805,11
34806,11
34807,11
34808,11
34809,11
34810,11
34811,11
34812,11
34813,11
34814,11
34815,11
34816,11
34817,11
34818,11
34819,11
34820,11
34821,11
34822,11
34823,11
34824,11
34825,11
34826,11
34827,11
34828,11
34829,11
34830,11
34831,11
34832,11
34833,11
34834,11
34835,11
34836,11
34837,11
34838,11
34839,11
34840,11
34841,11
34842,11
34843,11
34844,11
34845,11
34846,11
34847,11
34848,11
34849,11
34850,11
34851,11
34852,11
34853,11
34854,11
34855,11
34856,11
34857,11
34858,11
34859,11
34860,11
34861,11
34862,11
34863,11
34864,11
34865,11
34866,11
34867,11
34868,11
34869,11
34870,11
34871,11
34872,11
34873,11
34874,11
34875,11
34876,11
34877,11
34878,11
34879,11
34880,11
34881,11
34882,11
34883,11
34884,11
34885,11
34886,11
34887,11
34888,11
34889,11
34890,11
34891,11
34892,11
34893,11
34894,11
34895,11
34896,11
34897,11
34898,11
34899,11
34900,11
34901,11
34902,11
34903,11
34904,11
34905,11
34906,11
34907,11
34908,11
34909,11
34910,11
34911,11
34912,11
34913,11
34914,11
34915,11
34916,11
34917,11
34918,11
34919,11
34920,11
34921,11
34922,11
34923,11
34924,11
34925,11
34926,11
34927,11
34928,11
34929,11
34930,11
34931,11
34932,11
34933,11
34934,11
34935,11
34936,11
34937,11
34938,11
34939,11
34940,11
34941,11
34942,11
34943,11
34944,11
34945,11
34946,11
34947,11
34948,11
34949,11
34950,11
34951,11
34952,11
34953,11
34954,11
34955,11
34956,11
34957,11
34958,11
34959,11
34960,11
34961,11
34962,11
34963,11
34964,11
34965,11
34966,11
34967,11
34968,11
34969,11
34970,11
34971,11
34972,11
34973,11
34974,11
34975,11
34976,11
34977,11
34978,11
34979,11
34980,11
34981,11
34982,11
34983,11
34984,11
34985,11
34986,11
34987,11
34988,11
34989,11
34990,11
34991,11
34992,11
34993,11
34994,11
34995,11
34996,11
34997,11
34998,11
34999,11
35000,11
35001,11
35002,11
35003,11
35004,11
35005,11
35006,11
35007,11
35008,11
35009,11
35010,11
35011,11
35012,11
35013,11
35014,11
35015,11
35016,11
35017,11
35018,11
35019,11
35020,11
35021,11
35022,11
35023,11
35024,11
35025,11
35026,11
35027,11
35028,11
35029,11
35030,11
35031,11
35032,11
35033,11
35034,11
35035,11
35036,11
35037,11
35038,11
35039,11
35040,11
35041,11
35042,11
35043,11
35044,11
35045,11
35046,11
35047,11
35048,11
35049,11
35050,11
35051,11
35052,11
35053,11
35054,11
35055,11
35056,11
35057,11
35058,11
35059,11
35060,11
35061,11
35062,11
35063,11
35064,11
35065,11
35066,11
35067,11
35068,11
35069,11
35070,11
35071,11
35072,11
35073,11
35074,11
35075,11
35076,11
35077,11
35078,11
35079,11
35080,11
35081,11
35082,11
35083,11
35084,11
35085,11
35086,11
35087,11
35088,11
35089,11
35090,11
35091,11
35092,11
35093,11
35094,11
35095,11
35096,11
35097,11
35098,11
35099,11
35100,11
35101,11
35102,11
35103,11
35104,11
35105,11
35106,11
35107,11
35108,11
35109,11
35110,11
35111,11
35112,11
35113,11
35114,11
35115,11
35116,11
35117,11
35118,11
35119,11
35120,11
35121,11
35122,11
35123,11
35124,11
35125,11
35126,11
35127,11
35128,11
35129,11
35130,11
35131,11
35132,11
35133,11
35134,11
35135,11
35136,11
35137,11
35138,11
35139,11
35140,11
35141,11
35142,11
35143,11
35144,11
35145,11
35146,11
35147,11
35148,11
35149,11
35150,11
35151,11
35152,11
35153,11
35154,11
35155,11
35156,11
35157,11
35158,11
35159,11
35160,11
35161,11
35162,11
35163,11
35164,11
35165,11
35166,11
35167,11
35168,11
35169,11
35170,11
35171,11
35172,11
35173,11
35174,11
35175,11
35176,11
35177,11
35178,11
35179,11
35180,11
35181,11
35182,11
35183,11
35184,11
35185,11
35186,11
35187,11
35188,11
35189,11
35190,11
35191,11
35192,11
35193,11
35194,11
35195,11
35196,11
35197,11
35198,11
35199,11
35200,11
35201,11
35202,11
35203,11
35204,11
35205,11
35206,11
35207,11
35208,11
35209,11
35210,11
35211,11
35212,11
35213,11
35214,11
35215,11
35216,11
35217,11
35218,11
35219,11
35220,11
35221,11
35222,11
35223,11
35224,11
35225,11
35226,11
35227,11
35228,11
35229,11
35230,11
35231,11
35232,11
35233,11
35234,11
35235,11
35236,11
35237,11
35238,11
35239,11
35240,11
35241,11
35242,11
35243,11
35244,11
35245,11
35246,11
35247,11
35248,11
35249,11
35250,11
35251,11
35252,11
35253,11
35254,11
35255,11
35256,11
35257,11
35258,11
35259,11
35260,11
35261,11
35262,11
35263,11
35264,11
35265,11
35266,11
35267,11
35268,11
35269,11
35270,11
35271,11
35272,11
35273,11
35274,11
35275,11
35276,11
35277,11
35278,11
35279,11
35280,11
35281,11
35282,11
35283,11
35284,11
35285,11
35286,11
35287,11
35288,11
35289,11
35290,11
35291,11
35292,11
35293,11
35294,11
35295,11
35296,11
35297,11
35298,11
35299,11
35300,11
35301,11
35302,11
35303,11
35304,11
35305,11
35306,11
35307,11
35308,11
35309,11
35310,11
35311,11
35312,11
35313,11
35314,11
35315,11
35316,11
35317,11
35318,11
35319,11
35320,11
35321,11
35322,11
35323,11
35324,11
35325,11
35326,11
35327,11
35328,11
35329,11
35330,11
35331,11
35332,11
35333,11
35334,11
35335,11
35336,11
35337,11
35338,11
35339,11
35340,11
35341,11
35342,11
35343,11
35344,11
35345,11
35346,11
35347,11
35348,11
35349,11
35350,11
35351,11
35352,11
35353,11
35354,11
35355,11
35356,11
35357,11
35358,11
35359,11
35360,11
35361,11
35362,11
35363,11
35364,11
35365,11
35366,11
35367,11
35368,11
35369,11
35370,11
35371,11
35372,11
35373,11
35374,11
35375,11
35376,11
35377,11
35378,11
35379,11
35380,11
35381,11
35382,11
35383,11
35384,11
35385,11
35386,11
35387,11
35388,11
35389,11
35390,11
35391,11
35392,11
35393,11
35394,11
35395,11
35396,11
35397,11
35398,11
35399,11
35400,11
35401,11
35402,11
35403,11
35404,11
35405,11
35406,11
35407,11
35408,11
35409,11
35410,11
35411,11
35412,11
35413,11
35414,11
35415,11
35416,11
35417,11
35418,11
35419,11
35420,11
35421,11
35422,11
35423,11
35424,11
35425,11
35426,11
35427,11
35428,11
35429,11
35430,11
35431,11
35432,11
35433,11
35434,11
35435,11
35436,11
35437,11
35438,11
35439,11
35440,11
35441,11
35442,11
35443,11
35444,11
35445,11
35446,11
35447,11
35448,11
35449,11
35450,11
35451,11
35452,11
35453,11
35454,11
35455,11
35456,11
35457,11
35458,11
35459,11
35460,11
35461,11
35462,11
35463,11
35464,11
35465,11
35466,11
35467,11
35468,11
35469,11
35470,11
35471,11
35472,11
35473,11
35474,11
35475,11
35476,11
35477,11
35478,11
35479,11
35480,11
35481,11
35482,11
35483,11
35484,11
35485,11
35486,11
35487,11
35488,11
35489,11
35490,11
35491,11
35492,11
35493,11
35494,11
35495,11
35496,11
35497,11
35498,11
35499,11
35500,11
35501,11
35502,11
35503,11
35504,11
35505,11
35506,11
35507,11
35508,11
35509,11
35510,11
35511,11
35512,11
35513,11
35514,11
35515,11
35516,11
35517,11
35518,11
35519,11
35520,11
35521,11
35522,11
35523,11
35524,11
35525,11
35526,11
35527,11
35528,11
35529,11
35530,11
35531,11
35532,11
35533,11
35534,11
35535,11
35536,11
35537,11
35538,11
35539,11
35540,11
35541,11
35542,11
35543,11
35544,11
35545,11
35546,11
35547,11
35548,11
35549,11
35550,11
35551,11
35552,11
35553,11
35554,11
35555,11
35556,11
35557,11
35558,11
35559,11
35560,11
35561,11
35562,11
35563,11
35564,11
35565,11
35566,11
35567,11
35568,11
35569,11
35570,11
35571,11
35572,11
35573,11
35574,11
35575,11
35576,11
35577,11
35578,11
35579,11
35580,11
35581,11
35582,11
35583,11
35584,11
35585,11
35586,11
35587,11
35588,11
35589,11
35590,11
35591,11
35592,11
35593,11
35594,11
35595,11
35596,11
35597,11
35598,11
35599,11
35600,11
35601,11
35602,11
35603,11
35604,11
35605,11
35606,11
35607,11
35608,11
35609,11
35610,11
35611,11
35612,11
35613,11
35614,11
35615,11
35616,11
35617,11
35618,11
35619,11
35620,11
35621,11
35622,11
35623,11
35624,11
35625,11
35626,11
35627,11
35628,11
35629,11
35630,11
35631,11
35632,11
35633,11
35634,11
35635,11
35636,11
35637,11
35638,11
35639,11
35640,11
35641,11
35642,11
35643,11
35644,11
35645,11
35646,11
35647,11
35648,11
35649,11
35650,11
35651,11
35652,11
35653,11
35654,11
35655,11
35656,11
35657,11
35658,11
35659,11
35660,11
35661,11
35662,11
35663,11
35664,11
35665,11
35666,11
35667,11
35668,11
35669,11
35670,11
35671,11
35672,11
35673,11
35674,11
35675,11
35676,11
35677,11
35678,11
35679,11
35680,11
35681,11
35682,11
35683,11
35684,11
35685,11
35686,11
35687,11
35688,11
35689,11
35690,11
35691,11
35692,11
35693,11
35694,11
35695,11
35696,11
35697,11
35698,11
35699,11
35700,11
35701,11
35702,11
35703,11
35704,11
35705,11
35706,11
35707,11
35708,11
35709,11
35710,11
35711,11
35712,11
35713,11
35714,11
35715,11
35716,11
35717,11
35718,11
35719,11
35720,11
35721,11
35722,11
35723,11
35724,11
35725,11
35726,11
35727,11
35728,11
35729,11
35730,11
35731,11
35732,11
35733,11
35734,11
35735,11
35736,11
35737,11
35738,11
35739,11
35740,11
35741,11
35742,11
35743,11
35744,11
35745,11
35746,11
35747,11
35748,11
35749,11
35750,11
35751,11
35752,11
35753,11
35754,11
35755,11
35756,11
35757,11
35758,11
35759,11
35760,11
35761,11
35762,11
35763,11
35764,11
35765,11
35766,11
35767,11
35768,11
35769,11
35770,11
35771,11
35772,11
35773,11
35774,11
35775,11
35776,11
35777,11
35778,11
35779,11
35780,11
35781,11
35782,11
35783,11
35784,11
35785,11
35786,11
35787,11
35788,11
35789,11
35790,11
35791,11
35792,11
35793,11
35794,11
35795,11
35796,11
35797,11
35798,11
35799,11
35800,11
35801,11
35802,11
35803,11
35804,11
35805,11
35806,11
35807,11
35808,11
35809,11
35810,11
35811,11
35812,11
35813,11
35814,11
35815,11
35816,11
35817,11
35818,11
35819,11
35820,11
35821,11
35822,11
35823,11
35824,11
35825,11
35826,11
35827,11
35828,11
35829,11
35830,11
35831,11
35832,11
35833,11
35834,11
35835,11
35836,11
35837,11
35838,11
35839,11
35840,11
35841,11
35842,11
35843,11
35844,11
35845,11
35846,11
35847,11
35848,11
35849,11
35850,11
35851,11
35852,11
35853,11
35854,11
35855,11
35856,11
35857,11
35858,11
35859,11
35860,11
35861,11
35862,11
35863,11
35864,11
35865,11
35866,11
35867,11
35868,11
35869,11
35870,11
35871,11
35872,11
35873,11
35874,11
35875,11
35876,11
35877,11
35878,11
35879,11
35880,11
35881,11
35882,11
35883,11
35884,11
35885,11
35886,11
35887,11
35888,11
35889,11
35890,11
35891,11
35892,11
35893,11
35894,11
35895,11
35896,11
35897,11
35898,11
35899,11
35900,11
35901,11
35902,11
35903,11
35904,11
35905,11
35906,11
35907,11
35908,11
35909,11
35910,11
35911,11
35912,11
35913,11
35914,11
35915,11
35916,11
35917,11
35918,11
35919,11
35920,11
35921,11
35922,11
35923,11
35924,11
35925,11
35926,11
35927,11
35928,11
35929,11
35930,11
35931,11
35932,11
35933,11
35934,11
35935,11
35936,11
35937,11
35938,11
35939,11
35940,11
35941,11
35942,11
35943,11
35944,11
35945,11
35946,11
35947,11
35948,11
35949,11
35950,11
35951,11
35952,11
35953,11
35954,11
35955,11
35956,11
35957,11
35958,11
35959,11
35960,11
35961,11
35962,11
35963,11
35964,11
35965,11
35966,11
35967,11
35968,11
35969,11
35970,11
35971,11
35972,11
35973,11
35974,11
35975,11
35976,11
35977,11
35978,11
35979,11
35980,11
35981,11
35982,11
35983,11
35984,11
35985,11
35986,11
35987,11
35988,11
35989,11
35990,11
35991,11
35992,11
35993,11
35994,11
35995,11
35996,11
35997,11
35998,11
35999,10
36000,10
36001,10
36002,10
36003,10
36004,10
36005,10
36006,10
36007,10
36008,10
36009,10
36010,10
36011,10
36012,10
36013,10
36014,10
36015,10
36016,10
36017,10
36018,10
36019,10
36020,10
36021,10
36022,10
36023,10
36024,10
36025,10
36026,10
36027,10
36028,10
36029,10
36030,10
36031,10
36032,10
36033,10
36034,10
36035,10
36036,10
36037,10
36038,10
36039,10
36040,10
36041,10
36042,10
36043,10
36044,10
36045,10
36046,10
36047,10
36048,10
36049,10
36050,10
36051,10
36052,10
36053,10
36054,10
36055,10
36056,10
36057,10
36058,10
36059,10
36060,10
36061,10
36062,10
36063,10
36064,10
36065,10
36066,10
36067,10
36068,10
36069,10
36070,10
36071,10
36072,10
36073,10
36074,10
36075,10
36076,10
36077,10
36078,10
36079,10
36080,10
36081,10
36082,10
36083,10
36084,10
36085,10
36086,10
36087,10
36088,10
36089,10
36090,10
36091,10
36092,10
36093,10
36094,10
36095,10
36096,10
36097,10
36098,10
36099,10
36100,10
36101,10
36102,10
36103,10
36104,10
36105,10
36106,10
36107,10
36108,10
36109,10
36110,10
36111,10
36112,10
36113,10
36114,10
36115,10
36116,10
36117,10
36118,10
36119,10
36120,10
36121,10
36122,10
36123,10
36124,10
36125,10
36126,10
36127,10
36128,10
36129,10
36130,10
36131,10
36132,10
36133,10
36134,10
36135,10
36136,10
36137,10
36138,10
36139,10
36140,10
36141,10
36142,10
36143,10
36144,10
36145,10
36146,10
36147,10
36148,10
36149,10
36150,10
36151,10
36152,10
36153,10
36154,10
36155,10
36156,10
36157,10
36158,10
36159,10
36160,10
36161,10
36162,10
36163,10
36164,10
36165,10
36166,10
36167,10
36168,10
36169,10
36170,10
36171,10
36172,10
36173,10
36174,10
36175,10
36176,10
36177,10
36178,10
36179,10
36180,10
36181,10
36182,10
36183,10
36184,10
36185,10
36186,10
36187,10
36188,10
36189,10
36190,10
36191,10
36192,10
36193,10
36194,10
36195,10
36196,10
36197,10
36198,10
36199,10
36200,10
36201,10
36202,10
36203,10
36204,10
36205,10
36206,10
36207,10
36208,10
36209,10
36210,10
36211,10
36212,10
36213,10
36214,10
36215,10
36216,10
36217,10
36218,10
36219,10
36220,10
36221,10
36222,10
36223,10
36224,10
36225,10
36226,10
36227,10
36228,10
36229,10
36230,10
36231,10
36232,10
36233,10
36234,10
36235,10
36236,10
36237,10
36238,10
36239,10
36240,10
36241,10
36242,10
36243,10
36244,10
36245,10
36246,10
36247,10
36248,10
36249,10
36250,10
36251,10
36252,10
36253,10
36254,10
36255,10
36256,10
36257,10
36258,10
36259,10
36260,10
36261,10
36262,10
36263,10
36264,10
36265,10
36266,10
36267,10
36268,9
36269,9
36270,9
36271,9
36272,9
36273,9
36274,9
36275,9
36276,9
36277,9
36278,9
36279,9
36280,9
36281,9
36282,9
36283,9
36284,9
36285,9
36286,9
36287,9
36288,9
36289,9
36290,9
36291,9
36292,9
36293,9
36294,9
36295,9
36296,9
36297,9
36298,9
36299,9
36300,9
36301,9
36302,9
36303,9
36304,9
36305,9
36306,9
36307,9
36308,9
36309,9
36310,9
36311,9
36312,9
36313,9
36314,9
36315,9
36316,9
36317,9
36318,9
36319,9
36320,9
36321,9
36322,9
36323,9
36324,9
36325,9
36326,9
36327,9
36328,9
36329,9
36330,9
36331,9
36332,9
36333,9
36334,9
36335,9
36336,9
36337,9
36338,9
36339,9
36340,9
36341,9
36342,9
36343,9
36344,9
36345,9
36346,9
36347,9
36348,9
36349,9
36350,9
36351,9
36352,9
36353,9
36354,9
36355,9
36356,9
36357,9
36358,9
36359,9
36360,9
36361,9
36362,9
36363,9
36364,9
36365,9
36366,9
36367,9
36368,9
36369,9
36370,9
36371,9
36372,9
36373,9
36374,9
36375,9
36376,9
36377,9
36378,9
36379,9
36380,9
36381,9
36382,9
36383,9
36384,9
36385,9
36386,9
36387,9
36388,9
36389,9
36390,9
36391,9
36392,9
36393,9
36394,9
36395,9
36396,9
36397,9
36398,9
36399,9
36400,9
36401,9
36402,9
36403,9
36404,9
36405,9
36406,9
36407,9
36408,9
36409,9
36410,9
36411,9
36412,9
36413,9
36414,9
36415,9
36416,9
36417,9
36418,9
36419,9
36420,9
36421,9
36422,9
36423,9
36424,9
36425,9
36426,9
36427,9
36428,9
36429,9
36430,9
36431,9
36432,9
36433,9
36434,9
36435,9
36436,9
36437,9
36438,9
36439,9
36440,9
36441,9
36442,9
36443,9
36444,9
36445,9
36446,9
36447,9
36448,9
36449,9
36450,9
36451,9
36452,9
36453,9
36454,9
36455,9
36456,9
36457,9
36458,9
36459,9
36460,9
36461,9
36462,9
36463,9
36464,9
36465,9
36466,9
36467,9
36468,9
36469,9
36470,9
36471,9
36472,9
36473,9
36474,9
36475,9
36476,9
36477,9
36478,9
36479,9
36480,9
36481,9
36482,9
36483,9
36484,9
36485,9
36486,9
36487,9
36488,9
36489,9
36490,9
36491,9
36492,9
36493,9
36494,9
36495,9
36496,9
36497,9
36498,9
36499,9
36500,9
36501,9
36502,9
36503,9
36504,9
36505,9
36506,9
36507,9
36508,9
36509,9
36510,9
36511,9
36512,9
36513,9
36514,9
36515,9
36516,9
36517,9
36518,9
36519,9
36520,9
36521,9
36522,9
36523,9
36524,9
36525,9
36526,9
36527,9
36528,9
36529,9
36530,9
36531,9
36532,9
36533,9
36534,9
36535,9
36536,9
36537,9
36538,9
36539,9
36540,9
36541,9
36542,9
36543,9
36544,9
36545,9
36546,9
36547,9
36548,9
36549,9
36550,9
36551,9
36552,9
36553,9
36554,9
36555,9
36556,9
36557,9
36558,9
36559,9
36560,9
36561,9
36562,9
36563,9
36564,9
36565,9
36566,9
36567,9
36568,9
36569,9
36570,9
36571,9
36572,9
36573,9
36574,9
36575,9
36576,9
36577,9
36578,9
36579,9
36580,9
36581,9
36582,9
36583,9
36584,9
36585,9
36586,9
36587,9
36588,9
36589,9
36590,9
36591,9
36592,9
36593,9
36594,9
36595,9
36596,9
36597,9
36598,9
36599,9
36600,9
36601,9
36602,9
36603,9
36604,9
36605,9
36606,9
36607,9
36608,9
36609,9
36610,9
36611,9
36612,9
36613,9
36614,9
36615,9
36616,9
36617,9
36618,9
36619,9
36620,9
36621,9
36622,9
36623,9
36624,9
36625,9
36626,9
36627,9
36628,9
36629,9
36630,9
36631,9
36632,9
36633,9
36634,9
36635,9
36636,9
36637,9
36638,9
36639,9
36640,9
36641,9
36642,9
36643,9
36644,9
36645,9
36646,9
36647,9
36648,9
36649,9
36650,9
36651,9
36652,9
36653,9
36654,9
36655,9
36656,9
36657,9
36658,9
36659,9
36660,9
36661,9
36662,9
36663,9
36664,9
36665,9
36666,9
36667,9
36668,9
36669,9
36670,9
36671,9
36672,9
36673,9
36674,9
36675,9
36676,9
36677,9
36678,9
36679,8
36680,8
36681,8
36682,8
36683,8
36684,8
36685,8
36686,8
36687,8
36688,8
36689,8
36690,8
36691,8
36692,8
36693,8
36694,8
36695,8
36696,8
36697,8
36698,8
36699,8
36700,8
36701,8
36702,8
36703,8
36704,8
36705,8
36706,8
36707,8
36708,8
36709,8
36710,8
36711,8
36712,8
36713,8
36714,8
36715,8
36716,8
36717,8
36718,8
36719,8
36720,8
36721,8
36722,8
36723,8
36724,8
36725,8
36726,8
36727,8
36728,8
36729,8
36730,8
36731,8
36732,8
36733,8
36734,8
36735,8
36736,8
36737,8
36738,8
36739,8
36740,8
36741,8
36742,8
36743,8
36744,8
36745,8
36746,8
36747,8
36748,8
36749,8
36750,8
36751,8
36752,8
36753,8
36754,8
36755,8
36756,8
36757,8
36758,8
36759,8
36760,8
36761,8
36762,8
36763,8
36764,8
36765,8
36766,8
36767,8
36768,8
36769,8
36770,8
36771,8
36772,8
36773,8
36774,8
36775,8
36776,8
36777,8
36778,8
36779,8
36780,8
36781,8
36782,8
36783,8
36784,8
36785,8
36786,8
36787,8
36788,8
36789,8
36790,8
36791,8
36792,8
36793,8
36794,8
36795,8
36796,8
36797,8
36798,8
36799,8
36800,8
36801,8
36802,8
36803,8
36804,8
36805,8
36806,8
36807,8
36808,8
36809,8
36810,8
36811,8
36812,8
36813,8
36814,8
36815,8
36816,8
36817,8
36818,8
36819,8
36820,8
36821,8
36822,8
36823,8
36824,8
36825,8
36826,8
36827,8
36828,8
36829,8
36830,8
36831,8
36832,8
36833,8
36834,8
36835,8
36836,8
36837,8
36838,8
36839,8
36840,8
36841,8
36842,8
36843,8
36844,8
36845,8
36846,8
36847,8
36848,8
36849,8
36850,8
36851,8
36852,8
36853,8
36854,8
36855,8
36856,8
36857,8
36858,8
36859,8
36860,8
36861,8
36862,8
36863,8
36864,8
36865,8
36866,8
36867,8
36868,8
36869,8
36870,8
36871,8
36872,8
36873,8
36874,8
36875,8
36876,8
36877,8
36878,8
36879,8
36880,8
36881,8
36882,8
36883,8
36884,8
36885,8
36886,8
36887,8
36888,8
36889,8
36890,8
36891,8
36892,8
36893,8
36894,8
36895,8
36896,8
36897,8
36898,8
36899,8
36900,8
36901,8
36902,8
36903,8
36904,8
36905,8
36906,8
36907,8
36908,8
36909,8
36910,8
36911,8
36912,8
36913,8
36914,8
36915,8
36916,8
36917,8
36918,8
36919,8
36920,8
36921,8
36922,8
36923,8
36924,8
36925,8
36926,8
36927,8
36928,8
36929,8
36930,8
36931,8
36932,8
36933,8
36934,8
36935,8
36936,8
36937,8
36938,8
36939,8
36940,8
36941,8
36942,8
36943,8
36944,8
36945,8
36946,8
36947,8
36948,8
36949,8
36950,8
36951,8
36952,8
36953,8
36954,8
36955,8
36956,8
36957,8
36958,8
36959,8
36960,8
36961,8
36962,8
36963,8
36964,8
36965,8
36966,8
36967,8
36968,8
36969,8
36970,8
36971,8
36972,8
36973,8
36974,8
36975,8
36976,8
36977,8
36978,8
36979,8
36980,8
36981,8
36982,8
36983,8
36984,8
36985,8
36986,8
36987,8
36988,8
36989,8
36990,8
36991,8
36992,8
36993,8
36994,8
36995,8
36996,8
36997,8
36998,8
36999,8
37000,8
37001,8
37002,8
37003,8
37004,8
37005,8
37006,8
37007,8
37008,8
37009,8
37010,8
37011,8
37012,8
37013,8
37014,8
37015,8
37016,8
37017,8
37018,8
37019,8
37020,8
37021,8
37022,8
37023,8
37024,8
37025,8
37026,8
37027,8
37028,8
37029,8
37030,8
37031,8
37032,8
37033,8
37034,8
37035,8
37036,8
37037,8
37038,8
37039,8
37040,8
37041,8
37042,8
37043,8
37044,8
37045,8
37046,8
37047,8
37048,8
37049,8
37050,8
37051,8
37052,8
37053,8
37054,8
37055,8
37056,8
37057,8
37058,8
37059,8
37060,8
37061,8
37062,8
37063,8
37064,8
37065,8
37066,8
37067,8
37068,8
37069,8
37070,8
37071,8
37072,8
37073,8
37074,8
37075,8
37076,8
37077,8
37078,8
37079,8
37080,8
37081,8
37082,8
37083,8
37084,8
37085,8
37086,8
37087,8
37088,8
37089,8
37090,8
37091,8
37092,8
37093,8
37094,8
37095,8
37096,8
37097,8
37098,8
37099,8
37100,8
37101,8
37102,8
37103,8
37104,8
37105,8
37106,8
37107,8
37108,8
37109,8
37110,8
37111,8
37112,8
37113,8
37114,8
37115,8
37116,8
37117,8
37118,8
37119,8
37120,8
37121,8
37122,8
37123,8
37124,8
37125,8
37126,8
37127,8
37128,8
37129,8
37130,8
37131,8
37132,8
37133,8
37134,8
37135,8
37136,8
37137,8
37138,8
37139,8
37140,8
37141,8
37142,8
37143,8
37144,8
37145,8
37146,8
37147,8
37148,8
37149,8
37150,8
37151,8
37152,8
37153,8
37154,8
37155,8
37156,8
37157,8
37158,8
37159,8
37160,8
37161,8
37162,8
37163,8
37164,8
37165,8
37166,8
37167,8
37168,8
37169,8
37170,8
37171,8
37172,8
37173,8
37174,8
37175,8
37176,8
37177,8
37178,8
37179,8
37180,8
37181,8
37182,8
37183,8
37184,8
37185,8
37186,8
37187,8
37188,8
37189,8
37190,8
37191,8
37192,8
37193,8
37194,8
37195,8
37196,8
37197,8
37198,8
37199,8
37200,8
37201,8
37202,8
37203,8
37204,8
37205,8
37206,8
37207,8
37208,8
37209,8
37210,8
37211,8
37212,8
37213,8
37214,8
37215,8
37216,8
37217,8
37218,8
37219,8
37220,8
37221,8
37222,8
37223,8
37224,8
37225,8
37226,8
37227,8
37228,8
37229,8
37230,8
37231,8
37232,8
37233,8
37234,8
37235,8
37236,8
37237,8
37238,8
37239,8
37240,8
37241,8
37242,8
37243,8
37244,8
37245,8
37246,8
37247,8
37248,8
37249,8
37250,8
37251,8
37252,8
37253,8
37254,8
37255,8
37256,8
37257,8
37258,8
37259,8
37260,8
37261,8
37262,8
37263,8
37264,8
37265,8
37266,8
37267,8
37268,8
37269,8
37270,8
37271,8
37272,8
37273,8
37274,8
37275,8
37276,8
37277,8
37278,8
37279,8
37280,8
37281,8
37282,8
37283,8
37284,8
37285,8
37286,8
37287,8
37288,8
37289,7
37290,7
37291,7
37292,7
37293,7
37294,7
37295,7
37296,7
37297,7
37298,7
37299,7
37300,7
37301,7
37302,7
37303,7
37304,7
37305,7
37306,7
37307,7
37308,7
37309,7
37310,7
37311,7
37312,7
37313,7
37314,7
37315,7
37316,7
37317,7
37318,7
37319,7
37320,7
37321,7
37322,7
37323,7
37324,7
37325,7
37326,7
37327,7
37328,7
37329,7
37330,7
37331,7
37332,7
37333,7
37334,7
37335,7
37336,7
37337,7
37338,7
37339,7
37340,7
37341,7
37342,7
37343,7
37344,7
37345,7
37346,7
37347,7
37348,7
37349,7
37350,7
37351,7
37352,7
37353,7
37354,7
37355,7
37356,7
37357,7
37358,7
37359,7
37360,7
37361,7
37362,7
37363,7
37364,7
37365,7
37366,7
37367,7
37368,7
37369,7
37370,7
37371,7
37372,7
37373,7
37374,7
37375,7
37376,7
37377,7
37378,7
37379,7
37380,7
37381,7
37382,7
37383,7
37384,7
37385,7
37386,7
37387,7
37388,7
37389,7
37390,7
37391,7
37392,7
37393,7
37394,7
37395,7
37396,7
37397,7
37398,7
37399,7
37400,7
37401,7
37402,7
37403,7
37404,7
37405,7
37406,7
37407,7
37408,7
37409,7
37410,7
37411,7
37412,7
37413,7
37414,7
37415,7
37416,7
37417,7
37418,7
37419,7
37420,7
37421,7
37422,7
37423,7
37424,7
37425,7
37426,7
37427,7
37428,7
37429,7
37430,7
37431,7
37432,7
37433,7
37434,7
37435,7
37436,7
37437,7
37438,7
37439,7
37440,7
37441,7
37442,7
37443,7
37444,7
37445,7
37446,7
37447,7
37448,7
37449,7
37450,7
37451,7
37452,7
37453,7
37454,7
37455,7
37456,7
37457,7
37458,7
37459,7
37460,7
37461,7
37462,7
37463,7
37464,7
37465,7
37466,7
37467,7
37468,7
37469,7
37470,7
37471,7
37472,7
37473,7
37474,7
37475,7
37476,7
37477,7
37478,7
37479,7
37480,7
37481,7
37482,7
37483,7
37484,7
37485,7
37486,7
37487,7
37488,7
37489,7
37490,7
37491,7
37492,7
37493,7
37494,7
37495,7
37496,7
37497,7
37498,7
37499,7
37500,7
37501,7
37502,7
37503,7
37504,7
37505,7
37506,7
37507,7
37508,7
37509,7
37510,7
37511,7
37512,7
37513,7
37514,7
37515,7
37516,7
37517,7
37518,7
37519,7
37520,7
37521,7
37522,7
37523,7
37524,7
37525,7
37526,7
37527,7
37528,7
37529,7
37530,7
37531,7
37532,7
37533,7
37534,7
37535,7
37536,7
37537,7
37538,7
37539,7
37540,7
37541,7
37542,7
37543,7
37544,7
37545,7
37546,7
37547,7
37548,7
37549,7
37550,7
37551,7
37552,7
37553,7
37554,7
37555,7
37556,7
37557,7
37558,7
37559,7
37560,7
37561,7
37562,7
37563,7
37564,7
37565,7
37566,7
37567,7
37568,7
37569,7
37570,7
37571,7
37572,7
37573,7
37574,7
37575,7
37576,7
37577,7
37578,7
37579,7
37580,7
37581,7
37582,7
37583,7
37584,7
37585,7
37586,7
37587,7
37588,7
37589,7
37590,7
37591,7
37592,7
37593,7
37594,7
37595,7
37596,7
37597,7
37598,7
37599,7
37600,7
37601,7
37602,7
37603,7
37604,7
37605,7
37606,7
37607,7
37608,7
37609,7
37610,7
37611,7
37612,7
37613,7
37614,7
37615,7
37616,7
37617,7
37618,7
37619,7
37620,7
37621,7
37622,7
37623,7
37624,7
37625,7
37626,7
37627,7
37628,7
37629,7
37630,7
37631,7
37632,7
37633,7
37634,7
37635,7
37636,7
37637,7
37638,7
37639,7
37640,7
37641,7
37642,7
37643,7
37644,7
37645,7
37646,7
37647,7
37648,7
37649,7
37650,7
37651,7
37652,7
37653,7
37654,7
37655,7
37656,7
37657,7
37658,7
37659,7
37660,7
37661,7
37662,7
37663,7
37664,7
37665,7
37666,7
37667,7
37668,7
37669,7
37670,7
37671,7
37672,7
37673,7
37674,7
37675,7
37676,7
37677,7
37678,7
37679,7
37680,7
37681,7
37682,7
37683,7
37684,7
37685,7
37686,7
37687,7
37688,7
37689,7
37690,7
37691,7
37692,7
37693,7
37694,7
37695,7
37696,7
37697,7
37698,7
37699,7
37700,7
37701,7
37702,7
37703,7
37704,7
37705,7
37706,7
37707,7
37708,7
37709,7
37710,7
37711,7
37712,7
37713,7
37714,7
37715,7
37716,7
37717,7
37718,7
37719,7
37720,7
37721,7
37722,7
37723,7
37724,7
37725,7
37726,7
37727,7
37728,7
37729,7
37730,7
37731,7
37732,7
37733,7
37734,7
37735,7
37736,7
37737,7
37738,7
37739,7
37740,7
37741,7
37742,7
37743,7
37744,7
37745,7
37746,7
37747,7
37748,7
37749,7
37750,7
37751,7
37752,7
37753,7
37754,7
37755,7
37756,7
37757,7
37758,7
37759,7
37760,7
37761,7
37762,7
37763,7
37764,7
37765,7
37766,7
37767,7
37768,7
37769,7
37770,7
37771,7
37772,7
37773,7
37774,7
37775,7
37776,7
37777,7
37778,7
37779,7
37780,7
37781,7
37782,7
37783,7
37784,7
37785,7
37786,7
37787,7
37788,7
37789,7
37790,7
37791,7
37792,7
37793,7
37794,7
37795,7
37796,7
37797,7
37798,7
37799,7
37800,7
37801,7
37802,7
37803,7
37804,7
37805,7
37806,7
37807,7
37808,7
37809,7
37810,7
37811,7
37812,7
37813,7
37814,7
37815,7
37816,7
37817,7
37818,7
37819,7
37820,7
37821,7
37822,7
37823,7
37824,7
37825,7
37826,7
37827,7
37828,7
37829,7
37830,7
37831,7
37832,7
37833,7
37834,7
37835,7
37836,7
37837,7
37838,7
37839,7
37840,7
37841,7
37842,7
37843,7
37844,7
37845,7
37846,7
37847,7
37848,7
37849,7
37850,7
37851,7
37852,7
37853,7
37854,7
37855,7
37856,7
37857,7
37858,7
37859,7
37860,7
37861,7
37862,7
37863,7
37864,7
37865,7
37866,7
37867,7
37868,7
37869,7
37870,7
37871,7
37872,7
37873,7
37874,7
37875,7
37876,7
37877,7
37878,7
37879,7
37880,7
37881,7
37882,7
37883,7
37884,7
37885,7
37886,7
37887,7
37888,7
37889,7
37890,7
37891,7
37892,7
37893,7
37894,7
37895,7
37896,7
37897,7
37898,7
37899,7
37900,7
37901,7
37902,7
37903,7
37904,7
37905,7
37906,7
37907,7
37908,7
37909,7
37910,7
37911,7
37912,7
37913,7
37914,7
37915,7
37916,7
37917,7
37918,7
37919,7
37920,7
37921,7
37922,7
37923,7
37924,7
37925,7
37926,7
37927,7
37928,7
37929,7
37930,7
37931,7
37932,7
37933,7
37934,7
37935,7
37936,7
37937,7
37938,7
37939,7
37940,7
37941,7
37942,7
37943,7
37944,7
37945,7
37946,7
37947,7
37948,7
37949,7
37950,7
37951,7
37952,7
37953,7
37954,7
37955,7
37956,7
37957,7
37958,7
37959,7
37960,7
37961,7
37962,7
37963,7
37964,7
37965,7
37966,7
37967,7
37968,7
37969,7
37970,7
37971,7
37972,7
37973,7
37974,7
37975,7
37976,7
37977,7
37978,7
37979,7
37980,7
37981,7
37982,7
37983,7
37984,7
37985,7
37986,7
37987,7
37988,7
37989,7
37990,7
37991,7
37992,7
37993,7
37994,7
37995,7
37996,7
37997,7
37998,7
37999,7
38000,7
38001,7
38002,7
38003,7
38004,7
38005,7
38006,7
38007,7
38008,7
38009,7
38010,7
38011,7
38012,7
38013,7
38014,7
38015,7
38016,7
38017,7
38018,7
38019,7
38020,7
38021,7
38022,7
38023,7
38024,7
38025,7
38026,7
38027,7
38028,7
38029,7
38030,7
38031,7
38032,7
38033,7
38034,7
38035,7
38036,7
38037,7
38038,7
38039,7
38040,7
38041,7
38042,7
38043,7
38044,7
38045,7
38046,7
38047,7
38048,7
38049,7
38050,7
38051,7
38052,7
38053,7
38054,7
38055,7
38056,7
38057,7
38058,7
38059,7
38060,7
38061,7
38062,7
38063,7
38064,7
38065,7
38066,7
38067,7
38068,7
38069,7
38070,7
38071,7
38072,7
38073,7
38074,7
38075,7
38076,7
38077,7
38078,7
38079,7
38080,7
38081,7
38082,7
38083,7
38084,7
38085,7
38086,7
38087,7
38088,7
38089,7
38090,7
38091,7
38092,7
38093,7
38094,7
38095,7
38096,7
38097,7
38098,7
38099,7
38100,7
38101,7
38102,7
38103,7
38104,7
38105,7
38106,7
38107,7
38108,7
38109,7
38110,7
38111,7
38112,7
38113,7
38114,7
38115,7
38116,7
38117,7
38118,7
38119,7
38120,7
38121,7
38122,7
38123,7
38124,7
38125,7
38126,7
38127,7
38128,7
38129,7
38130,7
38131,7
38132,7
38133,7
38134,7
38135,7
38136,7
38137,7
38138,7
38139,7
38140,7
38141,7
38142,7
38143,7
38144,7
38145,7
38146,7
38147,7
38148,7
38149,7
38150,7
38151,7
38152,7
38153,7
38154,7
38155,7
38156,7
38157,7
38158,7
38159,7
38160,7
38161,7
38162,7
38163,7
38164,7
38165,7
38166,7
38167,7
38168,7
38169,7
38170,7
38171,7
38172,7
38173,7
38174,7
38175,7
38176,7
38177,7
38178,7
38179,7
38180,7
38181,7
38182,7
38183,7
38184,7
38185,7
38186,7
38187,7
38188,7
38189,7
38190,7
38191,7
38192,7
38193,7
38194,7
38195,7
38196,7
38197,7
38198,7
38199,7
38200,7
38201,7
38202,7
38203,7
38204,7
38205,7
38206,7
38207,7
38208,7
38209,7
38210,7
38211,7
38212,7
38213,7
38214,7
38215,7
38216,7
38217,7
38218,7
38219,7
38220,7
38221,7
38222,7
38223,7
38224,7
38225,7
38226,7
38227,7
38228,7
38229,7
38230,7
38231,7
38232,7
38233,7
38234,7
38235,7
38236,7
38237,7
38238,7
38239,7
38240,7
38241,7
38242,7
38243,7
38244,7
38245,7
38246,7
38247,7
38248,7
38249,7
38250,7
38251,7
38252,7
38253,7
38254,7
38255,7
38256,7
38257,7
38258,7
38259,7
38260,7
38261,7
38262,7
38263,7
38264,7
38265,7
38266,7
38267,7
38268,7
38269,7
38270,7
38271,7
38272,7
38273,7
38274,7
38275,7
38276,7
38277,7
38278,7
38279,7
38280,7
38281,7
38282,7
38283,7
38284,7
38285,7
38286,7
38287,7
38288,7
38289,7
38290,7
38291,7
38292,7
38293,7
38294,7
38295,7
38296,7
38297,7
38298,7
38299,7
38300,7
38301,7
38302,7
38303,7
38304,7
38305,7
38306,7
38307,7
38308,7
38309,7
38310,7
38311,7
38312,7
38313,7
38314,7
38315,7
38316,7
38317,7
38318,7
38319,7
38320,7
38321,7
38322,7
38323,7
38324,7
38325,7
38326,7
38327,7
38328,7
38329,7
38330,7
38331,7
38332,7
38333,7
38334,7
38335,7
38336,7
38337,7
38338,7
38339,7
38340,7
38341,7
38342,7
38343,7
38344,7
38345,7
38346,7
38347,7
38348,7
38349,7
38350,7
38351,7
38352,7
38353,7
38354,7
38355,7
38356,7
38357,7
38358,7
38359,7
38360,7
38361,7
38362,7
38363,7
38364,7
38365,7
38366,7
38367,7
38368,7
38369,7
38370,7
38371,7
38372,7
38373,7
38374,7
38375,7
38376,7
38377,7
38378,7
38379,7
38380,7
38381,7
38382,7
38383,7
38384,7
38385,7
38386,7
38387,7
38388,7
38389,7
38390,7
38391,7
38392,7
38393,7
38394,7
38395,7
38396,7
38397,7
38398,7
38399,7
38400,7
38401,7
38402,7
38403,7
38404,7
38405,7
38406,7
38407,7
38408,7
38409,7
38410,7
38411,7
38412,7
38413,7
38414,7
38415,7
38416,7
38417,7
38418,7
38419,7
38420,7
38421,7
38422,7
38423,7
38424,7
38425,7
38426,7
38427,7
38428,7
38429,7
38430,7
38431,7
38432,7
38433,7
38434,7
38435,7
38436,7
38437,7
38438,7
38439,7
38440,7
38441,7
38442,7
38443,7
38444,7
38445,7
38446,7
38447,7
38448,7
38449,7
38450,7
38451,7
38452,7
38453,7
38454,7
38455,7
38456,7
38457,7
38458,7
38459,7
38460,7
38461,7
38462,7
38463,7
38464,7
38465,7
38466,7
38467,7
38468,7
38469,7
38470,7
38471,7
38472,7
38473,7
38474,7
38475,7
38476,7
38477,7
38478,7
38479,7
38480,7
38481,7
38482,7
38483,7
38484,7
38485,7
38486,7
38487,7
38488,7
38489,7
38490,7
38491,7
38492,7
38493,7
38494,7
38495,7
38496,7
38497,7
38498,7
38499,7
38500,7
38501,7
38502,7
38503,7
38504,7
38505,7
38506,7
38507,7
38508,7
38509,7
38510,7
38511,7
38512,7
38513,7
38514,7
38515,7
38516,7
38517,7
38518,7
38519,7
38520,7
38521,7
38522,7
38523,7
38524,7
38525,7
38526,7
38527,7
38528,7
38529,7
38530,7
38531,7
38532,7
38533,7
38534,7
38535,7
38536,7
38537,7
38538,7
38539,7
38540,7
38541,7
38542,7
38543,7
38544,7
38545,7
38546,7
38547,7
38548,7
38549,7
38550,7
38551,7
38552,7
38553,7
38554,7
38555,7
38556,7
38557,7
38558,7
38559,7
38560,7
38561,7
38562,7
38563,7
38564,7
38565,7
38566,7
38567,7
38568,7
38569,7
38570,7
38571,7
38572,7
38573,7
38574,7
38575,7
38576,7
38577,7
38578,7
38579,7
38580,7
38581,7
38582,7
38583,7
38584,7
38585,7
38586,7
38587,7
38588,7
38589,7
38590,7
38591,7
38592,7
38593,7
38594,7
38595,7
38596,7
38597,7
38598,7
38599,7
38600,7
38601,7
38602,7
38603,7
38604,7
38605,7
38606,7
38607,7
38608,7
38609,7
38610,7
38611,7
38612,7
38613,7
38614,7
38615,7
38616,7
38617,7
38618,7
38619,7
38620,7
38621,7
38622,7
38623,7
38624,7
38625,7
38626,7
38627,7
38628,7
38629,7
38630,7
38631,7
38632,7
38633,7
38634,7
38635,7
38636,7
38637,7
38638,7
38639,7
38640,7
38641,7
38642,7
38643,7
38644,7
38645,7
38646,7
38647,7
38648,7
38649,7
38650,7
38651,7
38652,7
38653,7
38654,7
38655,7
38656,7
38657,7
38658,7
38659,7
38660,7
38661,7
38662,7
38663,7
38664,7
38665,7
38666,7
38667,7
38668,7
38669,7
38670,7
38671,7
38672,7
38673,7
38674,7
38675,7
38676,7
38677,7
38678,7
38679,7
38680,7
38681,7
38682,7
38683,7
38684,7
38685,7
38686,7
38687,7
38688,7
38689,7
38690,7
38691,7
38692,7
38693,7
38694,7
38695,7
38696,7
38697,7
38698,7
38699,7
38700,7
38701,7
38702,7
38703,7
38704,7
38705,7
38706,7
38707,7
38708,7
38709,7
38710,7
38711,7
38712,7
38713,7
38714,7
38715,7
38716,7
38717,7
38718,7
38719,7
38720,7
38721,7
38722,7
38723,7
38724,7
38725,7
38726,7
38727,7
38728,7
38729,7
38730,7
38731,7
38732,7
38733,7
38734,7
38735,7
38736,7
38737,7
38738,7
38739,7
38740,7
38741,7
38742,7
38743,7
38744,7
38745,7
38746,7
38747,7
38748,7
38749,7
38750,7
38751,7
38752,7
38753,7
38754,7
38755,7
38756,7
38757,7
38758,7
38759,7
38760,7
38761,7
38762,7
38763,7
38764,7
38765,7
38766,7
38767,7
38768,7
38769,7
38770,7
38771,7
38772,7
38773,7
38774,7
38775,7
38776,7
38777,7
38778,7
38779,7
38780,7
38781,7
38782,7
38783,7
38784,7
38785,7
38786,7
38787,7
38788,7
38789,7
38790,7
38791,7
38792,7
38793,7
38794,7
38795,7
38796,7
38797,7
38798,7
38799,7
38800,7
38801,7
38802,7
38803,7
38804,7
38805,7
38806,7
38807,7
38808,7
38809,7
38810,7
38811,7
38812,7
38813,7
38814,7
38815,7
38816,7
38817,7
38818,7
38819,7
38820,7
38821,7
38822,7
38823,7
38824,7
38825,7
38826,7
38827,7
38828,7
38829,7
38830,7
38831,7
38832,7
38833,7
38834,7
38835,7
38836,7
38837,7
38838,7
38839,7
38840,7
38841,7
38842,7
38843,7
38844,7
38845,7
38846,7
38847,7
38848,7
38849,7
38850,7
38851,7
38852,7
38853,7
38854,7
38855,7
38856,7
38857,7
38858,7
38859,7
38860,7
38861,7
38862,7
38863,7
38864,7
38865,7
38866,7
38867,7
38868,7
38869,7
38870,7
38871,7
38872,7
38873,7
38874,7
38875,7
38876,7
38877,7
38878,7
38879,7
38880,7
38881,7
38882,7
38883,7
38884,7
38885,7
38886,7
38887,7
38888,7
38889,7
38890,7
38891,7
38892,7
38893,7
38894,7
38895,7
38896,7
38897,7
38898,7
38899,7
38900,7
38901,7
38902,7
38903,7
38904,7
38905,7
38906,7
38907,7
38908,7
38909,7
38910,7
38911,7
38912,7
38913,7
38914,7
38915,7
38916,7
38917,7
38918,7
38919,7
38920,7
38921,7
38922,7
38923,7
38924,7
38925,7
38926,7
38927,7
38928,6
38929,6
38930,6
38931,6
38932,6
38933,6
38934,6
38935,6
38936,6
38937,6
38938,6
38939,6
38940,6
38941,6
38942,6
38943,6
38944,6
38945,6
38946,6
38947,6
38948,6
38949,6
38950,6
38951,6
38952,6
38953,6
38954,6
38955,6
38956,6
38957,6
38958,6
38959,6
38960,6
38961,6
38962,6
38963,6
38964,6
38965,6
38966,6
38967,6
38968,6
38969,6
38970,6
38971,6
38972,6
38973,6
38974,6
38975,6
38976,6
38977,6
38978,6
38979,6
38980,6
38981,6
38982,6
38983,6
38984,6
38985,6
38986,6
38987,6
38988,6
38989,6
38990,6
38991,6
38992,6
38993,6
38994,6
38995,6
38996,6
38997,6
38998,6
38999,6
39000,6
39001,6
39002,6
39003,6
39004,6
39005,6
39006,6
39007,6
39008,6
39009,6
39010,6
39011,6
39012,6
39013,6
39014,6
39015,6
39016,6
39017,6
39018,6
39019,6
39020,6
39021,6
39022,6
39023,6
39024,6
39025,6
39026,5
39027,5
39028,5
39029,5
39030,5
39031,5
39032,5
39033,5
39034,5
39035,5
39036,5
39037,5
39038,5
39039,5
39040,5
39041,5
39042,5
39043,5
39044,5
39045,5
39046,5
39047,5
39048,5
39049,5
39050,5
39051,5
39052,5
39053,5
39054,5
39055,5
39056,5
39057,5
39058,5
39059,5
39060,5
39061,5
39062,5
39063,5
39064,5
39065,5
39066,5
39067,5
39068,5
39069,5
39070,5
39071,5
39072,5
39073,5
39074,5
39075,5
39076,5
39077,5
39078,5
39079,5
39080,5
39081,5
39082,5
39083,5
39084,5
39085,5
39086,5
39087,5
39088,5
39089,5
39090,5
39091,5
39092,5
39093,5
39094,5
39095,5
39096,5
39097,5
39098,5
39099,5
39100,5
39101,5
39102,5
39103,5
39104,5
39105,5
39106,5
39107,5
39108,5
39109,5
39110,5
39111,5
39112,5
39113,5
39114,5
39115,5
39116,5
39117,5
39118,5
39119,5
39120,5
39121,5
39122,5
39123,5
39124,5
39125,5
39126,5
39127,5
39128,5
39129,5
39130,5
39131,5
39132,5
39133,5
39134,5
39135,5
39136,5
39137,5
39138,5
39139,5
39140,5
39141,5
39142,5
39143,5
39144,5
39145,5
39146,5
39147,5
39148,5
39149,5
39150,5
39151,5
39152,5
39153,5
39154,5
39155,5
39156,5
39157,5
39158,5
39159,5
39160,5
39161,5
39162,5
39163,5
39164,5
39165,5
39166,5
39167,5
39168,5
39169,5
39170,5
39171,5
39172,5
39173,5
39174,5
39175,5
39176,5
39177,5
39178,5
39179,5
39180,5
39181,5
39182,5
39183,5
39184,5
39185,5
39186,5
39187,5
39188,5
39189,5
39190,5
39191,5
39192,5
39193,5
39194,5
39195,5
39196,5
39197,5
39198,5
39199,5
39200,5
39201,5
39202,5
39203,5
39204,5
39205,5
39206,5
39207,5
39208,5
39209,5
39210,5
39211,5
39212,5
39213,5
39214,5
39215,5
39216,5
39217,5
39218,5
39219,5
39220,5
39221,5
39222,5
39223,5
39224,5
39225,5
39226,5
39227,5
39228,5
39229,5
39230,5
39231,5
39232,5
39233,5
39234,5
39235,5
39236,5
39237,5
39238,5
39239,5
39240,5
39241,5
39242,5
39243,5
39244,5
39245,5
39246,5
39247,5
39248,5
39249,5
39250,5
39251,5
39252,5
39253,5
39254,5
39255,5
39256,5
39257,5
39258,5
39259,5
39260,5
39261,5
39262,5
39263,5
39264,5
39265,5
39266,5
39267,5
39268,5
39269,5
39270,5
39271,5
39272,5
39273,5
39274,5
39275,5
39276,5
39277,5
39278,5
39279,5
39280,5
39281,5
39282,5
39283,5
39284,5
39285,5
39286,5
39287,5
39288,5
39289,5
39290,5
39291,5
39292,5
39293,5
39294,5
39295,5
39296,5
39297,5
39298,5
39299,5
39300,5
39301,5
39302,5
39303,5
39304,5
39305,5
39306,5
39307,5
39308,5
39309,5
39310,5
39311,5
39312,5
39313,5
39314,5
39315,5
39316,5
39317,5
39318,5
39319,5
39320,5
39321,5
39322,5
39323,5
39324,5
39325,5
39326,5
39327,5
39328,5
39329,5
39330,5
39331,5
39332,5
39333,5
39334,5
39335,5
39336,5
39337,5
39338,5
39339,5
39340,5
39341,5
39342,5
39343,5
39344,5
39345,5
39346,5
39347,5
39348,5
39349,5
39350,5
39351,5
39352,5
39353,5
39354,5
39355,5
39356,5
39357,5
39358,5
39359,5
39360,5
39361,5
39362,5
39363,5
39364,5
39365,5
39366,5
39367,5
39368,5
39369,5
39370,5
39371,5
39372,5
39373,5
39374,5
39375,5
39376,5
39377,5
39378,5
39379,5
39380,5
39381,5
39382,5
39383,5
39384,5
39385,5
39386,5
39387,5
39388,5
39389,5
39390,5
39391,5
39392,5
39393,5
39394,5
39395,5
39396,5
39397,5
39398,5
39399,5
39400,5
39401,5
39402,5
39403,5
39404,5
39405,5
39406,5
39407,5
39408,5
39409,5
39410,5
39411,5
39412,5
39413,5
39414,5
39415,5
39416,5
39417,5
39418,5
39419,5
39420,5
39421,5
39422,5
39423,5
39424,5
39425,5
39426,5
39427,5
39428,5
39429,5
39430,5
39431,5
39432,5
39433,5
39434,5
39435,5
39436,5
39437,5
39438,5
39439,5
39440,5
39441,5
39442,5
39443,5
39444,5
39445,5
39446,5
39447,5
39448,5
39449,5
39450,5
39451,5
39452,5
39453,5
39454,5
39455,5
39456,5
39457,5
39458,5
39459,5
39460,5
39461,5
39462,5
39463,5
39464,5
39465,5
39466,5
39467,5
39468,5
39469,5
39470,5
39471,5
39472,5
39473,5
39474,5
39475,5
39476,5
39477,5
39478,5
39479,5
39480,5
39481,5
39482,5
39483,5
39484,5
39485,5
39486,5
39487,5
39488,5
39489,5
39490,5
39491,5
39492,5
39493,5
39494,5
39495,5
39496,5
39497,5
39498,5
39499,5
39500,5
39501,5
39502,5
39503,5
39504,5
39505,5
39506,5
39507,5
39508,5
39509,5
39510,5
39511,5
39512,5
39513,5
39514,5
39515,5
39516,5
39517,5
39518,5
39519,5
39520,5
39521,5
39522,5
39523,5
39524,5
39525,5
39526,5
39527,5
39528,5
39529,5
39530,5
39531,5
39532,5
39533,5
39534,5
39535,5
39536,5
39537,5
39538,5
39539,5
39540,5
39541,5
39542,5
39543,5
39544,5
39545,5
39546,5
39547,5
39548,5
39549,5
39550,5
39551,5
39552,5
39553,5
39554,5
39555,5
39556,5
39557,5
39558,5
39559,5
39560,5
39561,5
39562,5
39563,5
39564,5
39565,5
39566,5
39567,5
39568,5
39569,5
39570,5
39571,5
39572,5
39573,5
39574,5
39575,5
39576,5
39577,5
39578,5
39579,5
39580,5
39581,5
39582,5
39583,5
39584,5
39585,5
39586,5
39587,5
39588,5
39589,5
39590,5
39591,5
39592,5
39593,5
39594,5
39595,5
39596,5
39597,5
39598,5
39599,5
39600,5
39601,5
39602,5
39603,5
39604,5
39605,5
39606,5
39607,5
39608,5
39609,5
39610,5
39611,5
39612,5
39613,5
39614,5
39615,5
39616,5
39617,5
39618,5
39619,5
39620,5
39621,5
39622,5
39623,5
39624,5
39625,5
39626,5
39627,5
39628,5
39629,5
39630,5
39631,5
39632,5
39633,5
39634,5
39635,5
39636,5
39637,5
39638,5
39639,5
39640,5
39641,5
39642,5
39643,5
39644,5
39645,5
39646,5
39647,5
39648,5
39649,5
39650,5
39651,5
39652,5
39653,5
39654,5
39655,5
39656,5
39657,5
39658,5
39659,5
39660,5
39661,5
39662,5
39663,5
39664,5
39665,5
39666,5
39667,5
39668,5
39669,5
39670,5
39671,5
39672,5
39673,5
39674,5
39675,5
39676,5
39677,5
39678,5
39679,5
39680,5
39681,5
39682,5
39683,5
39684,5
39685,5
39686,5
39687,5
39688,5
39689,5
39690,5
39691,5
39692,5
39693,5
39694,5
39695,5
39696,5
39697,5
39698,5
39699,5
39700,5
39701,5
39702,5
39703,5
39704,5
39705,5
39706,5
39707,5
39708,5
39709,5
39710,5
39711,5
39712,5
39713,5
39714,5
39715,5
39716,5
39717,5
39718,5
39719,5
39720,5
39721,5
39722,5
39723,5
39724,5
39725,5
39726,5
39727,5
39728,5
39729,5
39730,5
39731,5
39732,5
39733,5
39734,5
39735,5
39736,5
39737,5
39738,5
39739,5
39740,5
39741,5
39742,5
39743,5
39744,5
39745,5
39746,5
39747,5
39748,5
39749,5
39750,5
39751,5
39752,5
39753,5
39754,5
39755,5
39756,5
39757,5
39758,5
39759,5
39760,5
39761,5
39762,5
39763,5
39764,5
39765,5
39766,5
39767,5
39768,5
39769,5
39770,5
39771,5
39772,5
39773,5
39774,5
39775,5
39776,5
39777,5
39778,5
39779,5
39780,5
39781,5
39782,5
39783,5
39784,5
39785,5
39786,5
39787,5
39788,5
39789,5
39790,5
39791,5
39792,5
39793,5
39794,5
39795,5
39796,5
39797,5
39798,5
39799,5
39800,5
39801,5
39802,5
39803,5
39804,5
39805,5
39806,5
39807,5
39808,5
39809,5
39810,5
39811,5
39812,5
39813,5
39814,5
39815,5
39816,5
39817,5
39818,5
39819,5
39820,5
39821,5
39822,5
39823,5
39824,5
39825,5
39826,5
39827,5
39828,5
39829,5
39830,5
39831,5
39832,5
39833,5
39834,5
39835,5
39836,5
39837,5
39838,5
39839,5
39840,5
39841,5
39842,5
39843,5
39844,5
39845,5
39846,5
39847,5
39848,5
39849,5
39850,5
39851,5
39852,5
39853,5
39854,5
39855,5
39856,5
39857,5
39858,5
39859,5
39860,5
39861,5
39862,5
39863,5
39864,5
39865,5
39866,5
39867,5
39868,5
39869,5
39870,5
39871,5
39872,5
39873,5
39874,5
39875,5
39876,5
39877,5
39878,5
39879,5
39880,5
39881,5
39882,5
39883,5
39884,5
39885,5
39886,5
39887,5
39888,5
39889,5
39890,5
39891,5
39892,5
39893,5
39894,5
39895,5
39896,5
39897,5
39898,5
39899,5
39900,5
39901,5
39902,5
39903,5
39904,5
39905,5
39906,5
39907,5
39908,5
39909,5
39910,5
39911,5
39912,5
39913,5
39914,5
39915,5
39916,5
39917,5
39918,5
39919,5
39920,5
39921,5
39922,5
39923,5
39924,5
39925,5
39926,5
39927,5
39928,5
39929,5
39930,5
39931,5
39932,5
39933,5
39934,5
39935,5
39936,5
39937,5
39938,5
39939,5
39940,5
39941,5
39942,5
39943,5
39944,5
39945,5
39946,5
39947,5
39948,5
39949,5
39950,5
39951,5
39952,5
39953,5
39954,5
39955,5
39956,5
39957,5
39958,5
39959,5
39960,5
39961,5
39962,5
39963,5
39964,5
39965,5
39966,5
39967,5
39968,5
39969,5
39970,5
39971,5
39972,5
39973,5
39974,5
39975,5
39976,5
39977,5
39978,5
39979,5
39980,5
39981,5
39982,5
39983,5
39984,5
39985,5
39986,5
39987,5
39988,5
39989,5
39990,5
39991,5
39992,5
39993,5
39994,5
39995,5
39996,5
39997,5
39998,5
39999,5
40000,5
