{
  "lyapunov": {
    "burn_in_time": 0.2,
    "log_fraction": 0.8,
    "post_burn": {
      "log10_max": 0.027205052518002124,
      "log10_min": -9.874922878159976,
      "max": 1.0646455729089668,
      "min": 1.3337582593919705e-10
    },
    "pre_burn": {
      "log10_max": 0.027205052518002124,
      "log10_min": -10.000000263007907,
      "max": 1.0646455729089668,
      "min": 9.999993944020957e-11
    },
    "regression": {
      "intercept": -23.555275736338356,
      "log_base": "e",
      "lyapunov_estimate": 4.548273534459734,
      "point_count": 40465,
      "slope": 4.548273534459734
    },
    "rising_segment": {
      "end_index": 42464,
      "end_time": 4.2464,
      "start_index": 2000,
      "start_time": 0.2,
      "threshold_log10": -1.9532205336175927
    }
  },
  "metadata": {
    "delta_theta0": 1e-10,
    "dt": 0.0001,
    "initial_state": {
      "omega": 0.0,
      "theta": [
        -3.141592653589793,
        -3.1101767270538954,
        -3.078760800517997,
        -3.0473448739820994,
        -3.015928947446201,
        -2.9845130209103035,
        -2.9530970943744057,
        -2.9216811678385075,
        -2.8902652413026098,
        -2.8588493147667116,
        -2.827433388230814,
        -2.796017461694916,
        -2.764601535159018,
        -2.73318560862312,
        -2.701769682087222,
        -2.670353755551324,
        -2.6389378290154264,
        -2.607521902479528,
        -2.5761059759436304,
        -2.5446900494077322,
        -2.5132741228718345,
        -2.4818581963359367,
        -2.4504422698000385,
        -2.419026343264141,
        -2.3876104167282426,
        -2.356194490192345,
        -2.324778563656447,
        -2.293362637120549,
        -2.2619467105846507,
        -2.230530784048753,
        -2.199114857512855,
        -2.1676989309769574,
        -2.1362830044410592,
        -2.104867077905161,
        -2.0734511513692633,
        -2.0420352248333655,
        -2.0106192982974678,
        -1.9792033717615696,
        -1.9477874452256716,
        -1.9163715186897736,
        -1.8849555921538759,
        -1.853539665617978,
        -1.82212373908208,
        -1.790707812546182,
        -1.759291886010284,
        -1.727875959474386,
        -1.6964600329384882,
        -1.6650441064025903,
        -1.6336281798666923,
        -1.6022122533307943,
        -1.5707963267948963,
        -1.5393804002589986,
        -1.5079644737231006,
        -1.4765485471872026,
        -1.4451326206513047,
        -1.4137166941154067,
        -1.3823007675795087,
        -1.350884841043611,
        -1.319468914507713,
        -1.288052987971815,
        -1.256637061435917,
        -1.225221134900019,
        -1.1938052083641213,
        -1.1623892818282233,
        -1.1309733552923253,
        -1.0995574287564276,
        -1.0681415022205294,
        -1.0367255756846316,
        -1.0053096491487334,
        -0.9738937226128357,
        -0.9424777960769379,
        -0.9110618695410397,
        -0.879645943005142,
        -0.8482300164692438,
        -0.816814089933346,
        -0.7853981633974483,
        -0.7539822368615501,
        -0.7225663103256523,
        -0.6911503837897541,
        -0.6597344572538564,
        -0.6283185307179586,
        -0.5969026041820604,
        -0.5654866776461627,
        -0.5340707511102645,
        -0.5026548245743667,
        -0.4712388980384685,
        -0.43982297150257077,
        -0.408407044966673,
        -0.3769911184307748,
        -0.34557519189487707,
        -0.31415926535897887,
        -0.2827433388230811,
        -0.25132741228718336,
        -0.21991148575128516,
        -0.1884955592153874,
        -0.1570796326794892,
        -0.12566370614359146,
        -0.0942477796076937,
        -0.06283185307179551,
        -0.031415926535897754,
        4.440892098500626e-16,
        0.0314159265358982,
        0.06283185307179595,
        0.09424777960769415,
        0.1256637061435919,
        0.1570796326794901,
        0.18849555921538785,
        0.2199114857512856,
        0.2513274122871838,
        0.28274333882308156,
        0.31415926535897976,
        0.3455751918948775,
        0.3769911184307757,
        0.40840704496667346,
        0.4398229715025712,
        0.4712388980384694,
        0.5026548245743672,
        0.5340707511102654,
        0.5654866776461631,
        0.5969026041820609,
        0.6283185307179591,
        0.6597344572538568,
        0.691150383789755,
        0.7225663103256528,
        0.7539822368615505,
        0.7853981633974487,
        0.8168140899333465,
        0.8482300164692447,
        0.8796459430051424,
        0.9110618695410402,
        0.9424777960769379,
        0.9738937226128366,
        1.0053096491487343,
        1.036725575684632,
        1.0681415022205298,
        1.0995574287564276,
        1.1309733552923262,
        1.162389281828224,
        1.1938052083641217,
        1.2252211349000195,
        1.2566370614359172,
        1.2880529879718159,
        1.3194689145077136,
        1.3508848410436114,
        1.3823007675795091,
        1.413716694115407,
        1.4451326206513055,
        1.4765485471872033,
        1.507964473723101,
        1.5393804002589988,
        1.5707963267948966,
        1.6022122533307952,
        1.633628179866693,
        1.6650441064025907,
        1.6964600329384885,
        1.7278759594743862,
        1.7592918860102849,
        1.7907078125461826,
        1.8221237390820804,
        1.8535396656179781,
        1.8849555921538759,
        1.9163715186897745,
        1.9477874452256723,
        1.97920337176157,
        2.0106192982974678,
        2.0420352248333664,
        2.073451151369264,
        2.104867077905162,
        2.1362830044410597,
        2.1676989309769574,
        2.199114857512856,
        2.230530784048754,
        2.2619467105846516,
        2.2933626371205493,
        2.324778563656447,
        2.3561944901923457,
        2.3876104167282435,
        2.4190263432641412,
        2.450442269800039,
        2.4818581963359367,
        2.5132741228718354,
        2.544690049407733,
        2.576105975943631,
        2.6075219024795286,
        2.6389378290154264,
        2.670353755551325,
        2.701769682087223,
        2.7331856086231205,
        2.7646015351590183,
        2.796017461694916,
        2.8274333882308147,
        2.8588493147667124,
        2.89026524130261,
        2.921681167838508,
        2.9530970943744057,
        2.9845130209103043,
        3.015928947446202,
        3.0473448739821,
        3.0787608005179976,
        3.1101767270538954
      ],
      "vx": 0.0,
      "vy": 5.0,
      "x": 1.0,
      "y": 0.0
    },
    "mu": 39.47841760435743,
    "total_time": 10.0
  },
  "orbital_elements": {
    "eccentricity": 0.3667596390995122,
    "specific_angular_momentum": 5.000000000000045,
    "specific_energy": -26.978028074659047
  }
}