{
  "lyapunov": {
    "burn_in_time": 0.1,
    "log_fraction": 0.9,
    "post_burn": {
      "log10_max": -1.045426400250812,
      "log10_min": -6.00000001243939,
      "max": 0.09006863888564332,
      "min": 9.99999971357246e-7
    },
    "pre_burn": {
      "log10_max": -1.045426400250812,
      "log10_min": -6.00000001243939,
      "max": 0.09006863888564332,
      "min": 9.99999971357246e-7
    },
    "regression": {
      "intercept": -12.936284425483812,
      "log_base": "e",
      "lyapunov_estimate": 1.4315307889986757,
      "point_count": 70948,
      "slope": 1.4315307889986757
    },
    "rising_segment": {
      "end_index": 71947,
      "end_time": 7.1947,
      "start_index": 1000,
      "start_time": 0.1,
      "threshold_log10": -1.5408837614696695
    }
  },
  "metadata": {
    "delta_theta0": 1e-6,
    "dt": 0.0001,
    "initial_state": {
      "omega": 0.0,
      "theta": [
        -3.141592653589793,
        -2.748893571891069,
        -2.356194490192345,
        -1.9634954084936207,
        -1.5707963267948966,
        -1.1780972450961724,
        -0.7853981633974483,
        -0.39269908169872414,
        0.0,
        0.39269908169872414,
        0.7853981633974483,
        1.178097245096172,
        1.5707963267948966,
        1.9634954084936211,
        2.356194490192345,
        2.7488935718910685
      ],
      "vx": 0.0,
      "vy": 7.0344827586206895,
      "x": 1.0,
      "y": 0.0
    },
    "mu": 39.47841760435743,
    "total_time": 10.0
  },
  "orbital_elements": {
    "eccentricity": 0.25346763079813134,
    "specific_angular_momentum": 7.034482758620571,
    "specific_energy": -14.73624744044886
  }
}