{
  "metadata": {
    "delta_theta0": 0.01,
    "dt": 0.0001,
    "initial_state": {
      "omega": 0.0,
      "theta": 0.0,
      "vx": 0.0,
      "vy": 5.0,
      "x": 1.0,
      "y": 0.0
    },
    "mu": 39.47841760435743,
    "total_time": 10.0
  },
  "orbital_elements": {
    "eccentricity": 0.3667596390995122,
    "specific_angular_momentum": 5.000000000000045,
    "specific_energy": -26.978028074659047
  }
}